9,1,54,5,9,"getopt_long@66-74@crypto_codebases/nettle/nettle_2010/ccn_lib/getopt1.c","crypto_codebases/nettle/nettle_2010/ccn_lib/getopt1.c","getopt_long","getopt_long( argc , argv , options , long_options , opt_index) const const",66,74
9,1,54,5,9,"getopt_long_only@82-90@crypto_codebases/nettle/nettle_2010/ccn_lib/getopt1.c","crypto_codebases/nettle/nettle_2010/ccn_lib/getopt1.c","getopt_long_only","getopt_long_only( argc , argv , options , long_options , opt_index) const const",82,90
74,25,342,2,86,"main@100-185@crypto_codebases/nettle/nettle_2010/ccn_lib/getopt1.c","crypto_codebases/nettle/nettle_2010/ccn_lib/getopt1.c","main","main( argc , argv)",100,185
18,2,134,4,19,"arcfour_crypt@35-53@crypto_codebases/nettle/nettle_2010/ccn_lib/arcfour-crypt.c","crypto_codebases/nettle/nettle_2010/ccn_lib/arcfour-crypt.c","arcfour_crypt","arcfour_crypt( struct arcfour_ctx * ctx , unsigned length , uint8_t * dst , const uint8_t * src)",35,53
27,2,217,6,40,"hmac_set_key@42-81@crypto_codebases/nettle/nettle_2010/ccn_lib/hmac.c","crypto_codebases/nettle/nettle_2010/ccn_lib/hmac.c","hmac_set_key","hmac_set_key( void * outer , void * inner , void * state , const struct nettle_hash * hash , unsigned key_length , const uint8_t * key)",42,81
6,1,33,4,6,"hmac_update@84-89@crypto_codebases/nettle/nettle_2010/ccn_lib/hmac.c","crypto_codebases/nettle/nettle_2010/ccn_lib/hmac.c","hmac_update","hmac_update( void * state , const struct nettle_hash * hash , unsigned length , const uint8_t * data)",84,89
12,1,108,6,16,"hmac_digest@92-107@crypto_codebases/nettle/nettle_2010/ccn_lib/hmac.c","crypto_codebases/nettle/nettle_2010/ccn_lib/hmac.c","hmac_digest","hmac_digest( const void * outer , const void * inner , void * state , const struct nettle_hash * hash , unsigned length , uint8_t * dst)",92,107
9,1,61,1,11,"md4_init@53-63@crypto_codebases/nettle/nettle_2010/ccn_lib/md4.c","crypto_codebases/nettle/nettle_2010/ccn_lib/md4.c","md4_init","md4_init( struct md4_ctx * ctx)",53,63
30,5,144,3,32,"md4_update@66-97@crypto_codebases/nettle/nettle_2010/ccn_lib/md4.c","crypto_codebases/nettle/nettle_2010/ccn_lib/md4.c","md4_update","md4_update( struct md4_ctx * ctx , unsigned length , const uint8_t * data)",66,97
24,4,137,3,33,"md4_digest@100-132@crypto_codebases/nettle/nettle_2010/ccn_lib/md4.c","crypto_codebases/nettle/nettle_2010/ccn_lib/md4.c","md4_digest","md4_digest( struct md4_ctx * ctx , unsigned length , uint8_t * digest)",100,132
60,1,1102,2,64,"md4_transform@145-208@crypto_codebases/nettle/nettle_2010/ccn_lib/md4.c","crypto_codebases/nettle/nettle_2010/ccn_lib/md4.c","md4_transform","md4_transform( uint32_t * digest , const uint32_t * data)",145,208
10,3,72,2,15,"md4_block@211-225@crypto_codebases/nettle/nettle_2010/ccn_lib/md4.c","crypto_codebases/nettle/nettle_2010/ccn_lib/md4.c","md4_block","md4_block( struct md4_ctx * ctx , const uint8_t * block)",211,225
28,7,246,1,42,"md4_final@231-272@crypto_codebases/nettle/nettle_2010/ccn_lib/md4.c","crypto_codebases/nettle/nettle_2010/ccn_lib/md4.c","md4_final","md4_final( struct md4_ctx * ctx)",231,272
56,16,323,6,87,"nettle_next_prime@74-160@crypto_codebases/nettle/nettle_2010/ccn_lib/bignum-next-prime.c","crypto_codebases/nettle/nettle_2010/ccn_lib/bignum-next-prime.c","nettle_next_prime","nettle_next_prime( mpz_t p , mpz_t n , unsigned count , unsigned prime_limit , void * progress_ctx , nettle_progress_func progress)",74,160
8,2,41,2,9,"pgp_put_uint32@42-50@crypto_codebases/nettle/nettle_2010/ccn_lib/pgp-encode.c","crypto_codebases/nettle/nettle_2010/ccn_lib/pgp-encode.c","pgp_put_uint32","pgp_put_uint32( struct nettle_buffer * buffer , uint32_t i)",42,50
8,2,41,2,9,"pgp_put_uint16@53-61@crypto_codebases/nettle/nettle_2010/ccn_lib/pgp-encode.c","crypto_codebases/nettle/nettle_2010/ccn_lib/pgp-encode.c","pgp_put_uint16","pgp_put_uint16( struct nettle_buffer * buffer , unsigned i)",53,61
13,3,80,2,20,"pgp_put_mpi@64-83@crypto_codebases/nettle/nettle_2010/ccn_lib/pgp-encode.c","crypto_codebases/nettle/nettle_2010/ccn_lib/pgp-encode.c","pgp_put_mpi","pgp_put_mpi( struct nettle_buffer * buffer , const mpz_t x)",64,83
6,1,27,3,6,"pgp_put_string@86-91@crypto_codebases/nettle/nettle_2010/ccn_lib/pgp-encode.c","crypto_codebases/nettle/nettle_2010/ccn_lib/pgp-encode.c","pgp_put_string","pgp_put_string( struct nettle_buffer * buffer , unsigned length , const uint8_t * s)",86,91
8,3,30,1,8,"length_field@95-102@crypto_codebases/nettle/nettle_2010/ccn_lib/pgp-encode.c","crypto_codebases/nettle/nettle_2010/ccn_lib/pgp-encode.c","length_field","length_field( unsigned length)",95,102
10,4,59,2,11,"pgp_put_length@112-122@crypto_codebases/nettle/nettle_2010/ccn_lib/pgp-encode.c","crypto_codebases/nettle/nettle_2010/ccn_lib/pgp-encode.c","pgp_put_length","pgp_put_length( struct nettle_buffer * buffer , unsigned length)",112,122
7,2,41,3,8,"pgp_put_header@126-133@crypto_codebases/nettle/nettle_2010/ccn_lib/pgp-encode.c","crypto_codebases/nettle/nettle_2010/ccn_lib/pgp-encode.c","pgp_put_header","pgp_put_header( struct nettle_buffer * buffer , unsigned tag , unsigned length)",126,133
26,5,138,3,27,"pgp_put_header_length@138-164@crypto_codebases/nettle/nettle_2010/ccn_lib/pgp-encode.c","crypto_codebases/nettle/nettle_2010/ccn_lib/pgp-encode.c","pgp_put_header_length","pgp_put_header_length( struct nettle_buffer * buffer , unsigned start , unsigned field_size)",138,164
7,2,38,3,7,"pgp_put_userid@167-173@crypto_codebases/nettle/nettle_2010/ccn_lib/pgp-encode.c","crypto_codebases/nettle/nettle_2010/ccn_lib/pgp-encode.c","pgp_put_userid","pgp_put_userid( struct nettle_buffer * buffer , unsigned length , const uint8_t * name)",167,173
4,2,23,1,4,"pgp_sub_packet_start@176-179@crypto_codebases/nettle/nettle_2010/ccn_lib/pgp-encode.c","crypto_codebases/nettle/nettle_2010/ccn_lib/pgp-encode.c","pgp_sub_packet_start","pgp_sub_packet_start( struct nettle_buffer * buffer)",176,179
9,3,48,4,9,"pgp_put_sub_packet@182-190@crypto_codebases/nettle/nettle_2010/ccn_lib/pgp-encode.c","crypto_codebases/nettle/nettle_2010/ccn_lib/pgp-encode.c","pgp_put_sub_packet","pgp_put_sub_packet( struct nettle_buffer * buffer , unsigned type , unsigned length , const uint8_t * data)",182,190
8,1,52,2,10,"pgp_sub_packet_end@193-202@crypto_codebases/nettle/nettle_2010/ccn_lib/pgp-encode.c","crypto_codebases/nettle/nettle_2010/ccn_lib/pgp-encode.c","pgp_sub_packet_end","pgp_sub_packet_end( struct nettle_buffer * buffer , unsigned start)",193,202
23,8,137,3,32,"pgp_put_public_rsa_key@205-236@crypto_codebases/nettle/nettle_2010/ccn_lib/pgp-encode.c","crypto_codebases/nettle/nettle_2010/ccn_lib/pgp-encode.c","pgp_put_public_rsa_key","pgp_put_public_rsa_key( struct nettle_buffer * buffer , const struct rsa_public_key * pub , time_t timestamp)",205,236
52,11,297,5,71,"pgp_put_rsa_sha1_signature@239-309@crypto_codebases/nettle/nettle_2010/ccn_lib/pgp-encode.c","crypto_codebases/nettle/nettle_2010/ccn_lib/pgp-encode.c","pgp_put_rsa_sha1_signature","pgp_put_rsa_sha1_signature( struct nettle_buffer * buffer , const struct rsa_private_key * key , const uint8_t * keyid , unsigned type , struct sha1_ctx * hash)",239,309
18,4,94,2,19,"pgp_crc24@315-333@crypto_codebases/nettle/nettle_2010/ccn_lib/pgp-encode.c","crypto_codebases/nettle/nettle_2010/ccn_lib/pgp-encode.c","pgp_crc24","pgp_crc24( unsigned length , const uint8_t * data)",315,333
54,14,306,4,72,"pgp_armor@343-414@crypto_codebases/nettle/nettle_2010/ccn_lib/pgp-encode.c","crypto_codebases/nettle/nettle_2010/ccn_lib/pgp-encode.c","pgp_armor","pgp_armor( struct nettle_buffer * buffer , const char * tag , unsigned length , const uint8_t * data)",343,414
7,1,69,4,7,"des_compat_des3_encrypt@42-48@crypto_codebases/nettle/nettle_2010/ccn_lib/des-compat.c","crypto_codebases/nettle/nettle_2010/ccn_lib/des-compat.c","des_compat_des3_encrypt","des_compat_des3_encrypt( struct des_compat_des3 * ctx , uint32_t length , uint8_t * dst , const uint8_t * src)",42,48
7,1,69,4,7,"des_compat_des3_decrypt@51-57@crypto_codebases/nettle/nettle_2010/ccn_lib/des-compat.c","crypto_codebases/nettle/nettle_2010/ccn_lib/des-compat.c","des_compat_des3_decrypt","des_compat_des3_decrypt( struct des_compat_des3 * ctx , uint32_t length , uint8_t * dst , const uint8_t * src)",51,57
12,2,79,6,13,"des_ecb3_encrypt@60-72@crypto_codebases/nettle/nettle_2010/ccn_lib/des-compat.c","crypto_codebases/nettle/nettle_2010/ccn_lib/des-compat.c","des_ecb3_encrypt","des_ecb3_encrypt( const_des_cblock * src , des_cblock * dst , des_key_schedule k1 , des_key_schedule k2 , des_key_schedule k3 , int enc)",60,72
21,3,121,5,28,"des_cbc_cksum@79-106@crypto_codebases/nettle/nettle_2010/ccn_lib/des-compat.c","crypto_codebases/nettle/nettle_2010/ccn_lib/des-compat.c","des_cbc_cksum","des_cbc_cksum( const uint8_t * src , des_cblock * dst , long length , des_key_schedule ctx , const_des_cblock * iv)",79,106
21,3,95,6,21,"des_ncbc_encrypt@109-129@crypto_codebases/nettle/nettle_2010/ccn_lib/des-compat.c","crypto_codebases/nettle/nettle_2010/ccn_lib/des-compat.c","des_ncbc_encrypt","des_ncbc_encrypt( const_des_cblock * src , des_cblock * dst , long length , des_key_schedule ctx , des_cblock * iv , int enc)",109,129
8,1,53,6,10,"des_cbc_encrypt@132-141@crypto_codebases/nettle/nettle_2010/ccn_lib/des-compat.c","crypto_codebases/nettle/nettle_2010/ccn_lib/des-compat.c","des_cbc_encrypt","des_cbc_encrypt( const_des_cblock * src , des_cblock * dst , long length , des_key_schedule ctx , const_des_cblock * civ , int enc)",132,141
7,2,41,4,7,"des_ecb_encrypt@145-151@crypto_codebases/nettle/nettle_2010/ccn_lib/des-compat.c","crypto_codebases/nettle/nettle_2010/ccn_lib/des-compat.c","des_ecb_encrypt","des_ecb_encrypt( const_des_cblock * src , des_cblock * dst , des_key_schedule ctx , int enc)",145,151
27,3,134,8,28,"des_ede3_cbc_encrypt@154-181@crypto_codebases/nettle/nettle_2010/ccn_lib/des-compat.c","crypto_codebases/nettle/nettle_2010/ccn_lib/des-compat.c","des_ede3_cbc_encrypt","des_ede3_cbc_encrypt( const_des_cblock * src , des_cblock * dst , long length , des_key_schedule k1 , des_key_schedule k2 , des_key_schedule k3 , des_cblock * iv , int enc)",154,181
5,1,22,1,7,"des_set_odd_parity@184-190@crypto_codebases/nettle/nettle_2010/ccn_lib/des-compat.c","crypto_codebases/nettle/nettle_2010/ccn_lib/des-compat.c","des_set_odd_parity","des_set_odd_parity( des_cblock * key)",184,190
29,7,108,2,36,"des_key_sched@203-238@crypto_codebases/nettle/nettle_2010/ccn_lib/des-compat.c","crypto_codebases/nettle/nettle_2010/ccn_lib/des-compat.c","des_key_sched","des_key_sched( const_des_cblock * key , des_key_schedule ctx)",203,238
5,1,23,1,6,"des_is_weak_key@241-246@crypto_codebases/nettle/nettle_2010/ccn_lib/des-compat.c","crypto_codebases/nettle/nettle_2010/ccn_lib/des-compat.c","des_is_weak_key","des_is_weak_key( const_des_cblock * key)",241,246
8,1,49,3,10,"rsa_sha1_sign@38-47@crypto_codebases/nettle/nettle_2010/ccn_lib/rsa-sha1-sign.c","crypto_codebases/nettle/nettle_2010/ccn_lib/rsa-sha1-sign.c","rsa_sha1_sign","rsa_sha1_sign( const struct rsa_private_key * key , struct sha1_ctx * hash , mpz_t s)",38,47
8,1,49,3,10,"rsa_sha1_sign_digest@50-59@crypto_codebases/nettle/nettle_2010/ccn_lib/rsa-sha1-sign.c","crypto_codebases/nettle/nettle_2010/ccn_lib/rsa-sha1-sign.c","rsa_sha1_sign_digest","rsa_sha1_sign_digest( const struct rsa_private_key * key , const uint8_t * digest , mpz_t s)",50,59
19,4,106,2,23,"nettle_buffer_grow@37-59@crypto_codebases/nettle/nettle_2010/ccn_lib/buffer.c","crypto_codebases/nettle/nettle_2010/ccn_lib/buffer.c","nettle_buffer_grow","nettle_buffer_grow( struct nettle_buffer * buffer , unsigned length)",37,59
10,1,46,3,10,"nettle_buffer_init_realloc@62-71@crypto_codebases/nettle/nettle_2010/ccn_lib/buffer.c","crypto_codebases/nettle/nettle_2010/ccn_lib/buffer.c","nettle_buffer_init_realloc","nettle_buffer_init_realloc( struct nettle_buffer * buffer , void * realloc_ctx , nettle_realloc_func realloc)",62,71
9,1,46,3,9,"nettle_buffer_init_size@74-82@crypto_codebases/nettle/nettle_2010/ccn_lib/buffer.c","crypto_codebases/nettle/nettle_2010/ccn_lib/buffer.c","nettle_buffer_init_size","nettle_buffer_init_size( struct nettle_buffer * buffer , unsigned length , uint8_t * space)",74,82
8,2,48,1,9,"nettle_buffer_clear@85-93@crypto_codebases/nettle/nettle_2010/ccn_lib/buffer.c","crypto_codebases/nettle/nettle_2010/ccn_lib/buffer.c","nettle_buffer_clear","nettle_buffer_clear( struct nettle_buffer * buffer)",85,93
4,1,15,1,4,"nettle_buffer_reset@96-99@crypto_codebases/nettle/nettle_2010/ccn_lib/buffer.c","crypto_codebases/nettle/nettle_2010/ccn_lib/buffer.c","nettle_buffer_reset","nettle_buffer_reset( struct nettle_buffer * buffer)",96,99
10,2,48,2,12,"nettle_buffer_space@102-113@crypto_codebases/nettle/nettle_2010/ccn_lib/buffer.c","crypto_codebases/nettle/nettle_2010/ccn_lib/buffer.c","nettle_buffer_space","nettle_buffer_space( struct nettle_buffer * buffer , unsigned length)",102,113
12,2,50,3,12,"nettle_buffer_write@116-127@crypto_codebases/nettle/nettle_2010/ccn_lib/buffer.c","crypto_codebases/nettle/nettle_2010/ccn_lib/buffer.c","nettle_buffer_write","nettle_buffer_write( struct nettle_buffer * buffer , unsigned length , const uint8_t * data)",116,127
5,1,29,2,5,"nettle_buffer_copy@130-134@crypto_codebases/nettle/nettle_2010/ccn_lib/buffer.c","crypto_codebases/nettle/nettle_2010/ccn_lib/buffer.c","nettle_buffer_copy","nettle_buffer_copy( struct nettle_buffer * dst , const struct nettle_buffer * src)",130,134
9,2,38,1,12,"xtime@37-48@crypto_codebases/nettle/nettle_2010/ccn_lib/aes-set-encrypt-key.c","crypto_codebases/nettle/nettle_2010/ccn_lib/aes-set-encrypt-key.c","xtime","xtime( unsigned x)",37,48
40,8,293,3,45,"aes_set_encrypt_key@51-95@crypto_codebases/nettle/nettle_2010/ccn_lib/aes-set-encrypt-key.c","crypto_codebases/nettle/nettle_2010/ccn_lib/aes-set-encrypt-key.c","aes_set_encrypt_key","aes_set_encrypt_key( struct aes_ctx * ctx , unsigned keysize , const uint8_t * key)",51,95
26,5,196,2,32,"main@19-50@crypto_codebases/nettle/nettle_2010/ccn_lib/shadata.c","crypto_codebases/nettle/nettle_2010/ccn_lib/shadata.c","main","main( int argc UNUSED , char ** argv UNUSED)",19,50
11,1,78,3,13,"pkcs1_rsa_sha256_encode@63-75@crypto_codebases/nettle/nettle_2010/ccn_lib/pkcs1-rsa-sha256.c","crypto_codebases/nettle/nettle_2010/ccn_lib/pkcs1-rsa-sha256.c","pkcs1_rsa_sha256_encode","pkcs1_rsa_sha256_encode( mpz_t m , unsigned length , struct sha256_ctx * hash)",63,75
11,1,78,3,13,"pkcs1_rsa_sha256_encode_digest@78-90@crypto_codebases/nettle/nettle_2010/ccn_lib/pkcs1-rsa-sha256.c","crypto_codebases/nettle/nettle_2010/ccn_lib/pkcs1-rsa-sha256.c","pkcs1_rsa_sha256_encode_digest","pkcs1_rsa_sha256_encode_digest( mpz_t m , unsigned length , const uint8_t * digest)",78,90
29,6,185,4,41,"rsa_decrypt@40-80@crypto_codebases/nettle/nettle_2010/ccn_lib/rsa-decrypt.c","crypto_codebases/nettle/nettle_2010/ccn_lib/rsa-decrypt.c","rsa_decrypt","rsa_decrypt( const struct rsa_private_key * key , unsigned * length , uint8_t * message , const mpz_t gibberish)",40,80
13,4,66,3,13,"gf_multiply@145-157@crypto_codebases/nettle/nettle_2010/ccn_lib/twofish.c","crypto_codebases/nettle/nettle_2010/ccn_lib/twofish.c","gf_multiply","gf_multiply( uint8_t p , uint8_t a , uint8_t b)",145,157
15,2,185,2,15,"compute_s@180-194@crypto_codebases/nettle/nettle_2010/ccn_lib/twofish.c","crypto_codebases/nettle/nettle_2010/ccn_lib/twofish.c","compute_s","compute_s( uint32_t m1 , uint32_t m2)",180,194
11,3,187,7,12,"h_byte@229-240@crypto_codebases/nettle/nettle_2010/ccn_lib/twofish.c","crypto_codebases/nettle/nettle_2010/ccn_lib/twofish.c","h_byte","h_byte( int k , int i , uint8_t x , uint8_t l0 , uint8_t l1 , uint8_t l2 , uint8_t l3)",229,240
7,1,129,6,7,"h@248-254@crypto_codebases/nettle/nettle_2010/ccn_lib/twofish.c","crypto_codebases/nettle/nettle_2010/ccn_lib/twofish.c","h","h( int k , uint8_t x , uint32_t l0 , uint32_t l1 , uint32_t l2 , uint32_t l3)",248,254
36,8,374,3,51,"twofish_set_key@273-323@crypto_codebases/nettle/nettle_2010/ccn_lib/twofish.c","crypto_codebases/nettle/nettle_2010/ccn_lib/twofish.c","twofish_set_key","twofish_set_key( struct twofish_ctx * context , unsigned keysize , const uint8_t * key)",273,323
51,5,582,4,58,"twofish_encrypt@336-393@crypto_codebases/nettle/nettle_2010/ccn_lib/twofish.c","crypto_codebases/nettle/nettle_2010/ccn_lib/twofish.c","twofish_encrypt","twofish_encrypt( struct twofish_ctx * context , unsigned length , uint8_t * ciphertext , const uint8_t * plaintext)",336,393
51,5,582,4,59,"twofish_decrypt@406-464@crypto_codebases/nettle/nettle_2010/ccn_lib/twofish.c","crypto_codebases/nettle/nettle_2010/ccn_lib/twofish.c","twofish_decrypt","twofish_decrypt( struct twofish_ctx * context , unsigned length , uint8_t * plaintext , const uint8_t * ciphertext)",406,464
16,8,94,3,21,"nettle_mpz_set_sexp@35-55@crypto_codebases/nettle/nettle_2010/ccn_lib/sexp2bignum.c","crypto_codebases/nettle/nettle_2010/ccn_lib/sexp2bignum.c","nettle_mpz_set_sexp","nettle_mpz_set_sexp( mpz_t x , unsigned limit , struct sexp_iterator * i)",35,55
35,2,394,5,48,"_nettle_aes_decrypt@36-83@crypto_codebases/nettle/nettle_2010/ccn_lib/aes-decrypt-internal.c","crypto_codebases/nettle/nettle_2010/ccn_lib/aes-decrypt-internal.c","_nettle_aes_decrypt","_nettle_aes_decrypt( const struct aes_ctx * ctx , const struct aes_table * T , unsigned length , uint8_t * dst , const uint8_t * src)",36,83
7,2,53,3,7,"des_fix_parity@63-69@crypto_codebases/nettle/nettle_2010/ccn_lib/des.c","crypto_codebases/nettle/nettle_2010/ccn_lib/des.c","des_fix_parity","des_fix_parity( unsigned length , uint8_t * dst , const uint8_t * src)",63,69
123,29,1158,2,156,"des_set_key@72-227@crypto_codebases/nettle/nettle_2010/ccn_lib/des.c","crypto_codebases/nettle/nettle_2010/ccn_lib/des.c","des_set_key","des_set_key( struct des_ctx * ctx , const uint8_t * key)",72,227
14,2,70,4,15,"des_encrypt@230-244@crypto_codebases/nettle/nettle_2010/ccn_lib/des.c","crypto_codebases/nettle/nettle_2010/ccn_lib/des.c","des_encrypt","des_encrypt( const struct des_ctx * ctx , unsigned length , uint8_t * dst , const uint8_t * src)",230,244
14,2,70,4,15,"des_decrypt@247-261@crypto_codebases/nettle/nettle_2010/ccn_lib/des.c","crypto_codebases/nettle/nettle_2010/ccn_lib/des.c","des_decrypt","des_decrypt( const struct des_ctx * ctx , unsigned length , uint8_t * dst , const uint8_t * src)",247,261
35,5,266,3,40,"base64_encode_raw@42-81@crypto_codebases/nettle/nettle_2010/ccn_lib/base64-encode.c","crypto_codebases/nettle/nettle_2010/ccn_lib/base64-encode.c","base64_encode_raw","base64_encode_raw( uint8_t * dst , unsigned length , const uint8_t * src)",42,81
33,4,197,3,40,"base64_encode@85-124@crypto_codebases/nettle/nettle_2010/ccn_lib/base64-encode.c","crypto_codebases/nettle/nettle_2010/ccn_lib/base64-encode.c","base64_encode","base64_encode( uint8_t * dst , unsigned src_length , const uint8_t * src)",85,124
7,1,56,2,7,"base64_encode_group@128-134@crypto_codebases/nettle/nettle_2010/ccn_lib/base64-encode.c","crypto_codebases/nettle/nettle_2010/ccn_lib/base64-encode.c","base64_encode_group","base64_encode_group( uint8_t * dst , uint32_t group)",128,134
4,1,19,1,4,"base64_encode_init@137-140@crypto_codebases/nettle/nettle_2010/ccn_lib/base64-encode.c","crypto_codebases/nettle/nettle_2010/ccn_lib/base64-encode.c","base64_encode_init","base64_encode_init( struct base64_encode_ctx * ctx)",137,140
17,2,90,3,21,"base64_encode_single@144-164@crypto_codebases/nettle/nettle_2010/ccn_lib/base64-encode.c","crypto_codebases/nettle/nettle_2010/ccn_lib/base64-encode.c","base64_encode_single","base64_encode_single( struct base64_encode_ctx * ctx , uint8_t * dst , uint8_t src)",144,164
32,5,156,4,39,"base64_encode_update@169-207@crypto_codebases/nettle/nettle_2010/ccn_lib/base64-encode.c","crypto_codebases/nettle/nettle_2010/ccn_lib/base64-encode.c","base64_encode_update","base64_encode_update( struct base64_encode_ctx * ctx , uint8_t * dst , unsigned length , const uint8_t * src)",169,207
15,3,88,2,18,"base64_encode_final@212-229@crypto_codebases/nettle/nettle_2010/ccn_lib/base64-encode.c","crypto_codebases/nettle/nettle_2010/ccn_lib/base64-encode.c","base64_encode_final","base64_encode_final( struct base64_encode_ctx * ctx , uint8_t * dst)",212,229
23,7,107,2,28,"format_prefix@42-69@crypto_codebases/nettle/nettle_2010/ccn_lib/sexp-format.c","crypto_codebases/nettle/nettle_2010/ccn_lib/sexp-format.c","format_prefix","format_prefix( struct nettle_buffer * buffer , unsigned length)",42,69
10,4,57,3,12,"format_string@72-83@crypto_codebases/nettle/nettle_2010/ccn_lib/sexp-format.c","crypto_codebases/nettle/nettle_2010/ccn_lib/sexp-format.c","format_string","format_string( struct nettle_buffer * buffer , unsigned length , const uint8_t * s)",72,83
191,57,865,3,235,"sexp_vformat@86-320@crypto_codebases/nettle/nettle_2010/ccn_lib/sexp-format.c","crypto_codebases/nettle/nettle_2010/ccn_lib/sexp-format.c","sexp_vformat","sexp_vformat( struct nettle_buffer * buffer , const char * format , va_list args)",86,320
9,1,48,2,11,"sexp_format@323-333@crypto_codebases/nettle/nettle_2010/ccn_lib/sexp-format.c","crypto_codebases/nettle/nettle_2010/ccn_lib/sexp-format.c","sexp_format","sexp_format( struct nettle_buffer * buffer , const char * format , ...)",323,333
7,1,37,1,7,"dsa_public_key_init@35-41@crypto_codebases/nettle/nettle_2010/ccn_lib/dsa.c","crypto_codebases/nettle/nettle_2010/ccn_lib/dsa.c","dsa_public_key_init","dsa_public_key_init( struct dsa_public_key * key)",35,41
7,1,37,1,7,"dsa_public_key_clear@44-50@crypto_codebases/nettle/nettle_2010/ccn_lib/dsa.c","crypto_codebases/nettle/nettle_2010/ccn_lib/dsa.c","dsa_public_key_clear","dsa_public_key_clear( struct dsa_public_key * key)",44,50
4,1,16,1,4,"dsa_private_key_init@54-57@crypto_codebases/nettle/nettle_2010/ccn_lib/dsa.c","crypto_codebases/nettle/nettle_2010/ccn_lib/dsa.c","dsa_private_key_init","dsa_private_key_init( struct dsa_private_key * key)",54,57
4,1,16,1,4,"dsa_private_key_clear@60-63@crypto_codebases/nettle/nettle_2010/ccn_lib/dsa.c","crypto_codebases/nettle/nettle_2010/ccn_lib/dsa.c","dsa_private_key_clear","dsa_private_key_clear( struct dsa_private_key * key)",60,63
5,1,23,1,5,"dsa_signature_init@67-71@crypto_codebases/nettle/nettle_2010/ccn_lib/dsa.c","crypto_codebases/nettle/nettle_2010/ccn_lib/dsa.c","dsa_signature_init","dsa_signature_init( struct dsa_signature * signature)",67,71
5,1,23,1,5,"dsa_signature_clear@74-78@crypto_codebases/nettle/nettle_2010/ccn_lib/dsa.c","crypto_codebases/nettle/nettle_2010/ccn_lib/dsa.c","dsa_signature_clear","dsa_signature_clear( struct dsa_signature * signature)",74,78
11,1,78,3,13,"pkcs1_rsa_md5_encode@65-77@crypto_codebases/nettle/nettle_2010/ccn_lib/pkcs1-rsa-md5.c","crypto_codebases/nettle/nettle_2010/ccn_lib/pkcs1-rsa-md5.c","pkcs1_rsa_md5_encode","pkcs1_rsa_md5_encode( mpz_t m , unsigned length , struct md5_ctx * hash)",65,77
11,1,78,3,13,"pkcs1_rsa_md5_encode_digest@80-92@crypto_codebases/nettle/nettle_2010/ccn_lib/pkcs1-rsa-md5.c","crypto_codebases/nettle/nettle_2010/ccn_lib/pkcs1-rsa-md5.c","pkcs1_rsa_md5_encode_digest","pkcs1_rsa_md5_encode_digest( mpz_t m , unsigned length , const uint8_t * digest)",80,92
86,18,749,2,131,"main@68-198@crypto_codebases/nettle/nettle_2010/ccn_lib/desdata.c","crypto_codebases/nettle/nettle_2010/ccn_lib/desdata.c","main","main( int argc UNUSED , char ** argv UNUSED)",68,198
61,18,265,3,90,"sexp_transport_iterator_first@39-128@crypto_codebases/nettle/nettle_2010/ccn_lib/sexp-transport.c","crypto_codebases/nettle/nettle_2010/ccn_lib/sexp-transport.c","sexp_transport_iterator_first","sexp_transport_iterator_first( struct sexp_iterator * iterator , unsigned length , uint8_t * input)",39,128
6,1,29,1,9,"rsa_public_key_init@35-43@crypto_codebases/nettle/nettle_2010/ccn_lib/rsa.c","crypto_codebases/nettle/nettle_2010/ccn_lib/rsa.c","rsa_public_key_init","rsa_public_key_init( struct rsa_public_key * key)",35,43
5,1,23,1,5,"rsa_public_key_clear@46-50@crypto_codebases/nettle/nettle_2010/ccn_lib/rsa.c","crypto_codebases/nettle/nettle_2010/ccn_lib/rsa.c","rsa_public_key_clear","rsa_public_key_clear( struct rsa_public_key * key)",46,50
7,2,35,1,10,"_rsa_check_size@56-65@crypto_codebases/nettle/nettle_2010/ccn_lib/rsa.c","crypto_codebases/nettle/nettle_2010/ccn_lib/rsa.c","_rsa_check_size","_rsa_check_size( mpz_t n)",56,65
5,1,29,1,6,"rsa_public_key_prepare@68-73@crypto_codebases/nettle/nettle_2010/ccn_lib/rsa.c","crypto_codebases/nettle/nettle_2010/ccn_lib/rsa.c","rsa_public_key_prepare","rsa_public_key_prepare( struct rsa_public_key * key)",68,73
8,1,45,4,8,"aes_decrypt@340-347@crypto_codebases/nettle/nettle_2010/ccn_lib/aes-decrypt.c","crypto_codebases/nettle/nettle_2010/ccn_lib/aes-decrypt.c","aes_decrypt","aes_decrypt( struct aes_ctx * ctx , unsigned length , uint8_t * dst , const uint8_t * src)",340,347
13,2,88,7,14,"cbc_encrypt@40-53@crypto_codebases/nettle/nettle_2010/ccn_lib/cbc.c","crypto_codebases/nettle/nettle_2010/ccn_lib/cbc.c","cbc_encrypt","cbc_encrypt( void * ctx , nettle_crypt_func f , unsigned block_size , uint8_t * iv , unsigned length , uint8_t * dst , const uint8_t * src)",40,53
13,1,98,7,17,"cbc_decrypt_internal@57-73@crypto_codebases/nettle/nettle_2010/ccn_lib/cbc.c","crypto_codebases/nettle/nettle_2010/ccn_lib/cbc.c","cbc_decrypt_internal","cbc_decrypt_internal( void * ctx , nettle_crypt_func f , unsigned block_size , uint8_t * iv , unsigned length , uint8_t * dst , const uint8_t * src)",57,73
35,5,188,7,52,"cbc_decrypt@79-130@crypto_codebases/nettle/nettle_2010/ccn_lib/cbc.c","crypto_codebases/nettle/nettle_2010/ccn_lib/cbc.c","cbc_decrypt","cbc_decrypt( void * ctx , nettle_crypt_func f , unsigned block_size , uint8_t * iv , unsigned length , uint8_t * dst , const uint8_t * src)",79,130
8,1,56,1,12,"foo@136-147@crypto_codebases/nettle/nettle_2010/ccn_lib/cbc.c","crypto_codebases/nettle/nettle_2010/ccn_lib/cbc.c","foo","foo( void)",136,147
9,1,64,1,11,"foo2@149-159@crypto_codebases/nettle/nettle_2010/ccn_lib/cbc.c","crypto_codebases/nettle/nettle_2010/ccn_lib/cbc.c","foo2","foo2( void)",149,159
4,3,36,2,4,"mult@108-111@crypto_codebases/nettle/nettle_2010/ccn_lib/aes-set-decrypt-key.c","crypto_codebases/nettle/nettle_2010/ccn_lib/aes-set-decrypt-key.c","mult","mult( unsigned a , unsigned b)",108,111
21,5,215,1,22,"inv_mix_column@114-135@crypto_codebases/nettle/nettle_2010/ccn_lib/aes-set-decrypt-key.c","crypto_codebases/nettle/nettle_2010/ccn_lib/aes-set-decrypt-key.c","inv_mix_column","inv_mix_column( uint32_t * a)",114,135
15,4,139,3,23,"aes_set_decrypt_key@141-163@crypto_codebases/nettle/nettle_2010/ccn_lib/aes-set-decrypt-key.c","crypto_codebases/nettle/nettle_2010/ccn_lib/aes-set-decrypt-key.c","aes_set_decrypt_key","aes_set_decrypt_key( struct aes_ctx * ctx , unsigned keysize , const uint8_t * key)",141,163
4,1,23,1,4,"base64_decode_init@61-64@crypto_codebases/nettle/nettle_2010/ccn_lib/base64-decode.c","crypto_codebases/nettle/nettle_2010/ccn_lib/base64-decode.c","base64_decode_init","base64_decode_init( struct base64_decode_ctx * ctx)",61,64
35,10,181,3,47,"base64_decode_single@67-113@crypto_codebases/nettle/nettle_2010/ccn_lib/base64-decode.c","crypto_codebases/nettle/nettle_2010/ccn_lib/base64-decode.c","base64_decode_single","base64_decode_single( struct base64_decode_ctx * ctx , uint8_t * dst , uint8_t src)",67,113
25,5,119,5,30,"base64_decode_update@116-145@crypto_codebases/nettle/nettle_2010/ccn_lib/base64-decode.c","crypto_codebases/nettle/nettle_2010/ccn_lib/base64-decode.c","base64_decode_update","base64_decode_update( struct base64_decode_ctx * ctx , unsigned * dst_length , uint8_t * dst , unsigned src_length , const uint8_t * src)",116,145
4,1,16,1,4,"base64_decode_final@148-151@crypto_codebases/nettle/nettle_2010/ccn_lib/base64-decode.c","crypto_codebases/nettle/nettle_2010/ccn_lib/base64-decode.c","base64_decode_final","base64_decode_final( struct base64_decode_ctx * ctx)",148,151
4,1,18,1,4,"nettle_buffer_init@38-41@crypto_codebases/nettle/nettle_2010/ccn_lib/buffer-init.c","crypto_codebases/nettle/nettle_2010/ccn_lib/buffer-init.c","nettle_buffer_init","nettle_buffer_init( struct nettle_buffer * buffer)",38,41
10,1,70,1,15,"sha1_init@65-79@crypto_codebases/nettle/nettle_2010/ccn_lib/sha1.c","crypto_codebases/nettle/nettle_2010/ccn_lib/sha1.c","sha1_init","sha1_init( struct sha1_ctx * ctx)",65,79
31,5,158,3,35,"sha1_update@84-118@crypto_codebases/nettle/nettle_2010/ccn_lib/sha1.c","crypto_codebases/nettle/nettle_2010/ccn_lib/sha1.c","sha1_update","sha1_update( struct sha1_ctx * ctx , unsigned length , const uint8_t * buffer)",84,118
22,3,193,1,37,"sha1_final@124-160@crypto_codebases/nettle/nettle_2010/ccn_lib/sha1.c","crypto_codebases/nettle/nettle_2010/ccn_lib/sha1.c","sha1_final","sha1_final( struct sha1_ctx * ctx)",124,160
33,6,179,3,43,"sha1_digest@163-205@crypto_codebases/nettle/nettle_2010/ccn_lib/sha1.c","crypto_codebases/nettle/nettle_2010/ccn_lib/sha1.c","sha1_digest","sha1_digest( struct sha1_ctx * ctx , unsigned length , uint8_t * digest)",163,205
16,3,134,3,21,"arcfour_set_key@37-57@crypto_codebases/nettle/nettle_2010/ccn_lib/arcfour.c","crypto_codebases/nettle/nettle_2010/ccn_lib/arcfour.c","arcfour_set_key","arcfour_set_key( struct arcfour_ctx * ctx , unsigned length , const uint8_t * key)",37,57
17,2,125,3,18,"arcfour_stream@60-77@crypto_codebases/nettle/nettle_2010/ccn_lib/arcfour.c","crypto_codebases/nettle/nettle_2010/ccn_lib/arcfour.c","arcfour_stream","arcfour_stream( struct arcfour_ctx * ctx , unsigned length , uint8_t * dst)",60,77
20,3,98,4,21,"dsa_keypair_to_sexp@34-54@crypto_codebases/nettle/nettle_2010/ccn_lib/dsa2sexp.c","crypto_codebases/nettle/nettle_2010/ccn_lib/dsa2sexp.c","dsa_keypair_to_sexp","dsa_keypair_to_sexp( struct nettle_buffer * buffer , const char * algorithm_name , const struct dsa_public_key * pub , const struct dsa_private_key * priv)",34,54
5,1,29,3,5,"hmac_sha256_set_key@33-37@crypto_codebases/nettle/nettle_2010/ccn_lib/hmac-sha256.c","crypto_codebases/nettle/nettle_2010/ccn_lib/hmac-sha256.c","hmac_sha256_set_key","hmac_sha256_set_key( struct hmac_sha256_ctx * ctx , unsigned key_length , const uint8_t * key)",33,37
5,1,29,3,5,"hmac_sha256_update@40-44@crypto_codebases/nettle/nettle_2010/ccn_lib/hmac-sha256.c","crypto_codebases/nettle/nettle_2010/ccn_lib/hmac-sha256.c","hmac_sha256_update","hmac_sha256_update( struct hmac_sha256_ctx * ctx , unsigned length , const uint8_t * data)",40,44
5,1,28,3,5,"hmac_sha256_digest@47-51@crypto_codebases/nettle/nettle_2010/ccn_lib/hmac-sha256.c","crypto_codebases/nettle/nettle_2010/ccn_lib/hmac-sha256.c","hmac_sha256_digest","hmac_sha256_digest( struct hmac_sha256_ctx * ctx , unsigned length , uint8_t * digest)",47,51
9,2,59,3,10,"des_set_key_hack@41-50@crypto_codebases/nettle/nettle_2010/ccn_lib/nettle-internal.c","crypto_codebases/nettle/nettle_2010/ccn_lib/nettle-internal.c","des_set_key_hack","des_set_key_hack( void * c , unsigned length , const uint8_t * key)",41,50
9,2,59,3,10,"des3_set_key_hack@53-62@crypto_codebases/nettle/nettle_2010/ccn_lib/nettle-internal.c","crypto_codebases/nettle/nettle_2010/ccn_lib/nettle-internal.c","des3_set_key_hack","des3_set_key_hack( void * c , unsigned length , const uint8_t * key)",53,62
15,2,71,1,18,"nettle_mpz_sizeinbase_256_s@52-69@crypto_codebases/nettle/nettle_2010/ccn_lib/bignum.c","crypto_codebases/nettle/nettle_2010/ccn_lib/bignum.c","nettle_mpz_sizeinbase_256_s","nettle_mpz_sizeinbase_256_s( const mpz_t x)",52,69
4,1,22,1,4,"nettle_mpz_sizeinbase_256_u@72-75@crypto_codebases/nettle/nettle_2010/ccn_lib/bignum.c","crypto_codebases/nettle/nettle_2010/ccn_lib/bignum.c","nettle_mpz_sizeinbase_256_u","nettle_mpz_sizeinbase_256_u( const mpz_t x)",72,75
20,5,119,4,23,"nettle_mpz_to_octets@78-100@crypto_codebases/nettle/nettle_2010/ccn_lib/bignum.c","crypto_codebases/nettle/nettle_2010/ccn_lib/bignum.c","nettle_mpz_to_octets","nettle_mpz_to_octets( unsigned length , uint8_t * s , const mpz_t x , uint8_t sign)",78,100
22,3,109,3,26,"nettle_mpz_get_str_256@103-128@crypto_codebases/nettle/nettle_2010/ccn_lib/bignum.c","crypto_codebases/nettle/nettle_2010/ccn_lib/bignum.c","nettle_mpz_get_str_256","nettle_mpz_get_str_256( unsigned length , uint8_t * s , const mpz_t x)",103,128
11,2,61,3,13,"nettle_mpz_from_octets@138-150@crypto_codebases/nettle/nettle_2010/ccn_lib/bignum.c","crypto_codebases/nettle/nettle_2010/ccn_lib/bignum.c","nettle_mpz_from_octets","nettle_mpz_from_octets( mpz_t x , unsigned length , const uint8_t * s)",138,150
5,1,24,3,5,"nettle_mpz_set_str_256_u@154-158@crypto_codebases/nettle/nettle_2010/ccn_lib/bignum.c","crypto_codebases/nettle/nettle_2010/ccn_lib/bignum.c","nettle_mpz_set_str_256_u","nettle_mpz_set_str_256_u( mpz_t x , unsigned length , const uint8_t * s)",154,158
6,1,29,3,6,"nettle_mpz_init_set_str_256_u@161-166@crypto_codebases/nettle/nettle_2010/ccn_lib/bignum.c","crypto_codebases/nettle/nettle_2010/ccn_lib/bignum.c","nettle_mpz_init_set_str_256_u","nettle_mpz_init_set_str_256_u( mpz_t x , unsigned length , const uint8_t * s)",161,166
18,3,86,3,21,"nettle_mpz_set_str_256_s@169-189@crypto_codebases/nettle/nettle_2010/ccn_lib/bignum.c","crypto_codebases/nettle/nettle_2010/ccn_lib/bignum.c","nettle_mpz_set_str_256_s","nettle_mpz_set_str_256_s( mpz_t x , unsigned length , const uint8_t * s)",169,189
6,1,29,3,6,"nettle_mpz_init_set_str_256_s@192-197@crypto_codebases/nettle/nettle_2010/ccn_lib/bignum.c","crypto_codebases/nettle/nettle_2010/ccn_lib/bignum.c","nettle_mpz_init_set_str_256_s","nettle_mpz_init_set_str_256_s( mpz_t x , unsigned length , const uint8_t * s)",192,197
4,1,13,1,4,"base16_encode_length@33-36@crypto_codebases/nettle/nettle_2010/ccn_lib/base16-meta.c","crypto_codebases/nettle/nettle_2010/ccn_lib/base16-meta.c","base16_encode_length","base16_encode_length( unsigned length)",33,36
4,1,13,1,4,"base16_decode_length@39-42@crypto_codebases/nettle/nettle_2010/ccn_lib/base16-meta.c","crypto_codebases/nettle/nettle_2010/ccn_lib/base16-meta.c","base16_decode_length","base16_decode_length( unsigned length)",39,42
2,1,13,1,2,"base16_encode_init@45-46@crypto_codebases/nettle/nettle_2010/ccn_lib/base16-meta.c","crypto_codebases/nettle/nettle_2010/ccn_lib/base16-meta.c","base16_encode_init","base16_encode_init( void * ctx)",45,46
6,1,36,4,6,"base16_encode_update_wrapper@49-54@crypto_codebases/nettle/nettle_2010/ccn_lib/base16-meta.c","crypto_codebases/nettle/nettle_2010/ccn_lib/base16-meta.c","base16_encode_update_wrapper","base16_encode_update_wrapper( void * ctx UNUSED , uint8_t * dst , unsigned length , const uint8_t * src)",49,54
2,1,25,2,2,"base16_encode_final@60-61@crypto_codebases/nettle/nettle_2010/ccn_lib/base16-meta.c","crypto_codebases/nettle/nettle_2010/ccn_lib/base16-meta.c","base16_encode_final","base16_encode_final( void * ctx , uint8_t * dst)",60,61
13,1,71,3,17,"rsa_md5_verify@38-54@crypto_codebases/nettle/nettle_2010/ccn_lib/rsa-md5-verify.c","crypto_codebases/nettle/nettle_2010/ccn_lib/rsa-md5-verify.c","rsa_md5_verify","rsa_md5_verify( const struct rsa_public_key * key , struct md5_ctx * hash , const mpz_t s)",38,54
13,1,71,3,18,"rsa_md5_verify_digest@57-74@crypto_codebases/nettle/nettle_2010/ccn_lib/rsa-md5-verify.c","crypto_codebases/nettle/nettle_2010/ccn_lib/rsa-md5-verify.c","rsa_md5_verify_digest","rsa_md5_verify_digest( const struct rsa_public_key * key , const uint8_t * digest , const mpz_t s)",57,74
32,5,198,7,35,"ctr_crypt@50-84@crypto_codebases/nettle/nettle_2010/ccn_lib/ctr.c","crypto_codebases/nettle/nettle_2010/ccn_lib/ctr.c","ctr_crypt","ctr_crypt( void * ctx , nettle_crypt_func f , unsigned block_size , uint8_t * ctr , unsigned length , uint8_t * dst , const uint8_t * src)",50,84
8,1,49,3,10,"rsa_md5_sign@38-47@crypto_codebases/nettle/nettle_2010/ccn_lib/rsa-md5-sign.c","crypto_codebases/nettle/nettle_2010/ccn_lib/rsa-md5-sign.c","rsa_md5_sign","rsa_md5_sign( const struct rsa_private_key * key , struct md5_ctx * hash , mpz_t s)",38,47
8,1,49,3,10,"rsa_md5_sign_digest@50-59@crypto_codebases/nettle/nettle_2010/ccn_lib/rsa-md5-sign.c","crypto_codebases/nettle/nettle_2010/ccn_lib/rsa-md5-sign.c","rsa_md5_sign_digest","rsa_md5_sign_digest( const struct rsa_private_key * key , const uint8_t * digest , mpz_t s)",50,59
10,1,57,1,13,"rsa_private_key_init@35-47@crypto_codebases/nettle/nettle_2010/ccn_lib/rsa-sign.c","crypto_codebases/nettle/nettle_2010/ccn_lib/rsa-sign.c","rsa_private_key_init","rsa_private_key_init( struct rsa_private_key * key)",35,47
9,1,51,1,9,"rsa_private_key_clear@50-58@crypto_codebases/nettle/nettle_2010/ccn_lib/rsa-sign.c","crypto_codebases/nettle/nettle_2010/ccn_lib/rsa-sign.c","rsa_private_key_clear","rsa_private_key_clear( struct rsa_private_key * key)",50,58
9,1,53,1,17,"rsa_private_key_prepare@61-77@crypto_codebases/nettle/nettle_2010/ccn_lib/rsa-sign.c","crypto_codebases/nettle/nettle_2010/ccn_lib/rsa-sign.c","rsa_private_key_prepare","rsa_private_key_prepare( struct rsa_private_key * key)",61,77
17,1,146,3,56,"rsa_compute_root@81-136@crypto_codebases/nettle/nettle_2010/ccn_lib/rsa-sign.c","crypto_codebases/nettle/nettle_2010/ccn_lib/rsa-sign.c","rsa_compute_root","rsa_compute_root( const struct rsa_private_key * key , mpz_t x , const mpz_t m)",81,136
45,15,433,2,49,"knuth_lfib_init@51-99@crypto_codebases/nettle/nettle_2010/ccn_lib/knuth-lfib.c","crypto_codebases/nettle/nettle_2010/ccn_lib/knuth-lfib.c","knuth_lfib_init","knuth_lfib_init( struct knuth_lfib_ctx * ctx , uint32_t seed)",51,99
10,1,90,1,13,"knuth_lfib_get@103-115@crypto_codebases/nettle/nettle_2010/ccn_lib/knuth-lfib.c","crypto_codebases/nettle/nettle_2010/ccn_lib/knuth-lfib.c","knuth_lfib_get","knuth_lfib_get( struct knuth_lfib_ctx * ctx)",103,115
7,2,42,3,8,"knuth_lfib_get_array@119-126@crypto_codebases/nettle/nettle_2010/ccn_lib/knuth-lfib.c","crypto_codebases/nettle/nettle_2010/ccn_lib/knuth-lfib.c","knuth_lfib_get_array","knuth_lfib_get_array( struct knuth_lfib_ctx * ctx , unsigned n , uint32_t * a)",119,126
25,5,108,3,33,"knuth_lfib_random@130-162@crypto_codebases/nettle/nettle_2010/ccn_lib/knuth-lfib.c","crypto_codebases/nettle/nettle_2010/ccn_lib/knuth-lfib.c","knuth_lfib_random","knuth_lfib_random( struct knuth_lfib_ctx * ctx , unsigned n , uint8_t * dst)",130,162
14,3,84,6,18,"bignum_random_prime@47-64@crypto_codebases/nettle/nettle_2010/ccn_lib/rsa-keygen.c","crypto_codebases/nettle/nettle_2010/ccn_lib/rsa-keygen.c","bignum_random_prime","bignum_random_prime( mpz_t x , unsigned bits , void * random_ctx , nettle_random_func random , void * progress_ctx , nettle_progress_func progress)",47,64
109,29,652,8,166,"rsa_generate_keypair@67-232@crypto_codebases/nettle/nettle_2010/ccn_lib/rsa-keygen.c","crypto_codebases/nettle/nettle_2010/ccn_lib/rsa-keygen.c","rsa_generate_keypair","rsa_generate_keypair( struct rsa_public_key * pub , struct rsa_private_key * key , void * random_ctx , nettle_random_func random , void * progress_ctx , nettle_progress_func progress , unsigned n_size , unsigned e_size)",67,232
13,1,71,3,17,"rsa_sha256_verify@38-54@crypto_codebases/nettle/nettle_2010/ccn_lib/rsa-sha256-verify.c","crypto_codebases/nettle/nettle_2010/ccn_lib/rsa-sha256-verify.c","rsa_sha256_verify","rsa_sha256_verify( const struct rsa_public_key * key , struct sha256_ctx * hash , const mpz_t s)",38,54
13,1,71,3,17,"rsa_sha256_verify_digest@57-73@crypto_codebases/nettle/nettle_2010/ccn_lib/rsa-sha256-verify.c","crypto_codebases/nettle/nettle_2010/ccn_lib/rsa-sha256-verify.c","rsa_sha256_verify_digest","rsa_sha256_verify_digest( const struct rsa_public_key * key , const uint8_t * digest , const mpz_t s)",57,73
4,1,19,1,4,"base16_decode_init@36-39@crypto_codebases/nettle/nettle_2010/ccn_lib/base16-decode.c","crypto_codebases/nettle/nettle_2010/ccn_lib/base16-decode.c","base16_decode_init","base16_decode_init( struct base16_decode_ctx * ctx)",36,39
31,5,122,3,34,"base16_decode_single@59-92@crypto_codebases/nettle/nettle_2010/ccn_lib/base16-decode.c","crypto_codebases/nettle/nettle_2010/ccn_lib/base16-decode.c","base16_decode_single","base16_decode_single( struct base16_decode_ctx * ctx , uint8_t * dst , uint8_t src)",59,92
25,5,119,5,30,"base16_decode_update@95-124@crypto_codebases/nettle/nettle_2010/ccn_lib/base16-decode.c","crypto_codebases/nettle/nettle_2010/ccn_lib/base16-decode.c","base16_decode_update","base16_decode_update( struct base16_decode_ctx * ctx , unsigned * dst_length , uint8_t * dst , unsigned src_length , const uint8_t * src)",95,124
4,1,16,1,4,"base16_decode_final@127-130@crypto_codebases/nettle/nettle_2010/ccn_lib/base16-decode.c","crypto_codebases/nettle/nettle_2010/ccn_lib/base16-decode.c","base16_decode_final","base16_decode_final( struct base16_decode_ctx * ctx)",127,130
14,1,81,4,16,"pkcs1_signature_prefix@42-57@crypto_codebases/nettle/nettle_2010/ccn_lib/pkcs1.c","crypto_codebases/nettle/nettle_2010/ccn_lib/pkcs1.c","pkcs1_signature_prefix","pkcs1_signature_prefix( unsigned length , uint8_t * buffer , unsigned id_length , const uint8_t * id)",42,57
5,1,29,3,5,"hmac_sha1_set_key@33-37@crypto_codebases/nettle/nettle_2010/ccn_lib/hmac-sha1.c","crypto_codebases/nettle/nettle_2010/ccn_lib/hmac-sha1.c","hmac_sha1_set_key","hmac_sha1_set_key( struct hmac_sha1_ctx * ctx , unsigned key_length , const uint8_t * key)",33,37
5,1,29,3,5,"hmac_sha1_update@40-44@crypto_codebases/nettle/nettle_2010/ccn_lib/hmac-sha1.c","crypto_codebases/nettle/nettle_2010/ccn_lib/hmac-sha1.c","hmac_sha1_update","hmac_sha1_update( struct hmac_sha1_ctx * ctx , unsigned length , const uint8_t * data)",40,44
5,1,28,3,5,"hmac_sha1_digest@47-51@crypto_codebases/nettle/nettle_2010/ccn_lib/hmac-sha1.c","crypto_codebases/nettle/nettle_2010/ccn_lib/hmac-sha1.c","hmac_sha1_digest","hmac_sha1_digest( struct hmac_sha1_ctx * ctx , unsigned length , uint8_t * digest)",47,51
7,2,42,2,9,"display_hex@9-17@crypto_codebases/nettle/nettle_2010/ccn_lib/sha-example.c","crypto_codebases/nettle/nettle_2010/ccn_lib/sha-example.c","display_hex","display_hex( unsigned length , uint8_t * data)",9,17
19,4,108,2,22,"main@20-41@crypto_codebases/nettle/nettle_2010/ccn_lib/sha-example.c","crypto_codebases/nettle/nettle_2010/ccn_lib/sha-example.c","main","main( int argc , char ** argv)",20,41
26,1,238,3,29,"encrypt@250-278@crypto_codebases/nettle/nettle_2010/ccn_lib/blowfish.c","crypto_codebases/nettle/nettle_2010/ccn_lib/blowfish.c","encrypt","encrypt( struct blowfish_ctx * bc , uint32_t * ret_xl , uint32_t * ret_xr)",250,278
26,1,236,3,30,"decrypt@281-310@crypto_codebases/nettle/nettle_2010/ccn_lib/blowfish.c","crypto_codebases/nettle/nettle_2010/ccn_lib/blowfish.c","decrypt","decrypt( struct blowfish_ctx * bc , uint32_t * ret_xl , uint32_t * ret_xr)",281,310
14,1,89,4,18,"blowfish_encrypt@316-333@crypto_codebases/nettle/nettle_2010/ccn_lib/blowfish.c","crypto_codebases/nettle/nettle_2010/ccn_lib/blowfish.c","blowfish_encrypt","blowfish_encrypt( struct blowfish_ctx * bc , unsigned length , uint8_t * outbuf , const uint8_t * inbuf)",316,333
14,1,89,4,18,"blowfish_decrypt@337-354@crypto_codebases/nettle/nettle_2010/ccn_lib/blowfish.c","crypto_codebases/nettle/nettle_2010/ccn_lib/blowfish.c","blowfish_decrypt","blowfish_decrypt( struct blowfish_ctx * bc , unsigned length , uint8_t * outbuf , const uint8_t * inbuf)",337,354
57,15,542,3,69,"blowfish_set_key@357-425@crypto_codebases/nettle/nettle_2010/ccn_lib/blowfish.c","crypto_codebases/nettle/nettle_2010/ccn_lib/blowfish.c","blowfish_set_key","blowfish_set_key( struct blowfish_ctx * ctx , unsigned keylen , const uint8_t * key)",357,425
4,1,13,1,4,"MD5Init@33-36@crypto_codebases/nettle/nettle_2010/ccn_lib/md5-compat.c","crypto_codebases/nettle/nettle_2010/ccn_lib/md5-compat.c","MD5Init","MD5Init( MD5_CTX * ctx)",33,36
4,1,27,3,4,"MD5Update@39-42@crypto_codebases/nettle/nettle_2010/ccn_lib/md5-compat.c","crypto_codebases/nettle/nettle_2010/ccn_lib/md5-compat.c","MD5Update","MD5Update( MD5_CTX * ctx , const unsigned char * data , unsigned int length)",39,42
4,1,22,2,4,"MD5Final@45-48@crypto_codebases/nettle/nettle_2010/ccn_lib/md5-compat.c","crypto_codebases/nettle/nettle_2010/ccn_lib/md5-compat.c","MD5Final","MD5Final( unsigned char * out , MD5_CTX * ctx)",45,48
27,7,135,3,36,"sexp_transport_vformat@36-71@crypto_codebases/nettle/nettle_2010/ccn_lib/sexp-transport-format.c","crypto_codebases/nettle/nettle_2010/ccn_lib/sexp-transport-format.c","sexp_transport_vformat","sexp_transport_vformat( struct nettle_buffer * buffer , const char * format , va_list args)",36,71
10,1,48,2,12,"sexp_transport_format@74-85@crypto_codebases/nettle/nettle_2010/ccn_lib/sexp-transport-format.c","crypto_codebases/nettle/nettle_2010/ccn_lib/sexp-transport-format.c","sexp_transport_format","sexp_transport_format( struct nettle_buffer * buffer , const char * format , ...)",74,85
4,1,24,3,4,"nettle_realloc@35-38@crypto_codebases/nettle/nettle_2010/ccn_lib/realloc.c","crypto_codebases/nettle/nettle_2010/ccn_lib/realloc.c","nettle_realloc","nettle_realloc( void * ctx UNUSED , void * p , unsigned length)",35,38
10,3,50,3,10,"nettle_xrealloc@41-50@crypto_codebases/nettle/nettle_2010/ccn_lib/realloc.c","crypto_codebases/nettle/nettle_2010/ccn_lib/realloc.c","nettle_xrealloc","nettle_xrealloc( void * ctx UNUSED , void * p , unsigned length)",41,50
21,4,168,2,23,"md2_transform@77-99@crypto_codebases/nettle/nettle_2010/ccn_lib/md2.c","crypto_codebases/nettle/nettle_2010/ccn_lib/md2.c","md2_transform","md2_transform( struct md2_ctx * ctx , const uint8_t * data)",77,99
6,1,42,1,6,"md2_final@103-108@crypto_codebases/nettle/nettle_2010/ccn_lib/md2.c","crypto_codebases/nettle/nettle_2010/ccn_lib/md2.c","md2_final","md2_final( struct md2_ctx * ctx)",103,108
4,1,22,1,4,"md2_init@112-115@crypto_codebases/nettle/nettle_2010/ccn_lib/md2.c","crypto_codebases/nettle/nettle_2010/ccn_lib/md2.c","md2_init","md2_init( struct md2_ctx * ctx)",112,115
30,5,144,3,32,"md2_update@118-149@crypto_codebases/nettle/nettle_2010/ccn_lib/md2.c","crypto_codebases/nettle/nettle_2010/ccn_lib/md2.c","md2_update","md2_update( struct md2_ctx * ctx , unsigned length , const uint8_t * data)",118,149
13,1,83,3,16,"md2_digest@152-167@crypto_codebases/nettle/nettle_2010/ccn_lib/md2.c","crypto_codebases/nettle/nettle_2010/ccn_lib/md2.c","md2_digest","md2_digest( struct md2_ctx * ctx , unsigned length , uint8_t * digest)",152,167
6,1,33,2,6,"base16_encode_single@40-45@crypto_codebases/nettle/nettle_2010/ccn_lib/base16-encode.c","crypto_codebases/nettle/nettle_2010/ccn_lib/base16-encode.c","base16_encode_single","base16_encode_single( uint8_t * dst , uint8_t src)",40,45
8,2,48,3,9,"base16_encode_update@49-57@crypto_codebases/nettle/nettle_2010/ccn_lib/base16-encode.c","crypto_codebases/nettle/nettle_2010/ccn_lib/base16-encode.c","base16_encode_update","base16_encode_update( uint8_t * dst , unsigned length , const uint8_t * src)",49,57
12,3,77,2,12,"des3_set_key@39-50@crypto_codebases/nettle/nettle_2010/ccn_lib/des3.c","crypto_codebases/nettle/nettle_2010/ccn_lib/des3.c","des3_set_key","des3_set_key( struct des3_ctx * ctx , const uint8_t * key)",39,50
11,1,73,4,11,"des3_encrypt@53-63@crypto_codebases/nettle/nettle_2010/ccn_lib/des3.c","crypto_codebases/nettle/nettle_2010/ccn_lib/des3.c","des3_encrypt","des3_encrypt( const struct des3_ctx * ctx , unsigned length , uint8_t * dst , const uint8_t * src)",53,63
11,1,73,4,11,"des3_decrypt@66-76@crypto_codebases/nettle/nettle_2010/ccn_lib/des3.c","crypto_codebases/nettle/nettle_2010/ccn_lib/des3.c","des3_decrypt","des3_decrypt( const struct des3_ctx * ctx , unsigned length , uint8_t * dst , const uint8_t * src)",66,76
13,1,80,2,16,"hash@45-60@crypto_codebases/nettle/nettle_2010/ccn_lib/dsa-keygen.c","crypto_codebases/nettle/nettle_2010/ccn_lib/dsa-keygen.c","hash","hash( mpz_t x , uint8_t * digest)",45,60
74,11,456,7,108,"dsa_nist_gen@63-170@crypto_codebases/nettle/nettle_2010/ccn_lib/dsa-keygen.c","crypto_codebases/nettle/nettle_2010/ccn_lib/dsa-keygen.c","dsa_nist_gen","dsa_nist_gen( mpz_t p , mpz_t q , void * random_ctx , nettle_random_func random , void * progress_ctx , nettle_progress_func progress , unsigned L)",63,170
29,5,159,7,39,"dsa_find_generator@173-211@crypto_codebases/nettle/nettle_2010/ccn_lib/dsa-keygen.c","crypto_codebases/nettle/nettle_2010/ccn_lib/dsa-keygen.c","dsa_find_generator","dsa_find_generator( mpz_t g , void * random_ctx , nettle_random_func random , void * progress_ctx , nettle_progress_func progress , const mpz_t p , const mpz_t q)",173,211
25,2,158,7,36,"dsa_generate_keypair@214-249@crypto_codebases/nettle/nettle_2010/ccn_lib/dsa-keygen.c","crypto_codebases/nettle/nettle_2010/ccn_lib/dsa-keygen.c","dsa_generate_keypair","dsa_generate_keypair( struct dsa_public_key * pub , struct dsa_private_key * key , void * random_ctx , nettle_random_func random , void * progress_ctx , nettle_progress_func progress , unsigned bits)",214,249
8,2,31,2,10,"R_SignInit@36-45@crypto_codebases/nettle/nettle_2010/ccn_lib/rsa-compat.c","crypto_codebases/nettle/nettle_2010/ccn_lib/rsa-compat.c","R_SignInit","R_SignInit( R_SIGNATURE_CTX * ctx , int digestAlgorithm)",36,45
7,1,31,3,10,"R_SignUpdate@48-57@crypto_codebases/nettle/nettle_2010/ccn_lib/rsa-compat.c","crypto_codebases/nettle/nettle_2010/ccn_lib/rsa-compat.c","R_SignUpdate","R_SignUpdate( R_SIGNATURE_CTX * ctx , const uint8_t * data , unsigned length)",48,57
36,3,213,4,44,"R_SignFinal@60-103@crypto_codebases/nettle/nettle_2010/ccn_lib/rsa-compat.c","crypto_codebases/nettle/nettle_2010/ccn_lib/rsa-compat.c","R_SignFinal","R_SignFinal( R_SIGNATURE_CTX * ctx , uint8_t * signature , unsigned * length , R_RSA_PRIVATE_KEY * key)",60,103
5,1,19,2,5,"R_VerifyInit@106-110@crypto_codebases/nettle/nettle_2010/ccn_lib/rsa-compat.c","crypto_codebases/nettle/nettle_2010/ccn_lib/rsa-compat.c","R_VerifyInit","R_VerifyInit( R_SIGNATURE_CTX * ctx , int digestAlgorithm)",106,110
6,1,26,3,8,"R_VerifyUpdate@113-120@crypto_codebases/nettle/nettle_2010/ccn_lib/rsa-compat.c","crypto_codebases/nettle/nettle_2010/ccn_lib/rsa-compat.c","R_VerifyUpdate","R_VerifyUpdate( R_SIGNATURE_CTX * ctx , const uint8_t * data , unsigned length)",113,120
26,4,130,4,32,"R_VerifyFinal@123-154@crypto_codebases/nettle/nettle_2010/ccn_lib/rsa-compat.c","crypto_codebases/nettle/nettle_2010/ccn_lib/rsa-compat.c","R_VerifyFinal","R_VerifyFinal( R_SIGNATURE_CTX * ctx , uint8_t * signature , unsigned length , R_RSA_PUBLIC_KEY * key)",123,154
9,2,38,1,12,"xtime@33-44@crypto_codebases/nettle/nettle_2010/ccn_lib/aesdata.c","crypto_codebases/nettle/nettle_2010/ccn_lib/aesdata.c","xtime","xtime( unsigned x)",33,44
13,2,77,1,18,"compute_log@49-66@crypto_codebases/nettle/nettle_2010/ccn_lib/aesdata.c","crypto_codebases/nettle/nettle_2010/ccn_lib/aesdata.c","compute_log","compute_log( void)",49,66
4,3,36,2,4,"mult@69-72@crypto_codebases/nettle/nettle_2010/ccn_lib/aesdata.c","crypto_codebases/nettle/nettle_2010/ccn_lib/aesdata.c","mult","mult( unsigned a , unsigned b)",69,72
4,2,22,1,4,"invert@75-78@crypto_codebases/nettle/nettle_2010/ccn_lib/aesdata.c","crypto_codebases/nettle/nettle_2010/ccn_lib/aesdata.c","invert","invert( unsigned x)",75,78
5,1,72,1,5,"affine@81-85@crypto_codebases/nettle/nettle_2010/ccn_lib/aesdata.c","crypto_codebases/nettle/nettle_2010/ccn_lib/aesdata.c","affine","affine( unsigned x)",81,85
9,2,47,1,9,"compute_sbox@88-96@crypto_codebases/nettle/nettle_2010/ccn_lib/aesdata.c","crypto_codebases/nettle/nettle_2010/ccn_lib/aesdata.c","compute_sbox","compute_sbox( void)",88,96
14,3,112,1,15,"compute_dtable@104-118@crypto_codebases/nettle/nettle_2010/ccn_lib/aesdata.c","crypto_codebases/nettle/nettle_2010/ccn_lib/aesdata.c","compute_dtable","compute_dtable( void)",104,118
15,3,124,1,16,"compute_itable@123-138@crypto_codebases/nettle/nettle_2010/ccn_lib/aesdata.c","crypto_codebases/nettle/nettle_2010/ccn_lib/aesdata.c","compute_itable","compute_itable( void)",123,138
12,3,77,2,15,"display_byte_table@141-155@crypto_codebases/nettle/nettle_2010/ccn_lib/aesdata.c","crypto_codebases/nettle/nettle_2010/ccn_lib/aesdata.c","display_byte_table","display_byte_table( const char * name , uint8_t * table)",141,155
17,4,111,1,19,"display_table@158-176@crypto_codebases/nettle/nettle_2010/ccn_lib/aesdata.c","crypto_codebases/nettle/nettle_2010/ccn_lib/aesdata.c","display_table","display_table( const char * name , uint32_t table [ ] [ 0x100 ])",158,176
5,1,34,1,5,"display_polynomial@179-183@crypto_codebases/nettle/nettle_2010/ccn_lib/aesdata.c","crypto_codebases/nettle/nettle_2010/ccn_lib/aesdata.c","display_polynomial","display_polynomial( const unsigned * p)",179,183
99,20,807,2,114,"main@186-299@crypto_codebases/nettle/nettle_2010/ccn_lib/aesdata.c","crypto_codebases/nettle/nettle_2010/ccn_lib/aesdata.c","main","main( int argc , char ** argv)",186,299
8,1,45,4,8,"aes_encrypt@38-45@crypto_codebases/nettle/nettle_2010/ccn_lib/aes-encrypt.c","crypto_codebases/nettle/nettle_2010/ccn_lib/aes-encrypt.c","aes_encrypt","aes_encrypt( struct aes_ctx * ctx , unsigned length , uint8_t * dst , const uint8_t * src)",38,45
5,1,29,3,5,"hmac_md5_set_key@33-37@crypto_codebases/nettle/nettle_2010/ccn_lib/hmac-md5.c","crypto_codebases/nettle/nettle_2010/ccn_lib/hmac-md5.c","hmac_md5_set_key","hmac_md5_set_key( struct hmac_md5_ctx * ctx , unsigned key_length , const uint8_t * key)",33,37
5,1,29,3,5,"hmac_md5_update@40-44@crypto_codebases/nettle/nettle_2010/ccn_lib/hmac-md5.c","crypto_codebases/nettle/nettle_2010/ccn_lib/hmac-md5.c","hmac_md5_update","hmac_md5_update( struct hmac_md5_ctx * ctx , unsigned length , const uint8_t * data)",40,44
5,1,28,3,5,"hmac_md5_digest@47-51@crypto_codebases/nettle/nettle_2010/ccn_lib/hmac-md5.c","crypto_codebases/nettle/nettle_2010/ccn_lib/hmac-md5.c","hmac_md5_digest","hmac_md5_digest( struct hmac_md5_ctx * ctx , unsigned length , uint8_t * digest)",47,51
13,1,71,3,13,"sexp_iterator_init@41-53@crypto_codebases/nettle/nettle_2010/ccn_lib/sexp.c","crypto_codebases/nettle/nettle_2010/ccn_lib/sexp.c","sexp_iterator_init","sexp_iterator_init( struct sexp_iterator * iterator , unsigned length , const uint8_t * input)",41,53
30,11,175,3,38,"sexp_iterator_simple@59-96@crypto_codebases/nettle/nettle_2010/ccn_lib/sexp.c","crypto_codebases/nettle/nettle_2010/ccn_lib/sexp.c","sexp_iterator_simple","sexp_iterator_simple( struct sexp_iterator * iterator , unsigned * size , const uint8_t ** string)",59,96
40,10,182,1,52,"sexp_iterator_parse@104-155@crypto_codebases/nettle/nettle_2010/ccn_lib/sexp.c","crypto_codebases/nettle/nettle_2010/ccn_lib/sexp.c","sexp_iterator_parse","sexp_iterator_parse( struct sexp_iterator * iterator)",104,155
6,1,32,3,6,"sexp_iterator_first@158-163@crypto_codebases/nettle/nettle_2010/ccn_lib/sexp.c","crypto_codebases/nettle/nettle_2010/ccn_lib/sexp.c","sexp_iterator_first","sexp_iterator_first( struct sexp_iterator * iterator , unsigned length , const uint8_t * input)",158,163
14,5,50,1,18,"sexp_iterator_next@166-183@crypto_codebases/nettle/nettle_2010/ccn_lib/sexp.c","crypto_codebases/nettle/nettle_2010/ccn_lib/sexp.c","sexp_iterator_next","sexp_iterator_next( struct sexp_iterator * iterator)",166,183
9,4,49,1,13,"sexp_iterator_enter_list@187-199@crypto_codebases/nettle/nettle_2010/ccn_lib/sexp.c","crypto_codebases/nettle/nettle_2010/ccn_lib/sexp.c","sexp_iterator_enter_list","sexp_iterator_enter_list( struct sexp_iterator * iterator)",187,199
10,4,49,1,13,"sexp_iterator_exit_list@203-215@crypto_codebases/nettle/nettle_2010/ccn_lib/sexp.c","crypto_codebases/nettle/nettle_2010/ccn_lib/sexp.c","sexp_iterator_exit_list","sexp_iterator_exit_list( struct sexp_iterator * iterator)",203,215
9,3,43,2,11,"sexp_iterator_exit_lists@220-230@crypto_codebases/nettle/nettle_2010/ccn_lib/sexp.c","crypto_codebases/nettle/nettle_2010/ccn_lib/sexp.c","sexp_iterator_exit_lists","sexp_iterator_exit_lists( struct sexp_iterator * iterator , unsigned level)",220,230
9,2,47,2,10,"sexp_iterator_subexpr@234-243@crypto_codebases/nettle/nettle_2010/ccn_lib/sexp.c","crypto_codebases/nettle/nettle_2010/ccn_lib/sexp.c","sexp_iterator_subexpr","sexp_iterator_subexpr( struct sexp_iterator * iterator , unsigned * length)",234,243
38,12,155,2,41,"sexp_iterator_get_uint32@246-286@crypto_codebases/nettle/nettle_2010/ccn_lib/sexp.c","crypto_codebases/nettle/nettle_2010/ccn_lib/sexp.c","sexp_iterator_get_uint32","sexp_iterator_get_uint32( struct sexp_iterator * iterator , uint32_t * x)",246,286
10,6,61,2,10,"sexp_iterator_check_type@289-298@crypto_codebases/nettle/nettle_2010/ccn_lib/sexp.c","crypto_codebases/nettle/nettle_2010/ccn_lib/sexp.c","sexp_iterator_check_type","sexp_iterator_check_type( struct sexp_iterator * iterator , const uint8_t * type)",289,298
17,8,102,3,17,"sexp_iterator_check_types@301-317@crypto_codebases/nettle/nettle_2010/ccn_lib/sexp.c","crypto_codebases/nettle/nettle_2010/ccn_lib/sexp.c","sexp_iterator_check_types","sexp_iterator_check_types( struct sexp_iterator * iterator , unsigned ntypes , const uint8_t * const * types)",301,317
54,17,253,4,72,"sexp_iterator_assoc@320-391@crypto_codebases/nettle/nettle_2010/ccn_lib/sexp.c","crypto_codebases/nettle/nettle_2010/ccn_lib/sexp.c","sexp_iterator_assoc","sexp_iterator_assoc( struct sexp_iterator * iterator , unsigned nkeys , const uint8_t * const * keys , struct sexp_iterator * values)",320,391
11,1,66,1,17,"sha256_init@131-147@crypto_codebases/nettle/nettle_2010/ccn_lib/sha256.c","crypto_codebases/nettle/nettle_2010/ccn_lib/sha256.c","sha256_init","sha256_init( struct sha256_ctx * ctx)",131,147
53,3,930,2,62,"sha256_transform@157-218@crypto_codebases/nettle/nettle_2010/ccn_lib/sha256.c","crypto_codebases/nettle/nettle_2010/ccn_lib/sha256.c","sha256_transform","sha256_transform( uint32_t * state , uint32_t * data)",157,218
10,3,72,2,15,"sha256_block@221-235@crypto_codebases/nettle/nettle_2010/ccn_lib/sha256.c","crypto_codebases/nettle/nettle_2010/ccn_lib/sha256.c","sha256_block","sha256_block( struct sha256_ctx * ctx , const uint8_t * block)",221,235
29,4,140,3,33,"sha256_update@238-270@crypto_codebases/nettle/nettle_2010/ccn_lib/sha256.c","crypto_codebases/nettle/nettle_2010/ccn_lib/sha256.c","sha256_update","sha256_update( struct sha256_ctx * ctx , unsigned length , const uint8_t * buffer)",238,270
28,7,246,1,41,"sha256_final@276-316@crypto_codebases/nettle/nettle_2010/ccn_lib/sha256.c","crypto_codebases/nettle/nettle_2010/ccn_lib/sha256.c","sha256_final","sha256_final( struct sha256_ctx * ctx)",276,316
33,6,179,3,43,"sha256_digest@319-361@crypto_codebases/nettle/nettle_2010/ccn_lib/sha256.c","crypto_codebases/nettle/nettle_2010/ccn_lib/sha256.c","sha256_digest","sha256_digest( struct sha256_ctx * ctx , unsigned length , uint8_t * digest)",319,361
9,1,61,1,10,"md5_init@44-53@crypto_codebases/nettle/nettle_2010/ccn_lib/md5.c","crypto_codebases/nettle/nettle_2010/ccn_lib/md5.c","md5_init","md5_init( struct md5_ctx * ctx)",44,53
32,5,158,3,37,"md5_update@58-94@crypto_codebases/nettle/nettle_2010/ccn_lib/md5.c","crypto_codebases/nettle/nettle_2010/ccn_lib/md5.c","md5_update","md5_update( struct md5_ctx * ctx , unsigned length , const uint8_t * data)",58,94
24,4,137,3,33,"md5_digest@97-129@crypto_codebases/nettle/nettle_2010/ccn_lib/md5.c","crypto_codebases/nettle/nettle_2010/ccn_lib/md5.c","md5_digest","md5_digest( struct md5_ctx * ctx , unsigned length , uint8_t * digest)",97,129
22,3,193,1,35,"md5_final@135-169@crypto_codebases/nettle/nettle_2010/ccn_lib/md5.c","crypto_codebases/nettle/nettle_2010/ccn_lib/md5.c","md5_final","md5_final( struct md5_ctx * ctx)",135,169
7,2,45,3,8,"memxor@17-24@crypto_codebases/nettle/nettle_2010/ccn_lib/memxor.c","crypto_codebases/nettle/nettle_2010/ccn_lib/memxor.c","memxor","memxor( uint8_t * dst , const uint8_t * src , size_t n)",17,24
7,2,55,4,8,"memxor3@27-34@crypto_codebases/nettle/nettle_2010/ccn_lib/memxor.c","crypto_codebases/nettle/nettle_2010/ccn_lib/memxor.c","memxor3","memxor3( uint8_t * dst , const uint8_t * a , const uint8_t * b , size_t n)",27,34
10,1,53,3,10,"asn1_der_iterator_init@89-98@crypto_codebases/nettle/nettle_2010/ccn_lib/der-iterator.c","crypto_codebases/nettle/nettle_2010/ccn_lib/der-iterator.c","asn1_der_iterator_init","asn1_der_iterator_init( struct asn1_der_iterator * iterator , unsigned length , const uint8_t * input)",89,98
46,14,282,1,59,"asn1_der_iterator_next@105-163@crypto_codebases/nettle/nettle_2010/ccn_lib/der-iterator.c","crypto_codebases/nettle/nettle_2010/ccn_lib/der-iterator.c","asn1_der_iterator_next","asn1_der_iterator_next( struct asn1_der_iterator * i)",105,163
6,1,32,3,6,"asn1_der_iterator_first@166-171@crypto_codebases/nettle/nettle_2010/ccn_lib/der-iterator.c","crypto_codebases/nettle/nettle_2010/ccn_lib/der-iterator.c","asn1_der_iterator_first","asn1_der_iterator_first( struct asn1_der_iterator * i , unsigned length , const uint8_t * input)",166,171
6,1,37,2,6,"asn1_der_decode_constructed@174-179@crypto_codebases/nettle/nettle_2010/ccn_lib/der-iterator.c","crypto_codebases/nettle/nettle_2010/ccn_lib/der-iterator.c","asn1_der_decode_constructed","asn1_der_decode_constructed( struct asn1_der_iterator * i , struct asn1_der_iterator * contents)",174,179
6,2,29,1,7,"asn1_der_decode_constructed_last@182-188@crypto_codebases/nettle/nettle_2010/ccn_lib/der-iterator.c","crypto_codebases/nettle/nettle_2010/ccn_lib/der-iterator.c","asn1_der_decode_constructed_last","asn1_der_decode_constructed_last( struct asn1_der_iterator * i)",182,188
8,3,61,2,10,"asn1_der_decode_bitstring@192-201@crypto_codebases/nettle/nettle_2010/ccn_lib/der-iterator.c","crypto_codebases/nettle/nettle_2010/ccn_lib/der-iterator.c","asn1_der_decode_bitstring","asn1_der_decode_bitstring( struct asn1_der_iterator * i , struct asn1_der_iterator * contents)",192,201
6,2,29,1,7,"asn1_der_decode_bitstring_last@204-210@crypto_codebases/nettle/nettle_2010/ccn_lib/der-iterator.c","crypto_codebases/nettle/nettle_2010/ccn_lib/der-iterator.c","asn1_der_decode_bitstring_last","asn1_der_decode_bitstring_last( struct asn1_der_iterator * i)",204,210
25,10,149,2,35,"asn1_der_get_uint32@213-247@crypto_codebases/nettle/nettle_2010/ccn_lib/der-iterator.c","crypto_codebases/nettle/nettle_2010/ccn_lib/der-iterator.c","asn1_der_get_uint32","asn1_der_get_uint32( struct asn1_der_iterator * i , uint32_t * x)",213,247
14,10,121,3,21,"asn1_der_get_bignum@251-271@crypto_codebases/nettle/nettle_2010/ccn_lib/der-iterator.c","crypto_codebases/nettle/nettle_2010/ccn_lib/der-iterator.c","asn1_der_get_bignum","asn1_der_get_bignum( struct asn1_der_iterator * i , mpz_t x , unsigned limit)",251,271
66,10,1748,3,75,"serpent_set_key@50-124@crypto_codebases/nettle/nettle_2010/ccn_lib/serpent.c","crypto_codebases/nettle/nettle_2010/ccn_lib/serpent.c","serpent_set_key","serpent_set_key( struct serpent_ctx * ctx , unsigned key_size , const uint8_t * key)",50,124
115,1,1928,4,123,"serpent_encrypt@127-249@crypto_codebases/nettle/nettle_2010/ccn_lib/serpent.c","crypto_codebases/nettle/nettle_2010/ccn_lib/serpent.c","serpent_encrypt","serpent_encrypt( struct serpent_ctx * ctx , unsigned length , uint8_t * dst , const uint8_t * plain)",127,249
115,1,1928,4,123,"serpent_decrypt@252-374@crypto_codebases/nettle/nettle_2010/ccn_lib/serpent.c","crypto_codebases/nettle/nettle_2010/ccn_lib/serpent.c","serpent_decrypt","serpent_decrypt( struct serpent_ctx * ctx , unsigned length , uint8_t * dst , const uint8_t * cipher)",252,374
36,6,270,3,61,"dsa_verify_digest@37-97@crypto_codebases/nettle/nettle_2010/ccn_lib/dsa-verify.c","crypto_codebases/nettle/nettle_2010/ccn_lib/dsa-verify.c","dsa_verify_digest","dsa_verify_digest( const struct dsa_public_key * key , const uint8_t * digest , const struct dsa_signature * signature)",37,97
8,1,49,3,9,"dsa_verify@100-108@crypto_codebases/nettle/nettle_2010/ccn_lib/dsa-verify.c","crypto_codebases/nettle/nettle_2010/ccn_lib/dsa-verify.c","dsa_verify","dsa_verify( const struct dsa_public_key * key , struct sha1_ctx * hash , const struct dsa_signature * signature)",100,108
12,2,79,4,15,"nettle_mpz_random_size@38-52@crypto_codebases/nettle/nettle_2010/ccn_lib/bignum-random.c","crypto_codebases/nettle/nettle_2010/ccn_lib/bignum-random.c","nettle_mpz_random_size","nettle_mpz_random_size( mpz_t x , void * ctx , nettle_random_func random , unsigned bits)",38,52
9,1,45,4,32,"nettle_mpz_random@56-87@crypto_codebases/nettle/nettle_2010/ccn_lib/bignum-random.c","crypto_codebases/nettle/nettle_2010/ccn_lib/bignum-random.c","nettle_mpz_random","nettle_mpz_random( mpz_t x , void * ctx , nettle_random_func random , const mpz_t n)",56,87
13,1,71,3,17,"rsa_sha1_verify@38-54@crypto_codebases/nettle/nettle_2010/ccn_lib/rsa-sha1-verify.c","crypto_codebases/nettle/nettle_2010/ccn_lib/rsa-sha1-verify.c","rsa_sha1_verify","rsa_sha1_verify( const struct rsa_public_key * key , struct sha1_ctx * hash , const mpz_t s)",38,54
13,1,71,3,17,"rsa_sha1_verify_digest@57-73@crypto_codebases/nettle/nettle_2010/ccn_lib/rsa-sha1-verify.c","crypto_codebases/nettle/nettle_2010/ccn_lib/rsa-sha1-verify.c","rsa_sha1_verify_digest","rsa_sha1_verify_digest( const struct rsa_public_key * key , const uint8_t * digest , const mpz_t s)",57,73
24,4,189,6,44,"rsa_encrypt@40-83@crypto_codebases/nettle/nettle_2010/ccn_lib/rsa-encrypt.c","crypto_codebases/nettle/nettle_2010/ccn_lib/rsa-encrypt.c","rsa_encrypt","rsa_encrypt( const struct rsa_public_key * key , void * random_ctx , nettle_random_func random , unsigned length , const uint8_t * message , mpz_t gibbberish)",40,83
4,1,13,1,4,"base64_encode_length@33-36@crypto_codebases/nettle/nettle_2010/ccn_lib/base64-meta.c","crypto_codebases/nettle/nettle_2010/ccn_lib/base64-meta.c","base64_encode_length","base64_encode_length( unsigned length)",33,36
4,1,13,1,4,"base64_decode_length@39-42@crypto_codebases/nettle/nettle_2010/ccn_lib/base64-meta.c","crypto_codebases/nettle/nettle_2010/ccn_lib/base64-meta.c","base64_decode_length","base64_decode_length( unsigned length)",39,42
33,3,178,4,45,"rsa_keypair_to_openpgp@58-102@crypto_codebases/nettle/nettle_2010/ccn_lib/rsa2openpgp.c","crypto_codebases/nettle/nettle_2010/ccn_lib/rsa2openpgp.c","rsa_keypair_to_openpgp","rsa_keypair_to_openpgp( struct nettle_buffer * buffer , const struct rsa_public_key * pub , const struct rsa_private_key * priv , const char * userid)",58,102
32,2,234,4,39,"cast128_encrypt@74-112@crypto_codebases/nettle/nettle_2010/ccn_lib/cast128.c","crypto_codebases/nettle/nettle_2010/ccn_lib/cast128.c","cast128_encrypt","cast128_encrypt( struct cast128_ctx * ctx , unsigned length , uint8_t * dst , const uint8_t * src)",74,112
32,2,234,4,41,"cast128_decrypt@118-158@crypto_codebases/nettle/nettle_2010/ccn_lib/cast128.c","crypto_codebases/nettle/nettle_2010/ccn_lib/cast128.c","cast128_decrypt","cast128_decrypt( struct cast128_ctx * ctx , unsigned length , uint8_t * dst , const uint8_t * src)",118,158
106,20,1671,3,112,"cast128_set_key@163-274@crypto_codebases/nettle/nettle_2010/ccn_lib/cast128.c","crypto_codebases/nettle/nettle_2010/ccn_lib/cast128.c","cast128_set_key","cast128_set_key( struct cast128_ctx * ctx , unsigned keybytes , const uint8_t * rawkey)",163,274
19,4,159,4,23,"dsa_keypair_from_sexp_alist@50-72@crypto_codebases/nettle/nettle_2010/ccn_lib/sexp2dsa.c","crypto_codebases/nettle/nettle_2010/ccn_lib/sexp2dsa.c","dsa_keypair_from_sexp_alist","dsa_keypair_from_sexp_alist( struct dsa_public_key * pub , struct dsa_private_key * priv , unsigned limit , struct sexp_iterator * i)",50,72
11,5,72,5,12,"dsa_keypair_from_sexp@75-86@crypto_codebases/nettle/nettle_2010/ccn_lib/sexp2dsa.c","crypto_codebases/nettle/nettle_2010/ccn_lib/sexp2dsa.c","dsa_keypair_from_sexp","dsa_keypair_from_sexp( struct dsa_public_key * pub , struct dsa_private_key * priv , unsigned limit , unsigned length , const uint8_t * expr)",75,86
11,2,87,2,14,"dsa_signature_from_sexp@89-102@crypto_codebases/nettle/nettle_2010/ccn_lib/sexp2dsa.c","crypto_codebases/nettle/nettle_2010/ccn_lib/sexp2dsa.c","dsa_signature_from_sexp","dsa_signature_from_sexp( struct dsa_signature * rs , struct sexp_iterator * i)",89,102
36,4,339,4,43,"arctwo_encrypt@87-129@crypto_codebases/nettle/nettle_2010/ccn_lib/arctwo.c","crypto_codebases/nettle/nettle_2010/ccn_lib/arctwo.c","arctwo_encrypt","arctwo_encrypt( struct arctwo_ctx * ctx , unsigned length , uint8_t * dst , const uint8_t * src)",87,129
36,4,346,4,44,"arctwo_decrypt@132-175@crypto_codebases/nettle/nettle_2010/ccn_lib/arctwo.c","crypto_codebases/nettle/nettle_2010/ccn_lib/arctwo.c","arctwo_decrypt","arctwo_decrypt( struct arctwo_ctx * ctx , unsigned length , uint8_t * dst , const uint8_t * src)",132,175
29,7,244,4,40,"arctwo_set_key_ekb@178-217@crypto_codebases/nettle/nettle_2010/ccn_lib/arctwo.c","crypto_codebases/nettle/nettle_2010/ccn_lib/arctwo.c","arctwo_set_key_ekb","arctwo_set_key_ekb( struct arctwo_ctx * ctx , unsigned length , const uint8_t * key , unsigned ekb)",178,217
4,1,30,3,4,"arctwo_set_key@220-223@crypto_codebases/nettle/nettle_2010/ccn_lib/arctwo.c","crypto_codebases/nettle/nettle_2010/ccn_lib/arctwo.c","arctwo_set_key","arctwo_set_key( struct arctwo_ctx * ctx , unsigned length , const uint8_t * key)",220,223
5,1,28,3,5,"arctwo_set_key_gutmann@226-230@crypto_codebases/nettle/nettle_2010/ccn_lib/arctwo.c","crypto_codebases/nettle/nettle_2010/ccn_lib/arctwo.c","arctwo_set_key_gutmann","arctwo_set_key_gutmann( struct arctwo_ctx * ctx , unsigned length , const uint8_t * key)",226,230
12,3,43,2,12,"my_index@215-226@crypto_codebases/nettle/nettle_2010/ccn_lib/getopt.c","crypto_codebases/nettle/nettle_2010/ccn_lib/getopt.c","my_index","my_index( str , chr) const",215,226
5,1,20,2,7,"store_args_and_env@271-277@crypto_codebases/nettle/nettle_2010/ccn_lib/getopt.c","crypto_codebases/nettle/nettle_2010/ccn_lib/getopt.c","store_args_and_env","store_args_and_env( int argc , char * const * argv)",271,277
53,10,300,1,78,"exchange@311-388@crypto_codebases/nettle/nettle_2010/ccn_lib/getopt.c","crypto_codebases/nettle/nettle_2010/ccn_lib/getopt.c","exchange","exchange( argv)",311,388
51,13,219,3,64,"_getopt_initialize@396-459@crypto_codebases/nettle/nettle_2010/ccn_lib/getopt.c","crypto_codebases/nettle/nettle_2010/ccn_lib/getopt.c","_getopt_initialize","_getopt_initialize( argc , argv , optstring) const",396,459
341,98,1684,6,464,"_getopt_internal@518-981@crypto_codebases/nettle/nettle_2010/ccn_lib/getopt.c","crypto_codebases/nettle/nettle_2010/ccn_lib/getopt.c","_getopt_internal","_getopt_internal( argc , argv , optstring , longopts , longind , long_only) const const",518,981
10,1,50,3,10,"getopt@984-993@crypto_codebases/nettle/nettle_2010/ccn_lib/getopt.c","crypto_codebases/nettle/nettle_2010/ccn_lib/getopt.c","getopt","getopt( argc , argv , optstring) const",984,993
53,22,208,2,63,"main@1003-1065@crypto_codebases/nettle/nettle_2010/ccn_lib/getopt.c","crypto_codebases/nettle/nettle_2010/ccn_lib/getopt.c","main","main( argc , argv)",1003,1065
29,2,215,6,42,"dsa_sign_digest@38-79@crypto_codebases/nettle/nettle_2010/ccn_lib/dsa-sign.c","crypto_codebases/nettle/nettle_2010/ccn_lib/dsa-sign.c","dsa_sign_digest","dsa_sign_digest( const struct dsa_public_key * pub , const struct dsa_private_key * key , void * random_ctx , nettle_random_func random , const uint8_t * digest , struct dsa_signature * signature)",38,79
11,1,66,6,12,"dsa_sign@82-93@crypto_codebases/nettle/nettle_2010/ccn_lib/dsa-sign.c","crypto_codebases/nettle/nettle_2010/ccn_lib/dsa-sign.c","dsa_sign","dsa_sign( const struct dsa_public_key * pub , const struct dsa_private_key * key , void * random_ctx , nettle_random_func random , struct sha1_ctx * hash , struct dsa_signature * signature)",82,93
31,7,240,4,37,"rsa_keypair_from_sexp_alist@50-86@crypto_codebases/nettle/nettle_2010/ccn_lib/sexp2rsa.c","crypto_codebases/nettle/nettle_2010/ccn_lib/sexp2rsa.c","rsa_keypair_from_sexp_alist","rsa_keypair_from_sexp_alist( struct rsa_public_key * pub , struct rsa_private_key * priv , unsigned limit , struct sexp_iterator * i)",50,86
16,5,110,5,20,"rsa_keypair_from_sexp@89-108@crypto_codebases/nettle/nettle_2010/ccn_lib/sexp2rsa.c","crypto_codebases/nettle/nettle_2010/ccn_lib/sexp2rsa.c","rsa_keypair_from_sexp","rsa_keypair_from_sexp( struct rsa_public_key * pub , struct rsa_private_key * priv , unsigned limit , unsigned length , const uint8_t * expr)",89,108
11,6,75,3,18,"dsa_params_from_der_iterator@42-59@crypto_codebases/nettle/nettle_2010/ccn_lib/der2dsa.c","crypto_codebases/nettle/nettle_2010/ccn_lib/der2dsa.c","dsa_params_from_der_iterator","dsa_params_from_der_iterator( struct dsa_public_key * pub , unsigned limit , struct asn1_der_iterator * i)",42,59
8,3,46,3,11,"dsa_public_key_from_der_iterator@62-72@crypto_codebases/nettle/nettle_2010/ccn_lib/der2dsa.c","crypto_codebases/nettle/nettle_2010/ccn_lib/der2dsa.c","dsa_public_key_from_der_iterator","dsa_public_key_from_der_iterator( struct dsa_public_key * pub , unsigned limit , struct asn1_der_iterator * i)",62,72
18,11,121,4,29,"dsa_openssl_private_key_from_der_iterator@77-105@crypto_codebases/nettle/nettle_2010/ccn_lib/der2dsa.c","crypto_codebases/nettle/nettle_2010/ccn_lib/der2dsa.c","dsa_openssl_private_key_from_der_iterator","dsa_openssl_private_key_from_der_iterator( struct dsa_public_key * pub , struct dsa_private_key * priv , unsigned limit , struct asn1_der_iterator * i)",77,105
11,2,64,5,13,"dsa_openssl_private_key_from_der@108-120@crypto_codebases/nettle/nettle_2010/ccn_lib/der2dsa.c","crypto_codebases/nettle/nettle_2010/ccn_lib/der2dsa.c","dsa_openssl_private_key_from_der","dsa_openssl_private_key_from_der( struct dsa_public_key * pub , struct dsa_private_key * priv , unsigned limit , unsigned length , const uint8_t * data)",108,120
18,3,101,4,19,"rsa_keypair_to_sexp@34-52@crypto_codebases/nettle/nettle_2010/ccn_lib/rsa2sexp.c","crypto_codebases/nettle/nettle_2010/ccn_lib/rsa2sexp.c","rsa_keypair_to_sexp","rsa_keypair_to_sexp( struct nettle_buffer * buffer , const char * algorithm_name , const struct rsa_public_key * pub , const struct rsa_private_key * priv)",34,52
35,2,394,5,48,"_nettle_aes_encrypt@36-83@crypto_codebases/nettle/nettle_2010/ccn_lib/aes-encrypt-internal.c","crypto_codebases/nettle/nettle_2010/ccn_lib/aes-encrypt-internal.c","_nettle_aes_encrypt","_nettle_aes_encrypt( const struct aes_ctx * ctx , const struct aes_table * T , unsigned length , uint8_t * dst , const uint8_t * src)",36,83
18,2,130,3,25,"yarrow256_init@76-100@crypto_codebases/nettle/nettle_2010/ccn_lib/yarrow256.c","crypto_codebases/nettle/nettle_2010/ccn_lib/yarrow256.c","yarrow256_init","yarrow256_init( struct yarrow256_ctx * ctx , unsigned n , struct yarrow_source * s)",76,100
8,1,44,3,9,"yarrow256_seed@103-111@crypto_codebases/nettle/nettle_2010/ccn_lib/yarrow256.c","crypto_codebases/nettle/nettle_2010/ccn_lib/yarrow256.c","yarrow256_seed","yarrow256_seed( struct yarrow256_ctx * ctx , unsigned length , const uint8_t * seed_file)",103,111
11,3,66,2,20,"yarrow_generate_block@116-135@crypto_codebases/nettle/nettle_2010/ccn_lib/yarrow256.c","crypto_codebases/nettle/nettle_2010/ccn_lib/yarrow256.c","yarrow_generate_block","yarrow_generate_block( struct yarrow256_ctx * ctx , uint8_t * block)",116,135
17,2,109,1,25,"yarrow_iterate@138-162@crypto_codebases/nettle/nettle_2010/ccn_lib/yarrow256.c","crypto_codebases/nettle/nettle_2010/ccn_lib/yarrow256.c","yarrow_iterate","yarrow_iterate( uint8_t * digest)",138,162
21,4,187,1,36,"yarrow256_fast_reseed@168-203@crypto_codebases/nettle/nettle_2010/ccn_lib/yarrow256.c","crypto_codebases/nettle/nettle_2010/ccn_lib/yarrow256.c","yarrow256_fast_reseed","yarrow256_fast_reseed( struct yarrow256_ctx * ctx)",168,203
11,3,95,1,21,"yarrow256_slow_reseed@206-226@crypto_codebases/nettle/nettle_2010/ccn_lib/yarrow256.c","crypto_codebases/nettle/nettle_2010/ccn_lib/yarrow256.c","yarrow256_slow_reseed","yarrow256_slow_reseed( struct yarrow256_ctx * ctx)",206,226
58,13,264,5,75,"yarrow256_update@229-303@crypto_codebases/nettle/nettle_2010/ccn_lib/yarrow256.c","crypto_codebases/nettle/nettle_2010/ccn_lib/yarrow256.c","yarrow256_update","yarrow256_update( struct yarrow256_ctx * ctx , unsigned source_index , unsigned entropy , unsigned length , const uint8_t * data)",229,303
8,2,59,1,10,"yarrow_gate@306-315@crypto_codebases/nettle/nettle_2010/ccn_lib/yarrow256.c","crypto_codebases/nettle/nettle_2010/ccn_lib/yarrow256.c","yarrow_gate","yarrow_gate( struct yarrow256_ctx * ctx)",306,315
18,3,86,3,20,"yarrow256_random@318-337@crypto_codebases/nettle/nettle_2010/ccn_lib/yarrow256.c","crypto_codebases/nettle/nettle_2010/ccn_lib/yarrow256.c","yarrow256_random","yarrow256_random( struct yarrow256_ctx * ctx , unsigned length , uint8_t * dst)",318,337
4,1,14,1,4,"yarrow256_is_seeded@340-343@crypto_codebases/nettle/nettle_2010/ccn_lib/yarrow256.c","crypto_codebases/nettle/nettle_2010/ccn_lib/yarrow256.c","yarrow256_is_seeded","yarrow256_is_seeded( struct yarrow256_ctx * ctx)",340,343
13,5,85,1,21,"yarrow256_needed_sources@346-366@crypto_codebases/nettle/nettle_2010/ccn_lib/yarrow256.c","crypto_codebases/nettle/nettle_2010/ccn_lib/yarrow256.c","yarrow256_needed_sources","yarrow256_needed_sources( struct yarrow256_ctx * ctx)",346,366
83,3,1615,2,93,"_nettle_md5_compress@75-167@crypto_codebases/nettle/nettle_2010/ccn_lib/md5-compress.c","crypto_codebases/nettle/nettle_2010/ccn_lib/md5-compress.c","_nettle_md5_compress","_nettle_md5_compress( uint32_t * digest , const uint8_t * input)",75,167
15,3,89,3,22,"_rsa_verify@35-56@crypto_codebases/nettle/nettle_2010/ccn_lib/rsa-verify.c","crypto_codebases/nettle/nettle_2010/ccn_lib/rsa-verify.c","_rsa_verify","_rsa_verify( const struct rsa_public_key * key , const mpz_t m , const mpz_t s)",35,56
11,1,78,3,13,"pkcs1_rsa_sha1_encode@65-77@crypto_codebases/nettle/nettle_2010/ccn_lib/pkcs1-rsa-sha1.c","crypto_codebases/nettle/nettle_2010/ccn_lib/pkcs1-rsa-sha1.c","pkcs1_rsa_sha1_encode","pkcs1_rsa_sha1_encode( mpz_t m , unsigned length , struct sha1_ctx * hash)",65,77
11,1,78,3,13,"pkcs1_rsa_sha1_encode_digest@80-92@crypto_codebases/nettle/nettle_2010/ccn_lib/pkcs1-rsa-sha1.c","crypto_codebases/nettle/nettle_2010/ccn_lib/pkcs1-rsa-sha1.c","pkcs1_rsa_sha1_encode_digest","pkcs1_rsa_sha1_encode_digest( mpz_t m , unsigned length , const uint8_t * digest)",80,92
103,3,2153,2,116,"_nettle_sha1_compress@128-243@crypto_codebases/nettle/nettle_2010/ccn_lib/sha1-compress.c","crypto_codebases/nettle/nettle_2010/ccn_lib/sha1-compress.c","_nettle_sha1_compress","_nettle_sha1_compress( uint32_t * state , const uint8_t * input)",128,243
8,1,49,3,10,"rsa_sha256_sign@38-47@crypto_codebases/nettle/nettle_2010/ccn_lib/rsa-sha256-sign.c","crypto_codebases/nettle/nettle_2010/ccn_lib/rsa-sha256-sign.c","rsa_sha256_sign","rsa_sha256_sign( const struct rsa_private_key * key , struct sha256_ctx * hash , mpz_t s)",38,47
8,1,49,3,10,"rsa_sha256_sign_digest@50-59@crypto_codebases/nettle/nettle_2010/ccn_lib/rsa-sha256-sign.c","crypto_codebases/nettle/nettle_2010/ccn_lib/rsa-sha256-sign.c","rsa_sha256_sign_digest","rsa_sha256_sign_digest( const struct rsa_private_key * key , const uint8_t * digest , mpz_t s)",50,59
12,7,76,3,18,"rsa_public_key_from_der_iterator@42-59@crypto_codebases/nettle/nettle_2010/ccn_lib/der2rsa.c","crypto_codebases/nettle/nettle_2010/ccn_lib/der2rsa.c","rsa_public_key_from_der_iterator","rsa_public_key_from_der_iterator( struct rsa_public_key * pub , unsigned limit , struct asn1_der_iterator * i)",42,59
33,19,205,4,52,"rsa_private_key_from_der_iterator@62-113@crypto_codebases/nettle/nettle_2010/ccn_lib/der2rsa.c","crypto_codebases/nettle/nettle_2010/ccn_lib/der2rsa.c","rsa_private_key_from_der_iterator","rsa_private_key_from_der_iterator( struct rsa_public_key * pub , struct rsa_private_key * priv , unsigned limit , struct asn1_der_iterator * i)",62,113
15,3,83,5,18,"rsa_keypair_from_der@116-133@crypto_codebases/nettle/nettle_2010/ccn_lib/der2rsa.c","crypto_codebases/nettle/nettle_2010/ccn_lib/der2rsa.c","rsa_keypair_from_der","rsa_keypair_from_der( struct rsa_public_key * pub , struct rsa_private_key * priv , unsigned limit , unsigned length , const uint8_t * data)",116,133
8,2,46,1,10,"yarrow_key_event_init@32-41@crypto_codebases/nettle/nettle_2010/ccn_lib/yarrow_key_event.c","crypto_codebases/nettle/nettle_2010/ccn_lib/yarrow_key_event.c","yarrow_key_event_init","yarrow_key_event_init( struct yarrow_key_event_ctx * ctx)",32,41
22,8,137,3,34,"yarrow_key_event_estimate@44-77@crypto_codebases/nettle/nettle_2010/ccn_lib/yarrow_key_event.c","crypto_codebases/nettle/nettle_2010/ccn_lib/yarrow_key_event.c","yarrow_key_event_estimate","yarrow_key_event_estimate( struct yarrow_key_event_ctx * ctx , unsigned key , unsigned time)",44,77
