8,1,50,2,8,"bitxor@36-43@crypto_codebases/orion/orion_2020/ccn_lib/src/util/u64x4.rs","crypto_codebases/orion/orion_2020/ccn_lib/src/util/u64x4.rs","bitxor","bitxor self , _rhs : Self",36,43
6,1,45,2,6,"bitxor_assign@49-54@crypto_codebases/orion/orion_2020/ccn_lib/src/util/u64x4.rs","crypto_codebases/orion/orion_2020/ccn_lib/src/util/u64x4.rs","bitxor_assign","bitxor_assign & mut self , _rhs : Self",49,54
3,1,18,0,3,"default@58-60@crypto_codebases/orion/orion_2020/ccn_lib/src/util/u64x4.rs","crypto_codebases/orion/orion_2020/ccn_lib/src/util/u64x4.rs","default","default",58,60
3,4,48,2,3,"eq@65-67@crypto_codebases/orion/orion_2020/ccn_lib/src/util/u64x4.rs","crypto_codebases/orion/orion_2020/ccn_lib/src/util/u64x4.rs","eq","eq & self , other : & Self",65,67
8,1,60,2,8,"wrapping_add@73-80@crypto_codebases/orion/orion_2020/ccn_lib/src/util/u64x4.rs","crypto_codebases/orion/orion_2020/ccn_lib/src/util/u64x4.rs","wrapping_add","wrapping_add self , _rhs : Self",73,80
3,1,27,1,3,"shl_1@84-86@crypto_codebases/orion/orion_2020/ccn_lib/src/util/u64x4.rs","crypto_codebases/orion/orion_2020/ccn_lib/src/util/u64x4.rs","shl_1","shl_1 self",84,86
3,1,27,1,3,"shl_2@90-92@crypto_codebases/orion/orion_2020/ccn_lib/src/util/u64x4.rs","crypto_codebases/orion/orion_2020/ccn_lib/src/util/u64x4.rs","shl_2","shl_2 self",90,92
3,1,27,1,3,"shl_3@96-98@crypto_codebases/orion/orion_2020/ccn_lib/src/util/u64x4.rs","crypto_codebases/orion/orion_2020/ccn_lib/src/util/u64x4.rs","shl_3","shl_3 self",96,98
8,1,52,2,8,"rotate_right@102-109@crypto_codebases/orion/orion_2020/ccn_lib/src/util/u64x4.rs","crypto_codebases/orion/orion_2020/ccn_lib/src/util/u64x4.rs","rotate_right","rotate_right self , n : u32",102,109
7,1,119,1,7,"store_into_le@112-118@crypto_codebases/orion/orion_2020/ccn_lib/src/util/u64x4.rs","crypto_codebases/orion/orion_2020/ccn_lib/src/util/u64x4.rs","store_into_le","store_into_le self , dst : & mut [ u8 ]",112,118
8,1,50,2,8,"bitxor@36-43@crypto_codebases/orion/orion_2020/ccn_lib/src/util/u32x4.rs","crypto_codebases/orion/orion_2020/ccn_lib/src/util/u32x4.rs","bitxor","bitxor self , _rhs : Self",36,43
8,1,60,2,8,"wrapping_add@49-56@crypto_codebases/orion/orion_2020/ccn_lib/src/util/u32x4.rs","crypto_codebases/orion/orion_2020/ccn_lib/src/util/u32x4.rs","wrapping_add","wrapping_add self , _rhs : Self",49,56
3,1,27,1,3,"shl_1@60-62@crypto_codebases/orion/orion_2020/ccn_lib/src/util/u32x4.rs","crypto_codebases/orion/orion_2020/ccn_lib/src/util/u32x4.rs","shl_1","shl_1 self",60,62
3,1,27,1,3,"shl_2@66-68@crypto_codebases/orion/orion_2020/ccn_lib/src/util/u32x4.rs","crypto_codebases/orion/orion_2020/ccn_lib/src/util/u32x4.rs","shl_2","shl_2 self",66,68
3,1,27,1,3,"shl_3@72-74@crypto_codebases/orion/orion_2020/ccn_lib/src/util/u32x4.rs","crypto_codebases/orion/orion_2020/ccn_lib/src/util/u32x4.rs","shl_3","shl_3 self",72,74
8,1,52,2,8,"rotate_left@78-85@crypto_codebases/orion/orion_2020/ccn_lib/src/util/u32x4.rs","crypto_codebases/orion/orion_2020/ccn_lib/src/util/u32x4.rs","rotate_left","rotate_left self , n : u32",78,85
7,2,55,0,9,"secure_rand_bytes@65-73@crypto_codebases/orion/orion_2020/ccn_lib/src/util/mod.rs","crypto_codebases/orion/orion_2020/ccn_lib/src/util/mod.rs","secure_rand_bytes","secure_rand_bytes dst : & mut [ u8 ]",65,73
7,2,56,0,7,"secure_cmp@102-108@crypto_codebases/orion/orion_2020/ccn_lib/src/util/mod.rs","crypto_codebases/orion/orion_2020/ccn_lib/src/util/mod.rs","secure_cmp","secure_cmp a : & [ u8 ] , b : & [ u8 ]",102,108
4,1,27,0,4,"rand_key_len_ok@116-119@crypto_codebases/orion/orion_2020/ccn_lib/src/util/mod.rs","crypto_codebases/orion/orion_2020/ccn_lib/src/util/mod.rs","rand_key_len_ok","rand_key_len_ok",116,119
7,1,65,0,8,"rand_key_len_error@123-130@crypto_codebases/orion/orion_2020/ccn_lib/src/util/mod.rs","crypto_codebases/orion/orion_2020/ccn_lib/src/util/mod.rs","rand_key_len_error","rand_key_len_error",123,130
6,1,58,0,7,"test_ct_eq_ok@134-140@crypto_codebases/orion/orion_2020/ccn_lib/src/util/mod.rs","crypto_codebases/orion/orion_2020/ccn_lib/src/util/mod.rs","test_ct_eq_ok","test_ct_eq_ok",134,140
6,1,58,0,7,"test_ct_eq_diff_len@143-149@crypto_codebases/orion/orion_2020/ccn_lib/src/util/mod.rs","crypto_codebases/orion/orion_2020/ccn_lib/src/util/mod.rs","test_ct_eq_diff_len","test_ct_eq_diff_len",143,149
6,1,58,0,7,"test_ct_ne@152-158@crypto_codebases/orion/orion_2020/ccn_lib/src/util/mod.rs","crypto_codebases/orion/orion_2020/ccn_lib/src/util/mod.rs","test_ct_ne","test_ct_ne",152,158
4,1,52,0,4,"test_ct_ne_reg@161-164@crypto_codebases/orion/orion_2020/ccn_lib/src/util/mod.rs","crypto_codebases/orion/orion_2020/ccn_lib/src/util/mod.rs","test_ct_ne_reg","test_ct_ne_reg",161,164
7,2,54,0,7,"prop_secure_cmp@168-174@crypto_codebases/orion/orion_2020/ccn_lib/src/util/mod.rs","crypto_codebases/orion/orion_2020/ccn_lib/src/util/mod.rs","prop_secure_cmp","prop_secure_cmp a : Vec < u8 > , b : Vec < u8 >",168,174
3,1,16,0,3,"test_load_single_src_high@164-166@crypto_codebases/orion/orion_2020/ccn_lib/src/util/endianness.rs","crypto_codebases/orion/orion_2020/ccn_lib/src/util/endianness.rs","test_load_single_src_high","test_load_single_src_high",164,166
3,1,16,0,3,"test_load_single_src_low@170-172@crypto_codebases/orion/orion_2020/ccn_lib/src/util/endianness.rs","crypto_codebases/orion/orion_2020/ccn_lib/src/util/endianness.rs","test_load_single_src_low","test_load_single_src_low",170,172
3,1,16,0,3,"test_load_single_src_ok@175-177@crypto_codebases/orion/orion_2020/ccn_lib/src/util/endianness.rs","crypto_codebases/orion/orion_2020/ccn_lib/src/util/endianness.rs","test_load_single_src_ok","test_load_single_src_ok",175,177
47,1,523,0,54,"test_results_store_and_load_u32_into_le@180-233@crypto_codebases/orion/orion_2020/ccn_lib/src/util/endianness.rs","crypto_codebases/orion/orion_2020/ccn_lib/src/util/endianness.rs","test_results_store_and_load_u32_into_le","test_results_store_and_load_u32_into_le",180,233
69,1,701,0,76,"test_results_store_and_load_u64_into_le@236-311@crypto_codebases/orion/orion_2020/ccn_lib/src/util/endianness.rs","crypto_codebases/orion/orion_2020/ccn_lib/src/util/endianness.rs","test_results_store_and_load_u64_into_le","test_results_store_and_load_u64_into_le",236,311
69,1,701,0,76,"test_results_store_and_load_u64_into_be@314-389@crypto_codebases/orion/orion_2020/ccn_lib/src/util/endianness.rs","crypto_codebases/orion/orion_2020/ccn_lib/src/util/endianness.rs","test_results_store_and_load_u64_into_be","test_results_store_and_load_u64_into_be",314,389
5,1,44,0,6,"test_results_load_u32@392-397@crypto_codebases/orion/orion_2020/ccn_lib/src/util/endianness.rs","crypto_codebases/orion/orion_2020/ccn_lib/src/util/endianness.rs","test_results_load_u32","test_results_load_u32",392,397
12,3,114,0,15,"prop_load_store_u32_le@406-420@crypto_codebases/orion/orion_2020/ccn_lib/src/util/endianness.rs","crypto_codebases/orion/orion_2020/ccn_lib/src/util/endianness.rs","prop_load_store_u32_le","prop_load_store_u32_le src : Vec < u8 >",406,420
11,3,98,0,13,"prop_load_store_u64_le@425-437@crypto_codebases/orion/orion_2020/ccn_lib/src/util/endianness.rs","crypto_codebases/orion/orion_2020/ccn_lib/src/util/endianness.rs","prop_load_store_u64_le","prop_load_store_u64_le src : Vec < u8 >",425,437
11,3,98,0,13,"prop_load_store_u64_be@442-454@crypto_codebases/orion/orion_2020/ccn_lib/src/util/endianness.rs","crypto_codebases/orion/orion_2020/ccn_lib/src/util/endianness.rs","prop_load_store_u64_be","prop_load_store_u64_be src : Vec < u8 >",442,454
10,2,101,0,13,"prop_store_load_u32_le@459-471@crypto_codebases/orion/orion_2020/ccn_lib/src/util/endianness.rs","crypto_codebases/orion/orion_2020/ccn_lib/src/util/endianness.rs","prop_store_load_u32_le","prop_store_load_u32_le src : Vec < u32 >",459,471
7,1,75,0,9,"prop_store_load_u64_le@476-484@crypto_codebases/orion/orion_2020/ccn_lib/src/util/endianness.rs","crypto_codebases/orion/orion_2020/ccn_lib/src/util/endianness.rs","prop_store_load_u64_le","prop_store_load_u64_le src : Vec < u64 >",476,484
7,1,75,0,9,"prop_store_load_u64_be@489-497@crypto_codebases/orion/orion_2020/ccn_lib/src/util/endianness.rs","crypto_codebases/orion/orion_2020/ccn_lib/src/util/endianness.rs","prop_store_load_u64_be","prop_store_load_u64_be src : Vec < u64 >",489,497
34,3,326,5,34,"AeadTestRunner@30-63@crypto_codebases/orion/orion_2020/ccn_lib/src/test_framework/aead_interface.rs","crypto_codebases/orion/orion_2020/ccn_lib/src/test_framework/aead_interface.rs","AeadTestRunner","AeadTestRunner sealer : Sealer , opener : Opener , key : Key , nonce : Nonce , input : & [ u8 ] , expected_ct_with_tag : Option < & [ u8 ] > , tag_size : usize , aad : & [ u8 ] ,",30,63
28,3,300,4,34,"seal_dst_out_length@68-101@crypto_codebases/orion/orion_2020/ccn_lib/src/test_framework/aead_interface.rs","crypto_codebases/orion/orion_2020/ccn_lib/src/test_framework/aead_interface.rs","seal_dst_out_length","seal_dst_out_length sealer : & Sealer , key : & Key , nonce : & Nonce , input : & [ u8 ] , tag_size : usize , aad : & [ u8 ] ,",68,101
20,3,263,4,23,"seal_plaintext_length@106-128@crypto_codebases/orion/orion_2020/ccn_lib/src/test_framework/aead_interface.rs","crypto_codebases/orion/orion_2020/ccn_lib/src/test_framework/aead_interface.rs","seal_plaintext_length","seal_plaintext_length sealer : & Sealer , key : & Key , nonce : & Nonce , tag_size : usize , aad : & [ u8 ] ,",106,128
25,3,366,5,30,"open_dst_out_length@133-162@crypto_codebases/orion/orion_2020/ccn_lib/src/test_framework/aead_interface.rs","crypto_codebases/orion/orion_2020/ccn_lib/src/test_framework/aead_interface.rs","open_dst_out_length","open_dst_out_length sealer : & Sealer , opener : & Opener , key : & Key , nonce : & Nonce , input : & [ u8 ] , tag_size : usize , aad : & [ u8 ] ,",133,162
48,3,337,5,54,"open_ciphertext_with_tag_length@166-219@crypto_codebases/orion/orion_2020/ccn_lib/src/test_framework/aead_interface.rs","crypto_codebases/orion/orion_2020/ccn_lib/src/test_framework/aead_interface.rs","open_ciphertext_with_tag_length","open_ciphertext_with_tag_length sealer : & Sealer , opener : & Opener , key : & Key , nonce : & Nonce , tag_size : usize , aad : & [ u8 ] ,",166,219
28,5,323,5,30,"seal_open_equals_expected@224-253@crypto_codebases/orion/orion_2020/ccn_lib/src/test_framework/aead_interface.rs","crypto_codebases/orion/orion_2020/ccn_lib/src/test_framework/aead_interface.rs","seal_open_equals_expected","seal_open_equals_expected sealer : & Sealer , opener : & Opener , key : & Key , nonce : & Nonce , input : & [ u8 ] , expected_ct_with_tag : Option < & [ u8 ] > , tag_size : usize , aad : & [ u8 ] ,",224,253
20,3,249,5,23,"open_modified_tag_err@257-279@crypto_codebases/orion/orion_2020/ccn_lib/src/test_framework/aead_interface.rs","crypto_codebases/orion/orion_2020/ccn_lib/src/test_framework/aead_interface.rs","open_modified_tag_err","open_modified_tag_err sealer : & Sealer , opener : & Opener , key : & Key , nonce : & Nonce , input : & [ u8 ] , tag_size : usize , aad : & [ u8 ] ,",257,279
20,3,243,5,23,"open_modified_ciphertext_err@283-305@crypto_codebases/orion/orion_2020/ccn_lib/src/test_framework/aead_interface.rs","crypto_codebases/orion/orion_2020/ccn_lib/src/test_framework/aead_interface.rs","open_modified_ciphertext_err","open_modified_ciphertext_err sealer : & Sealer , opener : & Opener , key : & Key , nonce : & Nonce , input : & [ u8 ] , tag_size : usize , aad : & [ u8 ] ,",283,305
19,3,240,5,21,"open_modified_aad_err@309-329@crypto_codebases/orion/orion_2020/ccn_lib/src/test_framework/aead_interface.rs","crypto_codebases/orion/orion_2020/ccn_lib/src/test_framework/aead_interface.rs","open_modified_aad_err","open_modified_aad_err sealer : & Sealer , opener : & Opener , key : & Key , nonce : & Nonce , input : & [ u8 ] , tag_size : usize , aad : & [ u8 ] ,",309,329
35,2,305,5,39,"none_or_empty_some_aad_same_result@333-371@crypto_codebases/orion/orion_2020/ccn_lib/src/test_framework/aead_interface.rs","crypto_codebases/orion/orion_2020/ccn_lib/src/test_framework/aead_interface.rs","none_or_empty_some_aad_same_result","none_or_empty_some_aad_same_result sealer : & Sealer , opener : & Opener , key : & Key , nonce : & Nonce , input : & [ u8 ] , tag_size : usize ,",333,371
28,3,210,5,29,"StreamCipherTestRunner@30-58@crypto_codebases/orion/orion_2020/ccn_lib/src/test_framework/streamcipher_interface.rs","crypto_codebases/orion/orion_2020/ccn_lib/src/test_framework/streamcipher_interface.rs","StreamCipherTestRunner","StreamCipherTestRunner encryptor : Encryptor , decryptor : Decryptor , key : Key , nonce : Nonce , counter : u32 , input : & [ u8 ] , expected_ct : Option < & [ u8 ] > ,",30,58
13,3,75,1,18,"counter_increase_times@64-81@crypto_codebases/orion/orion_2020/ccn_lib/src/test_framework/streamcipher_interface.rs","crypto_codebases/orion/orion_2020/ccn_lib/src/test_framework/streamcipher_interface.rs","counter_increase_times","counter_increase_times a : f32",64,81
18,3,197,5,21,"return_if_counter_will_overflow@84-104@crypto_codebases/orion/orion_2020/ccn_lib/src/test_framework/streamcipher_interface.rs","crypto_codebases/orion/orion_2020/ccn_lib/src/test_framework/streamcipher_interface.rs","return_if_counter_will_overflow","return_if_counter_will_overflow encryptor : & Encryptor , decryptor : & Decryptor , key : & Key , nonce : & Nonce , counter : u32 , input : & [ u8 ] ,",84,104
13,2,166,4,13,"encrypt_decrypt_input_empty@107-119@crypto_codebases/orion/orion_2020/ccn_lib/src/test_framework/streamcipher_interface.rs","crypto_codebases/orion/orion_2020/ccn_lib/src/test_framework/streamcipher_interface.rs","encrypt_decrypt_input_empty","encrypt_decrypt_input_empty encryptor : & Encryptor , decryptor : & Decryptor , key : & Key , nonce : & Nonce ,",107,119
24,2,366,4,28,"encrypt_decrypt_out_length@122-149@crypto_codebases/orion/orion_2020/ccn_lib/src/test_framework/streamcipher_interface.rs","crypto_codebases/orion/orion_2020/ccn_lib/src/test_framework/streamcipher_interface.rs","encrypt_decrypt_out_length","encrypt_decrypt_out_length encryptor : & Encryptor , decryptor : & Decryptor , key : & Key , nonce : & Nonce , input : & [ u8 ] ,",122,149
34,5,322,5,39,"encrypt_decrypt_equals_expected@153-191@crypto_codebases/orion/orion_2020/ccn_lib/src/test_framework/streamcipher_interface.rs","crypto_codebases/orion/orion_2020/ccn_lib/src/test_framework/streamcipher_interface.rs","encrypt_decrypt_equals_expected","encrypt_decrypt_equals_expected encryptor : & Encryptor , decryptor : & Decryptor , key : & Key , nonce : & Nonce , counter : u32 , input : & [ u8 ] , expected_ct : Option < & [ u8 ] > ,",153,191
27,2,174,4,27,"initial_counter_overflow_err@195-221@crypto_codebases/orion/orion_2020/ccn_lib/src/test_framework/streamcipher_interface.rs","crypto_codebases/orion/orion_2020/ccn_lib/src/test_framework/streamcipher_interface.rs","initial_counter_overflow_err","initial_counter_overflow_err encryptor : & Encryptor , decryptor : & Decryptor , key : & Key , nonce : & Nonce ,",195,221
27,2,174,4,27,"initial_counter_max_ok@225-251@crypto_codebases/orion/orion_2020/ccn_lib/src/test_framework/streamcipher_interface.rs","crypto_codebases/orion/orion_2020/ccn_lib/src/test_framework/streamcipher_interface.rs","initial_counter_max_ok","initial_counter_max_ok encryptor : & Encryptor , decryptor : & Decryptor , key : & Key , nonce : & Nonce ,",225,251
13,1,137,1,26,"reset@29-54@crypto_codebases/orion/orion_2020/ccn_lib/src/test_framework/incremental_interface.rs","crypto_codebases/orion/orion_2020/ccn_lib/src/test_framework/incremental_interface.rs","reset","reset & mut self",29,54
7,1,28,2,7,"new@63-69@crypto_codebases/orion/orion_2020/ccn_lib/src/test_framework/incremental_interface.rs","crypto_codebases/orion/orion_2020/ccn_lib/src/test_framework/incremental_interface.rs","new","new streaming_context : T , blocksize : usize",63,69
15,1,110,1,18,"run_all_tests_property@78-95@crypto_codebases/orion/orion_2020/ccn_lib/src/test_framework/incremental_interface.rs","crypto_codebases/orion/orion_2020/ccn_lib/src/test_framework/incremental_interface.rs","run_all_tests_property","run_all_tests_property & self , data : & [ u8 ]",78,95
16,1,142,1,19,"run_all_tests@100-118@crypto_codebases/orion/orion_2020/ccn_lib/src/test_framework/incremental_interface.rs","crypto_codebases/orion/orion_2020/ccn_lib/src/test_framework/incremental_interface.rs","run_all_tests","run_all_tests & self",100,118
15,1,136,1,15,"run_all_tests@123-137@crypto_codebases/orion/orion_2020/ccn_lib/src/test_framework/incremental_interface.rs","crypto_codebases/orion/orion_2020/ccn_lib/src/test_framework/incremental_interface.rs","run_all_tests","run_all_tests & self",123,137
37,2,387,1,56,"consistency@145-200@crypto_codebases/orion/orion_2020/ccn_lib/src/test_framework/incremental_interface.rs","crypto_codebases/orion/orion_2020/ccn_lib/src/test_framework/incremental_interface.rs","consistency","consistency & self , data : & [ u8 ]",145,200
15,1,160,1,23,"produces_same_state@205-227@crypto_codebases/orion/orion_2020/ccn_lib/src/test_framework/incremental_interface.rs","crypto_codebases/orion/orion_2020/ccn_lib/src/test_framework/incremental_interface.rs","produces_same_state","produces_same_state & self , data : & [ u8 ]",205,227
24,5,223,1,28,"incremental_processing_with_leftover@233-260@crypto_codebases/orion/orion_2020/ccn_lib/src/test_framework/incremental_interface.rs","crypto_codebases/orion/orion_2020/ccn_lib/src/test_framework/incremental_interface.rs","incremental_processing_with_leftover","incremental_processing_with_leftover & self",233,260
7,1,75,1,8,"incremental_and_one_shot@263-270@crypto_codebases/orion/orion_2020/ccn_lib/src/test_framework/incremental_interface.rs","crypto_codebases/orion/orion_2020/ccn_lib/src/test_framework/incremental_interface.rs","incremental_and_one_shot","incremental_and_one_shot & self , data : & [ u8 ]",263,270
7,1,75,1,7,"double_finalize_with_reset_no_update_ok@273-279@crypto_codebases/orion/orion_2020/ccn_lib/src/test_framework/incremental_interface.rs","crypto_codebases/orion/orion_2020/ccn_lib/src/test_framework/incremental_interface.rs","double_finalize_with_reset_no_update_ok","double_finalize_with_reset_no_update_ok & self , data : & [ u8 ]",273,279
8,1,86,1,8,"double_finalize_with_reset_ok@282-289@crypto_codebases/orion/orion_2020/ccn_lib/src/test_framework/incremental_interface.rs","crypto_codebases/orion/orion_2020/ccn_lib/src/test_framework/incremental_interface.rs","double_finalize_with_reset_ok","double_finalize_with_reset_ok & self , data : & [ u8 ]",282,289
6,1,65,1,6,"double_finalize_err@292-297@crypto_codebases/orion/orion_2020/ccn_lib/src/test_framework/incremental_interface.rs","crypto_codebases/orion/orion_2020/ccn_lib/src/test_framework/incremental_interface.rs","double_finalize_err","double_finalize_err & self , data : & [ u8 ]",292,297
7,1,76,1,7,"update_after_finalize_with_reset_ok@300-306@crypto_codebases/orion/orion_2020/ccn_lib/src/test_framework/incremental_interface.rs","crypto_codebases/orion/orion_2020/ccn_lib/src/test_framework/incremental_interface.rs","update_after_finalize_with_reset_ok","update_after_finalize_with_reset_ok & self , data : & [ u8 ]",300,306
6,1,66,1,6,"update_after_finalize_err@310-315@crypto_codebases/orion/orion_2020/ccn_lib/src/test_framework/incremental_interface.rs","crypto_codebases/orion/orion_2020/ccn_lib/src/test_framework/incremental_interface.rs","update_after_finalize_err","update_after_finalize_err & self , data : & [ u8 ]",310,315
7,1,75,1,7,"double_reset_ok@318-324@crypto_codebases/orion/orion_2020/ccn_lib/src/test_framework/incremental_interface.rs","crypto_codebases/orion/orion_2020/ccn_lib/src/test_framework/incremental_interface.rs","double_reset_ok","double_reset_ok & self , data : & [ u8 ]",318,324
4,1,34,1,4,"immediate_finalize@327-330@crypto_codebases/orion/orion_2020/ccn_lib/src/test_framework/incremental_interface.rs","crypto_codebases/orion/orion_2020/ccn_lib/src/test_framework/incremental_interface.rs","immediate_finalize","immediate_finalize & self",327,330
4,1,45,0,4,"verify_same_input_ok@333-336@crypto_codebases/orion/orion_2020/ccn_lib/src/test_framework/incremental_interface.rs","crypto_codebases/orion/orion_2020/ccn_lib/src/test_framework/incremental_interface.rs","verify_same_input_ok","verify_same_input_ok data : & [ u8 ]",333,336
4,1,46,0,4,"verify_diff_input_err@339-342@crypto_codebases/orion/orion_2020/ccn_lib/src/test_framework/incremental_interface.rs","crypto_codebases/orion/orion_2020/ccn_lib/src/test_framework/incremental_interface.rs","verify_diff_input_err","verify_diff_input_err data : & [ u8 ]",339,342
9,1,31,1,9,"fmt@30-38@crypto_codebases/orion/orion_2020/ccn_lib/src/errors/mod.rs","crypto_codebases/orion/orion_2020/ccn_lib/src/errors/mod.rs","fmt","fmt & self , f : & mut fmt :: Formatter < '_>) -> fmt::Result {
		write!(f, 'UnknownCryptoError')
	}
}

impl fmt::Debug for UnknownCryptoError {
	fn fmt(&self, f: &mut fmt::Formatter<' _ >",30,38
3,1,14,1,3,"from@43-45@crypto_codebases/orion/orion_2020/ccn_lib/src/errors/mod.rs","crypto_codebases/orion/orion_2020/ccn_lib/src/errors/mod.rs","from","from _ : getrandom :: Error",43,45
6,1,44,0,8,"test_unknown_crypto_error_debug_display@51-58@crypto_codebases/orion/orion_2020/ccn_lib/src/errors/mod.rs","crypto_codebases/orion/orion_2020/ccn_lib/src/errors/mod.rs","test_unknown_crypto_error_debug_display","test_unknown_crypto_error_debug_display",51,58
9,1,91,0,13,"test_unknown_crypto_from_getrandom@63-75@crypto_codebases/orion/orion_2020/ccn_lib/src/errors/mod.rs","crypto_codebases/orion/orion_2020/ccn_lib/src/errors/mod.rs","test_unknown_crypto_from_getrandom","test_unknown_crypto_from_getrandom",63,75
26,8,198,4,29,"function_f@102-130@crypto_codebases/orion/orion_2020/ccn_lib/src/hazardous/kdf/pbkdf2.rs","crypto_codebases/orion/orion_2020/ccn_lib/src/hazardous/kdf/pbkdf2.rs","function_f","function_f salt : & [ u8 ] , iterations : usize , index : u32 , dk_block : & mut [ u8 ] , block_len : usize , hmac : & mut hmac :: Hmac ,",102,130
29,6,163,2,34,"derive_key@135-168@crypto_codebases/orion/orion_2020/ccn_lib/src/hazardous/kdf/pbkdf2.rs","crypto_codebases/orion/orion_2020/ccn_lib/src/hazardous/kdf/pbkdf2.rs","derive_key","derive_key password : & Password , salt : & [ u8 ] , iterations : usize , dst_out : & mut [ u8 ] ,",135,168
10,2,66,2,10,"verify@172-181@crypto_codebases/orion/orion_2020/ccn_lib/src/hazardous/kdf/pbkdf2.rs","crypto_codebases/orion/orion_2020/ccn_lib/src/hazardous/kdf/pbkdf2.rs","verify","verify expected : & [ u8 ] , password : & Password , salt : & [ u8 ] , iterations : usize , dst_out : & mut [ u8 ] ,",172,181
9,1,104,0,11,"verify_true@192-202@crypto_codebases/orion/orion_2020/ccn_lib/src/hazardous/kdf/pbkdf2.rs","crypto_codebases/orion/orion_2020/ccn_lib/src/hazardous/kdf/pbkdf2.rs","verify_true","verify_true",192,202
9,1,105,0,11,"verify_false_wrong_salt@205-215@crypto_codebases/orion/orion_2020/ccn_lib/src/hazardous/kdf/pbkdf2.rs","crypto_codebases/orion/orion_2020/ccn_lib/src/hazardous/kdf/pbkdf2.rs","verify_false_wrong_salt","verify_false_wrong_salt",205,215
16,1,114,0,18,"verify_false_wrong_password@217-234@crypto_codebases/orion/orion_2020/ccn_lib/src/hazardous/kdf/pbkdf2.rs","crypto_codebases/orion/orion_2020/ccn_lib/src/hazardous/kdf/pbkdf2.rs","verify_false_wrong_password","verify_false_wrong_password",217,234
9,1,104,0,11,"verify_diff_dklen_error@237-247@crypto_codebases/orion/orion_2020/ccn_lib/src/hazardous/kdf/pbkdf2.rs","crypto_codebases/orion/orion_2020/ccn_lib/src/hazardous/kdf/pbkdf2.rs","verify_diff_dklen_error","verify_diff_dklen_error",237,247
9,1,104,0,11,"verify_diff_iter_error@250-260@crypto_codebases/orion/orion_2020/ccn_lib/src/hazardous/kdf/pbkdf2.rs","crypto_codebases/orion/orion_2020/ccn_lib/src/hazardous/kdf/pbkdf2.rs","verify_diff_iter_error","verify_diff_iter_error",250,260
7,1,72,0,8,"zero_iterations_err@267-274@crypto_codebases/orion/orion_2020/ccn_lib/src/hazardous/kdf/pbkdf2.rs","crypto_codebases/orion/orion_2020/ccn_lib/src/hazardous/kdf/pbkdf2.rs","zero_iterations_err","zero_iterations_err",267,274
7,1,72,0,8,"zero_dklen_err@277-284@crypto_codebases/orion/orion_2020/ccn_lib/src/hazardous/kdf/pbkdf2.rs","crypto_codebases/orion/orion_2020/ccn_lib/src/hazardous/kdf/pbkdf2.rs","zero_dklen_err","zero_dklen_err",277,284
5,3,61,0,5,"extract@80-84@crypto_codebases/orion/orion_2020/ccn_lib/src/hazardous/kdf/hkdf.rs","crypto_codebases/orion/orion_2020/ccn_lib/src/hazardous/kdf/hkdf.rs","extract","extract salt : & [ u8 ] , ikm : & [ u8 ]",80,84
31,12,247,1,38,"expand@88-125@crypto_codebases/orion/orion_2020/ccn_lib/src/hazardous/kdf/hkdf.rs","crypto_codebases/orion/orion_2020/ccn_lib/src/hazardous/kdf/hkdf.rs","expand","expand prk : & hmac :: Tag , info : Option < & [ u8 ] > , dst_out : & mut [ u8 ] ,",88,125
8,2,61,0,8,"derive_key@129-136@crypto_codebases/orion/orion_2020/ccn_lib/src/hazardous/kdf/hkdf.rs","crypto_codebases/orion/orion_2020/ccn_lib/src/hazardous/kdf/hkdf.rs","derive_key","derive_key salt : & [ u8 ] , ikm : & [ u8 ] , info : Option < & [ u8 ] > , dst_out : & mut [ u8 ] ,",129,136
10,3,79,0,10,"verify@140-149@crypto_codebases/orion/orion_2020/ccn_lib/src/hazardous/kdf/hkdf.rs","crypto_codebases/orion/orion_2020/ccn_lib/src/hazardous/kdf/hkdf.rs","verify","verify expected : & [ u8 ] , salt : & [ u8 ] , ikm : & [ u8 ] , info : Option < & [ u8 ] > , dst_out : & mut [ u8 ] ,",140,149
5,1,62,0,7,"hkdf_above_maximum_length_err@160-166@crypto_codebases/orion/orion_2020/ccn_lib/src/hazardous/kdf/hkdf.rs","crypto_codebases/orion/orion_2020/ccn_lib/src/hazardous/kdf/hkdf.rs","hkdf_above_maximum_length_err","hkdf_above_maximum_length_err",160,166
5,1,62,0,7,"hkdf_exact_maximum_length_ok@169-175@crypto_codebases/orion/orion_2020/ccn_lib/src/hazardous/kdf/hkdf.rs","crypto_codebases/orion/orion_2020/ccn_lib/src/hazardous/kdf/hkdf.rs","hkdf_exact_maximum_length_ok","hkdf_exact_maximum_length_ok",169,175
5,1,62,0,6,"hkdf_zero_length_err@178-183@crypto_codebases/orion/orion_2020/ccn_lib/src/hazardous/kdf/hkdf.rs","crypto_codebases/orion/orion_2020/ccn_lib/src/hazardous/kdf/hkdf.rs","hkdf_zero_length_err","hkdf_zero_length_err",178,183
6,1,82,0,7,"hkdf_info_param@186-192@crypto_codebases/orion/orion_2020/ccn_lib/src/hazardous/kdf/hkdf.rs","crypto_codebases/orion/orion_2020/ccn_lib/src/hazardous/kdf/hkdf.rs","hkdf_info_param","hkdf_info_param",186,192
13,3,163,1,17,"prop_test_derive_key_same_separate@208-224@crypto_codebases/orion/orion_2020/ccn_lib/src/hazardous/kdf/hkdf.rs","crypto_codebases/orion/orion_2020/ccn_lib/src/hazardous/kdf/hkdf.rs","prop_test_derive_key_same_separate","prop_test_derive_key_same_separate salt : Vec < u8 > , ikm : Vec < u8 > , info : Vec < u8 > , outsize : usize",208,224
9,1,91,0,11,"hkdf_verify_true@233-243@crypto_codebases/orion/orion_2020/ccn_lib/src/hazardous/kdf/hkdf.rs","crypto_codebases/orion/orion_2020/ccn_lib/src/hazardous/kdf/hkdf.rs","hkdf_verify_true","hkdf_verify_true",233,243
9,1,92,0,11,"hkdf_verify_wrong_salt@246-256@crypto_codebases/orion/orion_2020/ccn_lib/src/hazardous/kdf/hkdf.rs","crypto_codebases/orion/orion_2020/ccn_lib/src/hazardous/kdf/hkdf.rs","hkdf_verify_wrong_salt","hkdf_verify_wrong_salt",246,256
9,1,92,0,11,"hkdf_verify_wrong_ikm@259-269@crypto_codebases/orion/orion_2020/ccn_lib/src/hazardous/kdf/hkdf.rs","crypto_codebases/orion/orion_2020/ccn_lib/src/hazardous/kdf/hkdf.rs","hkdf_verify_wrong_ikm","hkdf_verify_wrong_ikm",259,269
9,1,91,0,11,"verify_diff_length@272-282@crypto_codebases/orion/orion_2020/ccn_lib/src/hazardous/kdf/hkdf.rs","crypto_codebases/orion/orion_2020/ccn_lib/src/hazardous/kdf/hkdf.rs","verify_diff_length","verify_diff_length",272,282
6,2,45,2,6,"poly1305_key_gen@111-116@crypto_codebases/orion/orion_2020/ccn_lib/src/hazardous/aead/chacha20poly1305.rs","crypto_codebases/orion/orion_2020/ccn_lib/src/hazardous/aead/chacha20poly1305.rs","poly1305_key_gen","poly1305_key_gen key : & SecretKey , nonce : & Nonce ,",111,116
11,3,40,1,13,"padding@121-133@crypto_codebases/orion/orion_2020/ccn_lib/src/hazardous/aead/chacha20poly1305.rs","crypto_codebases/orion/orion_2020/ccn_lib/src/hazardous/aead/chacha20poly1305.rs","padding","padding input : usize",121,133
22,7,225,2,32,"process_authentication@140-171@crypto_codebases/orion/orion_2020/ccn_lib/src/hazardous/aead/chacha20poly1305.rs","crypto_codebases/orion/orion_2020/ccn_lib/src/hazardous/aead/chacha20poly1305.rs","process_authentication","process_authentication poly1305_state : & mut poly1305 :: Poly1305 , ad : & [ u8 ] , buf : & [ u8 ] , buf_in_len : usize ,",140,171
31,8,227,2,36,"seal@175-210@crypto_codebases/orion/orion_2020/ccn_lib/src/hazardous/aead/chacha20poly1305.rs","crypto_codebases/orion/orion_2020/ccn_lib/src/hazardous/aead/chacha20poly1305.rs","seal","seal secret_key : & SecretKey , nonce : & Nonce , plaintext : & [ u8 ] , ad : Option < & [ u8 ] > , dst_out : & mut [ u8 ] ,",175,210
38,8,216,2,43,"open@214-256@crypto_codebases/orion/orion_2020/ccn_lib/src/hazardous/aead/chacha20poly1305.rs","crypto_codebases/orion/orion_2020/ccn_lib/src/hazardous/aead/chacha20poly1305.rs","open","open secret_key : & SecretKey , nonce : & Nonce , ciphertext_with_tag : & [ u8 ] , ad : Option < & [ u8 ] > , dst_out : & mut [ u8 ] ,",214,256
6,1,73,0,7,"prop_aead_interface@271-277@crypto_codebases/orion/orion_2020/ccn_lib/src/hazardous/aead/chacha20poly1305.rs","crypto_codebases/orion/orion_2020/ccn_lib/src/hazardous/aead/chacha20poly1305.rs","prop_aead_interface","prop_aead_interface input : Vec < u8 > , ad : Vec < u8 >",271,277
19,1,193,0,19,"test_length_padding@290-308@crypto_codebases/orion/orion_2020/ccn_lib/src/hazardous/aead/chacha20poly1305.rs","crypto_codebases/orion/orion_2020/ccn_lib/src/hazardous/aead/chacha20poly1305.rs","test_length_padding","test_length_padding",290,308
4,1,32,1,5,"prop_padding_result@318-322@crypto_codebases/orion/orion_2020/ccn_lib/src/hazardous/aead/chacha20poly1305.rs","crypto_codebases/orion/orion_2020/ccn_lib/src/hazardous/aead/chacha20poly1305.rs","prop_padding_result","prop_padding_result input : usize",318,322
3,1,17,1,3,"prop_result_never_above_15@328-330@crypto_codebases/orion/orion_2020/ccn_lib/src/hazardous/aead/chacha20poly1305.rs","crypto_codebases/orion/orion_2020/ccn_lib/src/hazardous/aead/chacha20poly1305.rs","prop_result_never_above_15","prop_result_never_above_15 input : usize",328,330
7,1,101,0,9,"test_panic_index_0@340-348@crypto_codebases/orion/orion_2020/ccn_lib/src/hazardous/aead/chacha20poly1305.rs","crypto_codebases/orion/orion_2020/ccn_lib/src/hazardous/aead/chacha20poly1305.rs","test_panic_index_0","test_panic_index_0",340,348
7,1,101,0,9,"test_panic_empty_buf@352-360@crypto_codebases/orion/orion_2020/ccn_lib/src/hazardous/aead/chacha20poly1305.rs","crypto_codebases/orion/orion_2020/ccn_lib/src/hazardous/aead/chacha20poly1305.rs","test_panic_empty_buf","test_panic_empty_buf",352,360
7,1,101,0,9,"test_panic_above_length_index@364-372@crypto_codebases/orion/orion_2020/ccn_lib/src/hazardous/aead/chacha20poly1305.rs","crypto_codebases/orion/orion_2020/ccn_lib/src/hazardous/aead/chacha20poly1305.rs","test_panic_above_length_index","test_panic_above_length_index",364,372
10,1,198,0,12,"test_length_index@375-386@crypto_codebases/orion/orion_2020/ccn_lib/src/hazardous/aead/chacha20poly1305.rs","crypto_codebases/orion/orion_2020/ccn_lib/src/hazardous/aead/chacha20poly1305.rs","test_length_index","test_length_index",375,386
18,1,162,0,19,"rfc8439_poly1305_key_gen_1@396-414@crypto_codebases/orion/orion_2020/ccn_lib/src/hazardous/aead/chacha20poly1305.rs","crypto_codebases/orion/orion_2020/ccn_lib/src/hazardous/aead/chacha20poly1305.rs","rfc8439_poly1305_key_gen_1","rfc8439_poly1305_key_gen_1",396,414
23,1,223,0,24,"rfc8439_poly1305_key_gen_2@417-440@crypto_codebases/orion/orion_2020/ccn_lib/src/hazardous/aead/chacha20poly1305.rs","crypto_codebases/orion/orion_2020/ccn_lib/src/hazardous/aead/chacha20poly1305.rs","rfc8439_poly1305_key_gen_2","rfc8439_poly1305_key_gen_2",417,440
23,1,223,0,24,"rfc8439_poly1305_key_gen_3@443-466@crypto_codebases/orion/orion_2020/ccn_lib/src/hazardous/aead/chacha20poly1305.rs","crypto_codebases/orion/orion_2020/ccn_lib/src/hazardous/aead/chacha20poly1305.rs","rfc8439_poly1305_key_gen_3","rfc8439_poly1305_key_gen_3",443,466
10,1,79,2,11,"seal@97-107@crypto_codebases/orion/orion_2020/ccn_lib/src/hazardous/aead/xchacha20poly1305.rs","crypto_codebases/orion/orion_2020/ccn_lib/src/hazardous/aead/xchacha20poly1305.rs","seal","seal secret_key : & SecretKey , nonce : & Nonce , plaintext : & [ u8 ] , ad : Option < & [ u8 ] > , dst_out : & mut [ u8 ] ,",97,107
10,1,79,2,11,"open@111-121@crypto_codebases/orion/orion_2020/ccn_lib/src/hazardous/aead/xchacha20poly1305.rs","crypto_codebases/orion/orion_2020/ccn_lib/src/hazardous/aead/xchacha20poly1305.rs","open","open secret_key : & SecretKey , nonce : & Nonce , ciphertext_with_tag : & [ u8 ] , ad : Option < & [ u8 ] > , dst_out : & mut [ u8 ] ,",111,121
6,1,61,0,7,"prop_aead_interface@137-143@crypto_codebases/orion/orion_2020/ccn_lib/src/hazardous/aead/xchacha20poly1305.rs","crypto_codebases/orion/orion_2020/ccn_lib/src/hazardous/aead/xchacha20poly1305.rs","prop_aead_interface","prop_aead_interface input : Vec < u8 > , ad : Vec < u8 >",137,143
8,2,39,1,8,"as_byte@135-142@crypto_codebases/orion/orion_2020/ccn_lib/src/hazardous/aead/streaming.rs","crypto_codebases/orion/orion_2020/ccn_lib/src/hazardous/aead/streaming.rs","as_byte","as_byte & self",135,142
9,2,65,1,9,"try_from@148-156@crypto_codebases/orion/orion_2020/ccn_lib/src/hazardous/aead/streaming.rs","crypto_codebases/orion/orion_2020/ccn_lib/src/hazardous/aead/streaming.rs","try_from","try_from byte : u8",148,156
3,1,36,2,3,"eq@160-162@crypto_codebases/orion/orion_2020/ccn_lib/src/hazardous/aead/streaming.rs","crypto_codebases/orion/orion_2020/ccn_lib/src/hazardous/aead/streaming.rs","eq","eq & self , other : & StreamTag",160,162
7,2,72,0,8,"xor_slices_8@175-182@crypto_codebases/orion/orion_2020/ccn_lib/src/hazardous/aead/streaming.rs","crypto_codebases/orion/orion_2020/ccn_lib/src/hazardous/aead/streaming.rs","xor_slices_8","xor_slices_8 out : & mut [ u8 ] , input : & [ u8 ]",175,182
7,1,36,1,7,"fmt@192-198@crypto_codebases/orion/orion_2020/ccn_lib/src/hazardous/aead/streaming.rs","crypto_codebases/orion/orion_2020/ccn_lib/src/hazardous/aead/streaming.rs","fmt","fmt & self , f : & mut core :: fmt :: Formatter < ' _ >",192,198
6,1,60,1,7,"get_nonce@204-210@crypto_codebases/orion/orion_2020/ccn_lib/src/hazardous/aead/streaming.rs","crypto_codebases/orion/orion_2020/ccn_lib/src/hazardous/aead/streaming.rs","get_nonce","get_nonce & self",204,210
28,9,258,3,31,"generate_auth_tag@213-243@crypto_codebases/orion/orion_2020/ccn_lib/src/hazardous/aead/streaming.rs","crypto_codebases/orion/orion_2020/ccn_lib/src/hazardous/aead/streaming.rs","generate_auth_tag","generate_auth_tag & mut self , text : & [ u8 ] , ad : & [ u8 ] , msglen : usize , block : & [ u8 ] , textpos : usize ,",213,243
17,3,119,3,18,"advance_state@247-264@crypto_codebases/orion/orion_2020/ccn_lib/src/hazardous/aead/streaming.rs","crypto_codebases/orion/orion_2020/ccn_lib/src/hazardous/aead/streaming.rs","advance_state","advance_state & mut self , mac : & Poly1305Tag , tag : & StreamTag ,",247,264
9,1,66,2,10,"new@267-276@crypto_codebases/orion/orion_2020/ccn_lib/src/hazardous/aead/streaming.rs","crypto_codebases/orion/orion_2020/ccn_lib/src/hazardous/aead/streaming.rs","new","new secret_key : & SecretKey , nonce : & Nonce",267,276
12,2,137,1,15,"rekey@280-294@crypto_codebases/orion/orion_2020/ccn_lib/src/hazardous/aead/streaming.rs","crypto_codebases/orion/orion_2020/ccn_lib/src/hazardous/aead/streaming.rs","rekey","rekey & mut self",280,294
28,7,252,2,34,"seal_chunk@298-331@crypto_codebases/orion/orion_2020/ccn_lib/src/hazardous/aead/streaming.rs","crypto_codebases/orion/orion_2020/ccn_lib/src/hazardous/aead/streaming.rs","seal_chunk","seal_chunk & mut self , plaintext : & [ u8 ] , ad : Option < & [ u8 ] > , dst_out : & mut [ u8 ] , tag : StreamTag ,",298,331
40,11,287,1,45,"open_chunk@336-380@crypto_codebases/orion/orion_2020/ccn_lib/src/hazardous/aead/streaming.rs","crypto_codebases/orion/orion_2020/ccn_lib/src/hazardous/aead/streaming.rs","open_chunk","open_chunk & mut self , ciphertext : & [ u8 ] , ad : Option < & [ u8 ] > , dst_out : & mut [ u8 ] ,",336,380
13,2,92,2,15,"seal@395-409@crypto_codebases/orion/orion_2020/ccn_lib/src/hazardous/aead/streaming.rs","crypto_codebases/orion/orion_2020/ccn_lib/src/hazardous/aead/streaming.rs","seal","seal sk : & SecretKey , nonce : & Nonce , input : & [ u8 ] , ad : Option < & [ u8 ] > , output : & mut [ u8 ] ,",395,409
14,3,95,2,18,"open@411-428@crypto_codebases/orion/orion_2020/ccn_lib/src/hazardous/aead/streaming.rs","crypto_codebases/orion/orion_2020/ccn_lib/src/hazardous/aead/streaming.rs","open","open sk : & SecretKey , nonce : & Nonce , input : & [ u8 ] , ad : Option < & [ u8 ] > , output : & mut [ u8 ] ,",411,428
6,1,61,0,7,"prop_aead_interface@431-437@crypto_codebases/orion/orion_2020/ccn_lib/src/hazardous/aead/streaming.rs","crypto_codebases/orion/orion_2020/ccn_lib/src/hazardous/aead/streaming.rs","prop_aead_interface","prop_aead_interface input : Vec < u8 > , ad : Vec < u8 >",431,437
8,1,127,0,11,"prop_same_input_twice_diff_output@441-451@crypto_codebases/orion/orion_2020/ccn_lib/src/hazardous/aead/streaming.rs","crypto_codebases/orion/orion_2020/ccn_lib/src/hazardous/aead/streaming.rs","prop_same_input_twice_diff_output","prop_same_input_twice_diff_output input : Vec < u8 > , ad : Vec < u8 >",441,451
9,2,96,1,9,"prop_tag@455-463@crypto_codebases/orion/orion_2020/ccn_lib/src/hazardous/aead/streaming.rs","crypto_codebases/orion/orion_2020/ccn_lib/src/hazardous/aead/streaming.rs","prop_tag","prop_tag byte : u8",455,463
7,1,77,0,7,"test_tag@492-498@crypto_codebases/orion/orion_2020/ccn_lib/src/hazardous/aead/streaming.rs","crypto_codebases/orion/orion_2020/ccn_lib/src/hazardous/aead/streaming.rs","test_tag","test_tag",492,498
203,1,1999,0,224,"test_seal_open_with_explicit_rekey@501-724@crypto_codebases/orion/orion_2020/ccn_lib/src/hazardous/aead/streaming.rs","crypto_codebases/orion/orion_2020/ccn_lib/src/hazardous/aead/streaming.rs","test_seal_open_with_explicit_rekey","test_seal_open_with_explicit_rekey",501,724
35,1,400,0,38,"test_reorder_or_drop_msg@727-764@crypto_codebases/orion/orion_2020/ccn_lib/src/hazardous/aead/streaming.rs","crypto_codebases/orion/orion_2020/ccn_lib/src/hazardous/aead/streaming.rs","test_reorder_or_drop_msg","test_reorder_or_drop_msg",727,764
50,1,472,0,62,"test_err_on_diff_tag@767-828@crypto_codebases/orion/orion_2020/ccn_lib/src/hazardous/aead/streaming.rs","crypto_codebases/orion/orion_2020/ccn_lib/src/hazardous/aead/streaming.rs","test_err_on_diff_tag","test_err_on_diff_tag",767,828
12,1,184,0,15,"test_err_on_modified_message_tag@831-845@crypto_codebases/orion/orion_2020/ccn_lib/src/hazardous/aead/streaming.rs","crypto_codebases/orion/orion_2020/ccn_lib/src/hazardous/aead/streaming.rs","test_err_on_modified_message_tag","test_err_on_modified_message_tag",831,845
9,1,127,0,9,"test_err_on_diff_secret_key@848-856@crypto_codebases/orion/orion_2020/ccn_lib/src/hazardous/aead/streaming.rs","crypto_codebases/orion/orion_2020/ccn_lib/src/hazardous/aead/streaming.rs","test_err_on_diff_secret_key","test_err_on_diff_secret_key",848,856
9,1,127,0,9,"test_err_on_diff_nonce@859-867@crypto_codebases/orion/orion_2020/ccn_lib/src/hazardous/aead/streaming.rs","crypto_codebases/orion/orion_2020/ccn_lib/src/hazardous/aead/streaming.rs","test_err_on_diff_nonce","test_err_on_diff_nonce",859,867
13,1,194,0,16,"test_err_on_modified_mac@870-885@crypto_codebases/orion/orion_2020/ccn_lib/src/hazardous/aead/streaming.rs","crypto_codebases/orion/orion_2020/ccn_lib/src/hazardous/aead/streaming.rs","test_err_on_modified_mac","test_err_on_modified_mac",870,885
12,1,183,0,15,"test_err_on_modified_cipher@888-902@crypto_codebases/orion/orion_2020/ccn_lib/src/hazardous/aead/streaming.rs","crypto_codebases/orion/orion_2020/ccn_lib/src/hazardous/aead/streaming.rs","test_err_on_modified_cipher","test_err_on_modified_cipher",888,902
13,1,178,0,16,"test_err_on_diff_ad@905-920@crypto_codebases/orion/orion_2020/ccn_lib/src/hazardous/aead/streaming.rs","crypto_codebases/orion/orion_2020/ccn_lib/src/hazardous/aead/streaming.rs","test_err_on_diff_ad","test_err_on_diff_ad",905,920
14,1,128,0,14,"test_encrypting_same_message_different_output@923-936@crypto_codebases/orion/orion_2020/ccn_lib/src/hazardous/aead/streaming.rs","crypto_codebases/orion/orion_2020/ccn_lib/src/hazardous/aead/streaming.rs","test_encrypting_same_message_different_output","test_encrypting_same_message_different_output",923,936
17,1,171,0,17,"test_encrypting_same_message_explicit_rekey@939-955@crypto_codebases/orion/orion_2020/ccn_lib/src/hazardous/aead/streaming.rs","crypto_codebases/orion/orion_2020/ccn_lib/src/hazardous/aead/streaming.rs","test_encrypting_same_message_explicit_rekey","test_encrypting_same_message_explicit_rekey",939,955
12,1,140,0,14,"test_seal_empty_and_open@960-973@crypto_codebases/orion/orion_2020/ccn_lib/src/hazardous/aead/streaming.rs","crypto_codebases/orion/orion_2020/ccn_lib/src/hazardous/aead/streaming.rs","test_seal_empty_and_open","test_seal_empty_and_open",960,973
14,1,162,0,16,"test_seal_open_zero_length_both@979-994@crypto_codebases/orion/orion_2020/ccn_lib/src/hazardous/aead/streaming.rs","crypto_codebases/orion/orion_2020/ccn_lib/src/hazardous/aead/streaming.rs","test_seal_open_zero_length_both","test_seal_open_zero_length_both",979,994
39,1,590,0,42,"test_new_to_msg_with_tag_final@997-1038@crypto_codebases/orion/orion_2020/ccn_lib/src/hazardous/aead/streaming.rs","crypto_codebases/orion/orion_2020/ccn_lib/src/hazardous/aead/streaming.rs","test_new_to_msg_with_tag_final","test_new_to_msg_with_tag_final",997,1038
39,1,590,0,42,"test_new_to_msg_with_tag_rekey@1041-1082@crypto_codebases/orion/orion_2020/ccn_lib/src/hazardous/aead/streaming.rs","crypto_codebases/orion/orion_2020/ccn_lib/src/hazardous/aead/streaming.rs","test_new_to_msg_with_tag_rekey","test_new_to_msg_with_tag_rekey",1041,1082
41,1,615,0,44,"test_new_to_msg_with_tag_final_twice@1085-1128@crypto_codebases/orion/orion_2020/ccn_lib/src/hazardous/aead/streaming.rs","crypto_codebases/orion/orion_2020/ccn_lib/src/hazardous/aead/streaming.rs","test_new_to_msg_with_tag_final_twice","test_new_to_msg_with_tag_final_twice",1085,1128
41,1,615,0,44,"test_new_to_msg_with_tag_rekey_twice@1131-1174@crypto_codebases/orion/orion_2020/ccn_lib/src/hazardous/aead/streaming.rs","crypto_codebases/orion/orion_2020/ccn_lib/src/hazardous/aead/streaming.rs","test_new_to_msg_with_tag_rekey_twice","test_new_to_msg_with_tag_rekey_twice",1131,1174
39,1,590,0,42,"test_new_to_msg_with_tag_push@1177-1218@crypto_codebases/orion/orion_2020/ccn_lib/src/hazardous/aead/streaming.rs","crypto_codebases/orion/orion_2020/ccn_lib/src/hazardous/aead/streaming.rs","test_new_to_msg_with_tag_push","test_new_to_msg_with_tag_push",1177,1218
40,1,592,0,43,"test_counter_overflow_with_tag_msg@1221-1263@crypto_codebases/orion/orion_2020/ccn_lib/src/hazardous/aead/streaming.rs","crypto_codebases/orion/orion_2020/ccn_lib/src/hazardous/aead/streaming.rs","test_counter_overflow_with_tag_msg","test_counter_overflow_with_tag_msg",1221,1263
40,1,600,0,43,"test_counter_overflow_with_tag_rekey@1266-1308@crypto_codebases/orion/orion_2020/ccn_lib/src/hazardous/aead/streaming.rs","crypto_codebases/orion/orion_2020/ccn_lib/src/hazardous/aead/streaming.rs","test_counter_overflow_with_tag_rekey","test_counter_overflow_with_tag_rekey",1266,1308
40,1,592,0,43,"test_counter_overflow_with_tag_final@1311-1353@crypto_codebases/orion/orion_2020/ccn_lib/src/hazardous/aead/streaming.rs","crypto_codebases/orion/orion_2020/ccn_lib/src/hazardous/aead/streaming.rs","test_counter_overflow_with_tag_final","test_counter_overflow_with_tag_final",1311,1353
40,1,592,0,43,"test_counter_overflow_with_tag_push@1356-1398@crypto_codebases/orion/orion_2020/ccn_lib/src/hazardous/aead/streaming.rs","crypto_codebases/orion/orion_2020/ccn_lib/src/hazardous/aead/streaming.rs","test_counter_overflow_with_tag_push","test_counter_overflow_with_tag_push",1356,1398
6,1,38,1,6,"drop@128-133@crypto_codebases/orion/orion_2020/ccn_lib/src/hazardous/hash/sha512.rs","crypto_codebases/orion/orion_2020/ccn_lib/src/hazardous/hash/sha512.rs","drop","drop & mut self",128,133
8,1,47,1,8,"fmt@137-144@crypto_codebases/orion/orion_2020/ccn_lib/src/hazardous/hash/sha512.rs","crypto_codebases/orion/orion_2020/ccn_lib/src/hazardous/hash/sha512.rs","fmt","fmt & self , f : & mut core :: fmt :: Formatter < ' _ >",137,144
3,1,13,0,3,"default@148-150@crypto_codebases/orion/orion_2020/ccn_lib/src/hazardous/hash/sha512.rs","crypto_codebases/orion/orion_2020/ccn_lib/src/hazardous/hash/sha512.rs","default","default",148,150
3,1,30,3,3,"ch@156-158@crypto_codebases/orion/orion_2020/ccn_lib/src/hazardous/hash/sha512.rs","crypto_codebases/orion/orion_2020/ccn_lib/src/hazardous/hash/sha512.rs","ch","ch x : u64 , y : u64 , z : u64",156,158
3,1,34,3,3,"maj@162-164@crypto_codebases/orion/orion_2020/ccn_lib/src/hazardous/hash/sha512.rs","crypto_codebases/orion/orion_2020/ccn_lib/src/hazardous/hash/sha512.rs","maj","maj x : u64 , y : u64 , z : u64",162,164
3,1,33,1,3,"big_sigma_0@168-170@crypto_codebases/orion/orion_2020/ccn_lib/src/hazardous/hash/sha512.rs","crypto_codebases/orion/orion_2020/ccn_lib/src/hazardous/hash/sha512.rs","big_sigma_0","big_sigma_0 x : u64",168,170
3,1,33,1,3,"big_sigma_1@174-176@crypto_codebases/orion/orion_2020/ccn_lib/src/hazardous/hash/sha512.rs","crypto_codebases/orion/orion_2020/ccn_lib/src/hazardous/hash/sha512.rs","big_sigma_1","big_sigma_1 x : u64",174,176
3,1,33,1,3,"small_sigma_0@180-182@crypto_codebases/orion/orion_2020/ccn_lib/src/hazardous/hash/sha512.rs","crypto_codebases/orion/orion_2020/ccn_lib/src/hazardous/hash/sha512.rs","small_sigma_0","small_sigma_0 x : u64",180,182
3,1,33,1,3,"small_sigma_1@186-188@crypto_codebases/orion/orion_2020/ccn_lib/src/hazardous/hash/sha512.rs","crypto_codebases/orion/orion_2020/ccn_lib/src/hazardous/hash/sha512.rs","small_sigma_1","small_sigma_1 x : u64",186,188
21,1,133,10,23,"compress@194-216@crypto_codebases/orion/orion_2020/ccn_lib/src/hazardous/hash/sha512.rs","crypto_codebases/orion/orion_2020/ccn_lib/src/hazardous/hash/sha512.rs","compress","compress a : u64 , b : u64 , c : u64 , d : & mut u64 , e : u64 , f : u64 , g : u64 , h : & mut u64 , x : u64 , ki : u64 ,",194,216
43,4,710,1,47,"process@222-268@crypto_codebases/orion/orion_2020/ccn_lib/src/hazardous/hash/sha512.rs","crypto_codebases/orion/orion_2020/ccn_lib/src/hazardous/hash/sha512.rs","process","process & mut self , data : Option < & [ u8 ] >",222,268
9,2,96,2,18,"increment_mlen@272-289@crypto_codebases/orion/orion_2020/ccn_lib/src/hazardous/hash/sha512.rs","crypto_codebases/orion/orion_2020/ccn_lib/src/hazardous/hash/sha512.rs","increment_mlen","increment_mlen & mut self , length : u64",272,289
9,1,39,0,9,"new@292-300@crypto_codebases/orion/orion_2020/ccn_lib/src/hazardous/hash/sha512.rs","crypto_codebases/orion/orion_2020/ccn_lib/src/hazardous/hash/sha512.rs","new","new",292,300
7,1,47,1,7,"reset@303-309@crypto_codebases/orion/orion_2020/ccn_lib/src/hazardous/hash/sha512.rs","crypto_codebases/orion/orion_2020/ccn_lib/src/hazardous/hash/sha512.rs","reset","reset & mut self",303,309
39,9,306,1,49,"update@313-361@crypto_codebases/orion/orion_2020/ccn_lib/src/hazardous/hash/sha512.rs","crypto_codebases/orion/orion_2020/ccn_lib/src/hazardous/hash/sha512.rs","update","update & mut self , data : & [ u8 ]",313,361
26,5,222,1,37,"finalize@365-401@crypto_codebases/orion/orion_2020/ccn_lib/src/hazardous/hash/sha512.rs","crypto_codebases/orion/orion_2020/ccn_lib/src/hazardous/hash/sha512.rs","finalize","finalize & mut self",365,401
5,2,42,0,5,"digest@405-409@crypto_codebases/orion/orion_2020/ccn_lib/src/hazardous/hash/sha512.rs","crypto_codebases/orion/orion_2020/ccn_lib/src/hazardous/hash/sha512.rs","digest","digest data : & [ u8 ]",405,409
7,1,83,2,7,"compare_sha512_states@415-421@crypto_codebases/orion/orion_2020/ccn_lib/src/hazardous/hash/sha512.rs","crypto_codebases/orion/orion_2020/ccn_lib/src/hazardous/hash/sha512.rs","compare_sha512_states","compare_sha512_states state_1 : & Sha512 , state_2 : & Sha512",415,421
3,1,25,1,3,"reset@433-435@crypto_codebases/orion/orion_2020/ccn_lib/src/hazardous/hash/sha512.rs","crypto_codebases/orion/orion_2020/ccn_lib/src/hazardous/hash/sha512.rs","reset","reset & mut self",433,435
3,1,30,1,3,"update@437-439@crypto_codebases/orion/orion_2020/ccn_lib/src/hazardous/hash/sha512.rs","crypto_codebases/orion/orion_2020/ccn_lib/src/hazardous/hash/sha512.rs","update","update & mut self , input : & [ u8 ]",437,439
3,1,21,1,3,"finalize@441-443@crypto_codebases/orion/orion_2020/ccn_lib/src/hazardous/hash/sha512.rs","crypto_codebases/orion/orion_2020/ccn_lib/src/hazardous/hash/sha512.rs","finalize","finalize & mut self",441,443
3,1,25,0,3,"one_shot@445-447@crypto_codebases/orion/orion_2020/ccn_lib/src/hazardous/hash/sha512.rs","crypto_codebases/orion/orion_2020/ccn_lib/src/hazardous/hash/sha512.rs","one_shot","one_shot input : & [ u8 ]",445,447
8,3,57,1,9,"verify_result@449-457@crypto_codebases/orion/orion_2020/ccn_lib/src/hazardous/hash/sha512.rs","crypto_codebases/orion/orion_2020/ccn_lib/src/hazardous/hash/sha512.rs","verify_result","verify_result expected : & Digest , input : & [ u8 ]",449,457
3,1,21,2,3,"compare_states@459-461@crypto_codebases/orion/orion_2020/ccn_lib/src/hazardous/hash/sha512.rs","crypto_codebases/orion/orion_2020/ccn_lib/src/hazardous/hash/sha512.rs","compare_states","compare_states state_1 : & Sha512 , state_2 : & Sha512",459,461
8,1,42,0,9,"default_consistency_tests@465-473@crypto_codebases/orion/orion_2020/ccn_lib/src/hazardous/hash/sha512.rs","crypto_codebases/orion/orion_2020/ccn_lib/src/hazardous/hash/sha512.rs","default_consistency_tests","default_consistency_tests",465,473
9,1,53,0,10,"prop_input_to_consistency@483-492@crypto_codebases/orion/orion_2020/ccn_lib/src/hazardous/hash/sha512.rs","crypto_codebases/orion/orion_2020/ccn_lib/src/hazardous/hash/sha512.rs","prop_input_to_consistency","prop_input_to_consistency data : Vec < u8 >",483,492
17,1,132,0,19,"test_mlen_increase_values@507-525@crypto_codebases/orion/orion_2020/ccn_lib/src/hazardous/hash/sha512.rs","crypto_codebases/orion/orion_2020/ccn_lib/src/hazardous/hash/sha512.rs","test_mlen_increase_values","test_mlen_increase_values",507,525
10,1,59,0,12,"test_panic_on_second_overflow@529-540@crypto_codebases/orion/orion_2020/ccn_lib/src/hazardous/hash/sha512.rs","crypto_codebases/orion/orion_2020/ccn_lib/src/hazardous/hash/sha512.rs","test_panic_on_second_overflow","test_panic_on_second_overflow",529,540
10,4,78,1,12,"digest@161-172@crypto_codebases/orion/orion_2020/ccn_lib/src/hazardous/hash/blake2b.rs","crypto_codebases/orion/orion_2020/ccn_lib/src/hazardous/hash/blake2b.rs","digest","digest & self , data : & [ u8 ]",161,172
7,2,59,1,7,"init@176-182@crypto_codebases/orion/orion_2020/ccn_lib/src/hazardous/hash/blake2b.rs","crypto_codebases/orion/orion_2020/ccn_lib/src/hazardous/hash/blake2b.rs","init","init & self",176,182
16,3,110,1,16,"drop@200-215@crypto_codebases/orion/orion_2020/ccn_lib/src/hazardous/hash/blake2b.rs","crypto_codebases/orion/orion_2020/ccn_lib/src/hazardous/hash/blake2b.rs","drop","drop & mut self",200,215
10,1,137,4,13,"round@147-159@crypto_codebases/orion/orion_2020/ccn_lib/src/hazardous/stream/chacha20.rs","crypto_codebases/orion/orion_2020/ccn_lib/src/hazardous/stream/chacha20.rs","round","round r0 : & mut U32x4 , r1 : & mut U32x4 , r2 : & mut U32x4 , r3 : & mut U32x4",147,159
10,1,105,4,15,"double_round@162-176@crypto_codebases/orion/orion_2020/ccn_lib/src/hazardous/stream/chacha20.rs","crypto_codebases/orion/orion_2020/ccn_lib/src/hazardous/stream/chacha20.rs","double_round","double_round r0 : & mut U32x4 , r1 : & mut U32x4 , r2 : & mut U32x4 , r3 : & mut U32x4",162,176
8,2,53,1,8,"drop@185-192@crypto_codebases/orion/orion_2020/ccn_lib/src/hazardous/stream/chacha20.rs","crypto_codebases/orion/orion_2020/ccn_lib/src/hazardous/stream/chacha20.rs","drop","drop & mut self",185,192
42,6,334,1,51,"new@200-250@crypto_codebases/orion/orion_2020/ccn_lib/src/hazardous/stream/chacha20.rs","crypto_codebases/orion/orion_2020/ccn_lib/src/hazardous/stream/chacha20.rs","new","new sk : & [ u8 ] , n : & [ u8 ] , is_ietf : bool",200,250
36,6,407,1,43,"process_block@254-296@crypto_codebases/orion/orion_2020/ccn_lib/src/hazardous/stream/chacha20.rs","crypto_codebases/orion/orion_2020/ccn_lib/src/hazardous/stream/chacha20.rs","process_block","process_block & mut self , block_counter : Option < u32 > ,",254,296
7,1,126,1,8,"xor_row_into@308-315@crypto_codebases/orion/orion_2020/ccn_lib/src/hazardous/stream/chacha20.rs","crypto_codebases/orion/orion_2020/ccn_lib/src/hazardous/stream/chacha20.rs","xor_row_into","xor_row_into row : & U32x4 , slice_in : & mut [ u8 ]",308,315
16,3,140,1,18,"xor_in_place@324-341@crypto_codebases/orion/orion_2020/ccn_lib/src/hazardous/stream/chacha20.rs","crypto_codebases/orion/orion_2020/ccn_lib/src/hazardous/stream/chacha20.rs","xor_in_place","xor_in_place self , ks : & [ U32x4 ; 4 ] , inplace : & mut [ u8 ]",324,341
30,7,230,3,36,"encrypt_in_place@345-380@crypto_codebases/orion/orion_2020/ccn_lib/src/hazardous/stream/chacha20.rs","crypto_codebases/orion/orion_2020/ccn_lib/src/hazardous/stream/chacha20.rs","encrypt_in_place","encrypt_in_place secret_key : & SecretKey , nonce : & Nonce , initial_counter : u32 , bytes : & mut [ u8 ] ,",345,380
21,3,115,3,22,"encrypt@384-405@crypto_codebases/orion/orion_2020/ccn_lib/src/hazardous/stream/chacha20.rs","crypto_codebases/orion/orion_2020/ccn_lib/src/hazardous/stream/chacha20.rs","encrypt","encrypt secret_key : & SecretKey , nonce : & Nonce , initial_counter : u32 , plaintext : & [ u8 ] , dst_out : & mut [ u8 ] ,",384,405
9,1,55,3,9,"decrypt@409-417@crypto_codebases/orion/orion_2020/ccn_lib/src/hazardous/stream/chacha20.rs","crypto_codebases/orion/orion_2020/ccn_lib/src/hazardous/stream/chacha20.rs","decrypt","decrypt secret_key : & SecretKey , nonce : & Nonce , initial_counter : u32 , ciphertext : & [ u8 ] , dst_out : & mut [ u8 ] ,",409,417
14,3,94,3,15,"keystream_block@421-435@crypto_codebases/orion/orion_2020/ccn_lib/src/hazardous/stream/chacha20.rs","crypto_codebases/orion/orion_2020/ccn_lib/src/hazardous/stream/chacha20.rs","keystream_block","keystream_block secret_key : & SecretKey , nonce : & Nonce , counter : u32 ,",421,435
9,3,83,1,10,"hchacha20@439-448@crypto_codebases/orion/orion_2020/ccn_lib/src/hazardous/stream/chacha20.rs","crypto_codebases/orion/orion_2020/ccn_lib/src/hazardous/stream/chacha20.rs","hchacha20","hchacha20 secret_key : & SecretKey , nonce : & [ u8 ] ,",439,448
6,1,65,1,7,"prop_streamcipher_interface@466-472@crypto_codebases/orion/orion_2020/ccn_lib/src/hazardous/stream/chacha20.rs","crypto_codebases/orion/orion_2020/ccn_lib/src/hazardous/stream/chacha20.rs","prop_streamcipher_interface","prop_streamcipher_interface input : Vec < u8 > , counter : u32",466,472
26,2,194,0,31,"prop_encrypt_decrypt_diff_keys_diff_input@478-508@crypto_codebases/orion/orion_2020/ccn_lib/src/hazardous/stream/chacha20.rs","crypto_codebases/orion/orion_2020/ccn_lib/src/hazardous/stream/chacha20.rs","prop_encrypt_decrypt_diff_keys_diff_input","prop_encrypt_decrypt_diff_keys_diff_input input : Vec < u8 >",478,508
26,2,194,0,31,"prop_encrypt_decrypt_diff_nonces_diff_input@514-544@crypto_codebases/orion/orion_2020/ccn_lib/src/hazardous/stream/chacha20.rs","crypto_codebases/orion/orion_2020/ccn_lib/src/hazardous/stream/chacha20.rs","prop_encrypt_decrypt_diff_nonces_diff_input","prop_encrypt_decrypt_diff_nonces_diff_input input : Vec < u8 >",514,544
26,2,194,0,31,"prop_encrypt_decrypt_diff_init_counter_diff_input@550-580@crypto_codebases/orion/orion_2020/ccn_lib/src/hazardous/stream/chacha20.rs","crypto_codebases/orion/orion_2020/ccn_lib/src/hazardous/stream/chacha20.rs","prop_encrypt_decrypt_diff_init_counter_diff_input","prop_encrypt_decrypt_diff_init_counter_diff_input input : Vec < u8 >",550,580
20,1,154,0,23,"test_counter@589-611@crypto_codebases/orion/orion_2020/ccn_lib/src/hazardous/stream/chacha20.rs","crypto_codebases/orion/orion_2020/ccn_lib/src/hazardous/stream/chacha20.rs","test_counter","test_counter",589,611
15,1,116,0,17,"test_diff_keys_diff_output@614-630@crypto_codebases/orion/orion_2020/ccn_lib/src/hazardous/stream/chacha20.rs","crypto_codebases/orion/orion_2020/ccn_lib/src/hazardous/stream/chacha20.rs","test_diff_keys_diff_output","test_diff_keys_diff_output",614,630
15,1,116,0,17,"test_diff_nonce_diff_output@633-649@crypto_codebases/orion/orion_2020/ccn_lib/src/hazardous/stream/chacha20.rs","crypto_codebases/orion/orion_2020/ccn_lib/src/hazardous/stream/chacha20.rs","test_diff_nonce_diff_output","test_diff_nonce_diff_output",633,649
15,1,116,0,17,"test_diff_initial_counter_diff_output@652-668@crypto_codebases/orion/orion_2020/ccn_lib/src/hazardous/stream/chacha20.rs","crypto_codebases/orion/orion_2020/ccn_lib/src/hazardous/stream/chacha20.rs","test_diff_initial_counter_diff_output","test_diff_initial_counter_diff_output",652,668
13,1,118,1,15,"prop_same_params_same_output@676-690@crypto_codebases/orion/orion_2020/ccn_lib/src/hazardous/stream/chacha20.rs","crypto_codebases/orion/orion_2020/ccn_lib/src/hazardous/stream/chacha20.rs","prop_same_params_same_output","prop_same_params_same_output counter : u32",676,690
6,1,150,0,6,"test_nonce_length@703-708@crypto_codebases/orion/orion_2020/ccn_lib/src/hazardous/stream/chacha20.rs","crypto_codebases/orion/orion_2020/ccn_lib/src/hazardous/stream/chacha20.rs","test_nonce_length","test_nonce_length",703,708
7,1,82,0,9,"test_diff_keys_diff_output@711-719@crypto_codebases/orion/orion_2020/ccn_lib/src/hazardous/stream/chacha20.rs","crypto_codebases/orion/orion_2020/ccn_lib/src/hazardous/stream/chacha20.rs","test_diff_keys_diff_output","test_diff_keys_diff_output",711,719
7,1,82,0,9,"test_diff_nonce_diff_output@722-730@crypto_codebases/orion/orion_2020/ccn_lib/src/hazardous/stream/chacha20.rs","crypto_codebases/orion/orion_2020/ccn_lib/src/hazardous/stream/chacha20.rs","test_diff_nonce_diff_output","test_diff_nonce_diff_output",722,730
8,1,88,3,9,"hchacha_test_runner@732-740@crypto_codebases/orion/orion_2020/ccn_lib/src/hazardous/stream/chacha20.rs","crypto_codebases/orion/orion_2020/ccn_lib/src/hazardous/stream/chacha20.rs","hchacha_test_runner","hchacha_test_runner key : & str , nonce : & str , output_expected : & str",732,740
7,1,30,0,7,"test_case_0@747-753@crypto_codebases/orion/orion_2020/ccn_lib/src/hazardous/stream/chacha20.rs","crypto_codebases/orion/orion_2020/ccn_lib/src/hazardous/stream/chacha20.rs","test_case_0","test_case_0",747,753
7,1,30,0,7,"test_case_1@755-761@crypto_codebases/orion/orion_2020/ccn_lib/src/hazardous/stream/chacha20.rs","crypto_codebases/orion/orion_2020/ccn_lib/src/hazardous/stream/chacha20.rs","test_case_1","test_case_1",755,761
7,1,30,0,7,"test_case_2@763-769@crypto_codebases/orion/orion_2020/ccn_lib/src/hazardous/stream/chacha20.rs","crypto_codebases/orion/orion_2020/ccn_lib/src/hazardous/stream/chacha20.rs","test_case_2","test_case_2",763,769
7,1,30,0,7,"test_case_3@771-777@crypto_codebases/orion/orion_2020/ccn_lib/src/hazardous/stream/chacha20.rs","crypto_codebases/orion/orion_2020/ccn_lib/src/hazardous/stream/chacha20.rs","test_case_3","test_case_3",771,777
7,1,30,0,7,"test_case_4@779-785@crypto_codebases/orion/orion_2020/ccn_lib/src/hazardous/stream/chacha20.rs","crypto_codebases/orion/orion_2020/ccn_lib/src/hazardous/stream/chacha20.rs","test_case_4","test_case_4",779,785
7,1,30,0,7,"test_case_5@787-793@crypto_codebases/orion/orion_2020/ccn_lib/src/hazardous/stream/chacha20.rs","crypto_codebases/orion/orion_2020/ccn_lib/src/hazardous/stream/chacha20.rs","test_case_5","test_case_5",787,793
7,1,30,0,7,"test_case_6@795-801@crypto_codebases/orion/orion_2020/ccn_lib/src/hazardous/stream/chacha20.rs","crypto_codebases/orion/orion_2020/ccn_lib/src/hazardous/stream/chacha20.rs","test_case_6","test_case_6",795,801
7,1,30,0,7,"test_case_7@803-809@crypto_codebases/orion/orion_2020/ccn_lib/src/hazardous/stream/chacha20.rs","crypto_codebases/orion/orion_2020/ccn_lib/src/hazardous/stream/chacha20.rs","test_case_7","test_case_7",803,809
7,1,30,0,7,"test_case_8@811-817@crypto_codebases/orion/orion_2020/ccn_lib/src/hazardous/stream/chacha20.rs","crypto_codebases/orion/orion_2020/ccn_lib/src/hazardous/stream/chacha20.rs","test_case_8","test_case_8",811,817
7,1,30,0,7,"test_case_9@819-825@crypto_codebases/orion/orion_2020/ccn_lib/src/hazardous/stream/chacha20.rs","crypto_codebases/orion/orion_2020/ccn_lib/src/hazardous/stream/chacha20.rs","test_case_9","test_case_9",819,825
7,1,30,0,7,"test_case_10@827-833@crypto_codebases/orion/orion_2020/ccn_lib/src/hazardous/stream/chacha20.rs","crypto_codebases/orion/orion_2020/ccn_lib/src/hazardous/stream/chacha20.rs","test_case_10","test_case_10",827,833
7,1,30,0,7,"test_case_11@835-841@crypto_codebases/orion/orion_2020/ccn_lib/src/hazardous/stream/chacha20.rs","crypto_codebases/orion/orion_2020/ccn_lib/src/hazardous/stream/chacha20.rs","test_case_11","test_case_11",835,841
7,1,30,0,7,"test_case_12@843-849@crypto_codebases/orion/orion_2020/ccn_lib/src/hazardous/stream/chacha20.rs","crypto_codebases/orion/orion_2020/ccn_lib/src/hazardous/stream/chacha20.rs","test_case_12","test_case_12",843,849
7,1,30,0,7,"test_case_13@851-857@crypto_codebases/orion/orion_2020/ccn_lib/src/hazardous/stream/chacha20.rs","crypto_codebases/orion/orion_2020/ccn_lib/src/hazardous/stream/chacha20.rs","test_case_13","test_case_13",851,857
7,1,30,0,7,"test_case_14@859-865@crypto_codebases/orion/orion_2020/ccn_lib/src/hazardous/stream/chacha20.rs","crypto_codebases/orion/orion_2020/ccn_lib/src/hazardous/stream/chacha20.rs","test_case_14","test_case_14",859,865
7,1,30,0,7,"test_case_15@867-873@crypto_codebases/orion/orion_2020/ccn_lib/src/hazardous/stream/chacha20.rs","crypto_codebases/orion/orion_2020/ccn_lib/src/hazardous/stream/chacha20.rs","test_case_15","test_case_15",867,873
7,1,30,0,7,"test_case_16@875-881@crypto_codebases/orion/orion_2020/ccn_lib/src/hazardous/stream/chacha20.rs","crypto_codebases/orion/orion_2020/ccn_lib/src/hazardous/stream/chacha20.rs","test_case_16","test_case_16",875,881
7,1,30,0,7,"test_case_17@883-889@crypto_codebases/orion/orion_2020/ccn_lib/src/hazardous/stream/chacha20.rs","crypto_codebases/orion/orion_2020/ccn_lib/src/hazardous/stream/chacha20.rs","test_case_17","test_case_17",883,889
7,1,30,0,7,"test_case_18@891-897@crypto_codebases/orion/orion_2020/ccn_lib/src/hazardous/stream/chacha20.rs","crypto_codebases/orion/orion_2020/ccn_lib/src/hazardous/stream/chacha20.rs","test_case_18","test_case_18",891,897
7,1,30,0,7,"test_case_19@899-905@crypto_codebases/orion/orion_2020/ccn_lib/src/hazardous/stream/chacha20.rs","crypto_codebases/orion/orion_2020/ccn_lib/src/hazardous/stream/chacha20.rs","test_case_19","test_case_19",899,905
7,1,30,0,7,"test_case_20@907-913@crypto_codebases/orion/orion_2020/ccn_lib/src/hazardous/stream/chacha20.rs","crypto_codebases/orion/orion_2020/ccn_lib/src/hazardous/stream/chacha20.rs","test_case_20","test_case_20",907,913
7,1,30,0,7,"test_case_21@915-921@crypto_codebases/orion/orion_2020/ccn_lib/src/hazardous/stream/chacha20.rs","crypto_codebases/orion/orion_2020/ccn_lib/src/hazardous/stream/chacha20.rs","test_case_21","test_case_21",915,921
7,1,30,0,7,"test_case_22@923-929@crypto_codebases/orion/orion_2020/ccn_lib/src/hazardous/stream/chacha20.rs","crypto_codebases/orion/orion_2020/ccn_lib/src/hazardous/stream/chacha20.rs","test_case_22","test_case_22",923,929
7,1,30,0,7,"test_case_23@931-937@crypto_codebases/orion/orion_2020/ccn_lib/src/hazardous/stream/chacha20.rs","crypto_codebases/orion/orion_2020/ccn_lib/src/hazardous/stream/chacha20.rs","test_case_23","test_case_23",931,937
7,1,30,0,7,"test_case_24@939-945@crypto_codebases/orion/orion_2020/ccn_lib/src/hazardous/stream/chacha20.rs","crypto_codebases/orion/orion_2020/ccn_lib/src/hazardous/stream/chacha20.rs","test_case_24","test_case_24",939,945
7,1,30,0,7,"test_case_25@947-953@crypto_codebases/orion/orion_2020/ccn_lib/src/hazardous/stream/chacha20.rs","crypto_codebases/orion/orion_2020/ccn_lib/src/hazardous/stream/chacha20.rs","test_case_25","test_case_25",947,953
7,1,30,0,7,"test_case_26@955-961@crypto_codebases/orion/orion_2020/ccn_lib/src/hazardous/stream/chacha20.rs","crypto_codebases/orion/orion_2020/ccn_lib/src/hazardous/stream/chacha20.rs","test_case_26","test_case_26",955,961
7,1,30,0,7,"test_case_27@963-969@crypto_codebases/orion/orion_2020/ccn_lib/src/hazardous/stream/chacha20.rs","crypto_codebases/orion/orion_2020/ccn_lib/src/hazardous/stream/chacha20.rs","test_case_27","test_case_27",963,969
7,1,30,0,7,"test_case_28@971-977@crypto_codebases/orion/orion_2020/ccn_lib/src/hazardous/stream/chacha20.rs","crypto_codebases/orion/orion_2020/ccn_lib/src/hazardous/stream/chacha20.rs","test_case_28","test_case_28",971,977
7,1,30,0,7,"test_case_29@979-985@crypto_codebases/orion/orion_2020/ccn_lib/src/hazardous/stream/chacha20.rs","crypto_codebases/orion/orion_2020/ccn_lib/src/hazardous/stream/chacha20.rs","test_case_29","test_case_29",979,985
7,1,30,0,7,"test_case_30@987-993@crypto_codebases/orion/orion_2020/ccn_lib/src/hazardous/stream/chacha20.rs","crypto_codebases/orion/orion_2020/ccn_lib/src/hazardous/stream/chacha20.rs","test_case_30","test_case_30",987,993
7,1,30,0,7,"test_case_31@995-1001@crypto_codebases/orion/orion_2020/ccn_lib/src/hazardous/stream/chacha20.rs","crypto_codebases/orion/orion_2020/ccn_lib/src/hazardous/stream/chacha20.rs","test_case_31","test_case_31",995,1001
7,1,30,0,7,"test_case_32@1003-1009@crypto_codebases/orion/orion_2020/ccn_lib/src/hazardous/stream/chacha20.rs","crypto_codebases/orion/orion_2020/ccn_lib/src/hazardous/stream/chacha20.rs","test_case_32","test_case_32",1003,1009
7,1,30,0,7,"test_case_33@1011-1017@crypto_codebases/orion/orion_2020/ccn_lib/src/hazardous/stream/chacha20.rs","crypto_codebases/orion/orion_2020/ccn_lib/src/hazardous/stream/chacha20.rs","test_case_33","test_case_33",1011,1017
7,1,30,0,7,"test_case_34@1019-1025@crypto_codebases/orion/orion_2020/ccn_lib/src/hazardous/stream/chacha20.rs","crypto_codebases/orion/orion_2020/ccn_lib/src/hazardous/stream/chacha20.rs","test_case_34","test_case_34",1019,1025
7,1,30,0,7,"test_case_35@1027-1033@crypto_codebases/orion/orion_2020/ccn_lib/src/hazardous/stream/chacha20.rs","crypto_codebases/orion/orion_2020/ccn_lib/src/hazardous/stream/chacha20.rs","test_case_35","test_case_35",1027,1033
7,1,30,0,7,"test_case_36@1035-1041@crypto_codebases/orion/orion_2020/ccn_lib/src/hazardous/stream/chacha20.rs","crypto_codebases/orion/orion_2020/ccn_lib/src/hazardous/stream/chacha20.rs","test_case_36","test_case_36",1035,1041
7,1,30,0,7,"test_case_37@1043-1049@crypto_codebases/orion/orion_2020/ccn_lib/src/hazardous/stream/chacha20.rs","crypto_codebases/orion/orion_2020/ccn_lib/src/hazardous/stream/chacha20.rs","test_case_37","test_case_37",1043,1049
7,1,30,0,7,"test_case_38@1051-1057@crypto_codebases/orion/orion_2020/ccn_lib/src/hazardous/stream/chacha20.rs","crypto_codebases/orion/orion_2020/ccn_lib/src/hazardous/stream/chacha20.rs","test_case_38","test_case_38",1051,1057
7,1,30,0,7,"test_case_39@1059-1065@crypto_codebases/orion/orion_2020/ccn_lib/src/hazardous/stream/chacha20.rs","crypto_codebases/orion/orion_2020/ccn_lib/src/hazardous/stream/chacha20.rs","test_case_39","test_case_39",1059,1065
7,1,30,0,7,"test_case_40@1067-1073@crypto_codebases/orion/orion_2020/ccn_lib/src/hazardous/stream/chacha20.rs","crypto_codebases/orion/orion_2020/ccn_lib/src/hazardous/stream/chacha20.rs","test_case_40","test_case_40",1067,1073
7,1,30,0,7,"test_case_41@1075-1081@crypto_codebases/orion/orion_2020/ccn_lib/src/hazardous/stream/chacha20.rs","crypto_codebases/orion/orion_2020/ccn_lib/src/hazardous/stream/chacha20.rs","test_case_41","test_case_41",1075,1081
7,1,30,0,7,"test_case_42@1083-1089@crypto_codebases/orion/orion_2020/ccn_lib/src/hazardous/stream/chacha20.rs","crypto_codebases/orion/orion_2020/ccn_lib/src/hazardous/stream/chacha20.rs","test_case_42","test_case_42",1083,1089
7,1,30,0,7,"test_case_43@1091-1097@crypto_codebases/orion/orion_2020/ccn_lib/src/hazardous/stream/chacha20.rs","crypto_codebases/orion/orion_2020/ccn_lib/src/hazardous/stream/chacha20.rs","test_case_43","test_case_43",1091,1097
7,1,30,0,7,"test_case_44@1099-1105@crypto_codebases/orion/orion_2020/ccn_lib/src/hazardous/stream/chacha20.rs","crypto_codebases/orion/orion_2020/ccn_lib/src/hazardous/stream/chacha20.rs","test_case_44","test_case_44",1099,1105
7,1,30,0,7,"test_case_45@1107-1113@crypto_codebases/orion/orion_2020/ccn_lib/src/hazardous/stream/chacha20.rs","crypto_codebases/orion/orion_2020/ccn_lib/src/hazardous/stream/chacha20.rs","test_case_45","test_case_45",1107,1113
7,1,30,0,7,"test_case_46@1115-1121@crypto_codebases/orion/orion_2020/ccn_lib/src/hazardous/stream/chacha20.rs","crypto_codebases/orion/orion_2020/ccn_lib/src/hazardous/stream/chacha20.rs","test_case_46","test_case_46",1115,1121
7,1,30,0,7,"test_case_47@1123-1129@crypto_codebases/orion/orion_2020/ccn_lib/src/hazardous/stream/chacha20.rs","crypto_codebases/orion/orion_2020/ccn_lib/src/hazardous/stream/chacha20.rs","test_case_47","test_case_47",1123,1129
7,1,30,0,7,"test_case_48@1131-1137@crypto_codebases/orion/orion_2020/ccn_lib/src/hazardous/stream/chacha20.rs","crypto_codebases/orion/orion_2020/ccn_lib/src/hazardous/stream/chacha20.rs","test_case_48","test_case_48",1131,1137
7,1,30,0,7,"test_case_49@1139-1145@crypto_codebases/orion/orion_2020/ccn_lib/src/hazardous/stream/chacha20.rs","crypto_codebases/orion/orion_2020/ccn_lib/src/hazardous/stream/chacha20.rs","test_case_49","test_case_49",1139,1145
16,1,180,0,17,"test_nonce_length@1158-1174@crypto_codebases/orion/orion_2020/ccn_lib/src/hazardous/stream/chacha20.rs","crypto_codebases/orion/orion_2020/ccn_lib/src/hazardous/stream/chacha20.rs","test_nonce_length","test_nonce_length",1158,1174
7,2,75,0,7,"prop_test_nonce_length_ietf@1182-1188@crypto_codebases/orion/orion_2020/ccn_lib/src/hazardous/stream/chacha20.rs","crypto_codebases/orion/orion_2020/ccn_lib/src/hazardous/stream/chacha20.rs","prop_test_nonce_length_ietf","prop_test_nonce_length_ietf nonce : Vec < u8 >",1182,1188
7,2,67,0,7,"prop_test_nonce_length_hchacha@1194-1200@crypto_codebases/orion/orion_2020/ccn_lib/src/hazardous/stream/chacha20.rs","crypto_codebases/orion/orion_2020/ccn_lib/src/hazardous/stream/chacha20.rs","prop_test_nonce_length_hchacha","prop_test_nonce_length_hchacha nonce : Vec < u8 >",1194,1200
12,1,130,0,13,"test_process_block_wrong_combination_of_variant_and_nonce@1208-1220@crypto_codebases/orion/orion_2020/ccn_lib/src/hazardous/stream/chacha20.rs","crypto_codebases/orion/orion_2020/ccn_lib/src/hazardous/stream/chacha20.rs","test_process_block_wrong_combination_of_variant_and_nonce","test_process_block_wrong_combination_of_variant_and_nonce",1208,1220
15,2,107,0,16,"test_process_block_panic_on_too_much_keystream_data_ietf@1224-1239@crypto_codebases/orion/orion_2020/ccn_lib/src/hazardous/stream/chacha20.rs","crypto_codebases/orion/orion_2020/ccn_lib/src/hazardous/stream/chacha20.rs","test_process_block_panic_on_too_much_keystream_data_ietf","test_process_block_panic_on_too_much_keystream_data_ietf",1224,1239
15,2,102,0,16,"test_process_block_panic_on_too_much_keystream_data_hchacha@1243-1258@crypto_codebases/orion/orion_2020/ccn_lib/src/hazardous/stream/chacha20.rs","crypto_codebases/orion/orion_2020/ccn_lib/src/hazardous/stream/chacha20.rs","test_process_block_panic_on_too_much_keystream_data_hchacha","test_process_block_panic_on_too_much_keystream_data_hchacha",1243,1258
3,4,48,2,3,"eq@1270-1272@crypto_codebases/orion/orion_2020/ccn_lib/src/hazardous/stream/chacha20.rs","crypto_codebases/orion/orion_2020/ccn_lib/src/hazardous/stream/chacha20.rs","eq","eq & self , other : & Self",1270,1272
3,2,40,0,3,"init@1276-1278@crypto_codebases/orion/orion_2020/ccn_lib/src/hazardous/stream/chacha20.rs","crypto_codebases/orion/orion_2020/ccn_lib/src/hazardous/stream/chacha20.rs","init","init key : & [ u8 ] , nonce : & [ u8 ]",1276,1278
37,1,448,0,43,"rfc8439_chacha20_block_results@1280-1322@crypto_codebases/orion/orion_2020/ccn_lib/src/hazardous/stream/chacha20.rs","crypto_codebases/orion/orion_2020/ccn_lib/src/hazardous/stream/chacha20.rs","rfc8439_chacha20_block_results","rfc8439_chacha20_block_results",1280,1322
36,1,435,0,41,"rfc8439_chacha20_block_test_1@1325-1365@crypto_codebases/orion/orion_2020/ccn_lib/src/hazardous/stream/chacha20.rs","crypto_codebases/orion/orion_2020/ccn_lib/src/hazardous/stream/chacha20.rs","rfc8439_chacha20_block_test_1","rfc8439_chacha20_block_test_1",1325,1365
36,1,435,0,41,"rfc8439_chacha20_block_test_2@1368-1408@crypto_codebases/orion/orion_2020/ccn_lib/src/hazardous/stream/chacha20.rs","crypto_codebases/orion/orion_2020/ccn_lib/src/hazardous/stream/chacha20.rs","rfc8439_chacha20_block_test_2","rfc8439_chacha20_block_test_2",1368,1408
36,1,435,0,41,"rfc8439_chacha20_block_test_3@1411-1451@crypto_codebases/orion/orion_2020/ccn_lib/src/hazardous/stream/chacha20.rs","crypto_codebases/orion/orion_2020/ccn_lib/src/hazardous/stream/chacha20.rs","rfc8439_chacha20_block_test_3","rfc8439_chacha20_block_test_3",1411,1451
36,1,435,0,41,"rfc8439_chacha20_block_test_4@1454-1494@crypto_codebases/orion/orion_2020/ccn_lib/src/hazardous/stream/chacha20.rs","crypto_codebases/orion/orion_2020/ccn_lib/src/hazardous/stream/chacha20.rs","rfc8439_chacha20_block_test_4","rfc8439_chacha20_block_test_4",1454,1494
36,1,435,0,41,"rfc8439_chacha20_block_test_5@1497-1537@crypto_codebases/orion/orion_2020/ccn_lib/src/hazardous/stream/chacha20.rs","crypto_codebases/orion/orion_2020/ccn_lib/src/hazardous/stream/chacha20.rs","rfc8439_chacha20_block_test_5","rfc8439_chacha20_block_test_5",1497,1537
79,1,825,0,96,"rfc8439_key_schedule@1540-1635@crypto_codebases/orion/orion_2020/ccn_lib/src/hazardous/stream/chacha20.rs","crypto_codebases/orion/orion_2020/ccn_lib/src/hazardous/stream/chacha20.rs","rfc8439_key_schedule","rfc8439_key_schedule",1540,1635
7,1,99,2,9,"subkey_and_nonce@111-119@crypto_codebases/orion/orion_2020/ccn_lib/src/hazardous/stream/xchacha20.rs","crypto_codebases/orion/orion_2020/ccn_lib/src/hazardous/stream/xchacha20.rs","subkey_and_nonce","subkey_and_nonce secret_key : & SecretKey , nonce : & Nonce",111,119
10,1,73,3,11,"encrypt@123-133@crypto_codebases/orion/orion_2020/ccn_lib/src/hazardous/stream/xchacha20.rs","crypto_codebases/orion/orion_2020/ccn_lib/src/hazardous/stream/xchacha20.rs","encrypt","encrypt secret_key : & SecretKey , nonce : & Nonce , initial_counter : u32 , plaintext : & [ u8 ] , dst_out : & mut [ u8 ] ,",123,133
9,1,55,3,9,"decrypt@137-145@crypto_codebases/orion/orion_2020/ccn_lib/src/hazardous/stream/xchacha20.rs","crypto_codebases/orion/orion_2020/ccn_lib/src/hazardous/stream/xchacha20.rs","decrypt","decrypt secret_key : & SecretKey , nonce : & Nonce , initial_counter : u32 , ciphertext : & [ u8 ] , dst_out : & mut [ u8 ] ,",137,145
6,1,55,1,7,"prop_streamcipher_interface@163-169@crypto_codebases/orion/orion_2020/ccn_lib/src/hazardous/stream/xchacha20.rs","crypto_codebases/orion/orion_2020/ccn_lib/src/hazardous/stream/xchacha20.rs","prop_streamcipher_interface","prop_streamcipher_interface input : Vec < u8 > , counter : u32",163,169
26,2,194,0,31,"prop_encrypt_decrypt_diff_keys_diff_input@175-205@crypto_codebases/orion/orion_2020/ccn_lib/src/hazardous/stream/xchacha20.rs","crypto_codebases/orion/orion_2020/ccn_lib/src/hazardous/stream/xchacha20.rs","prop_encrypt_decrypt_diff_keys_diff_input","prop_encrypt_decrypt_diff_keys_diff_input input : Vec < u8 >",175,205
26,2,194,0,31,"prop_encrypt_decrypt_diff_nonces_diff_input@211-241@crypto_codebases/orion/orion_2020/ccn_lib/src/hazardous/stream/xchacha20.rs","crypto_codebases/orion/orion_2020/ccn_lib/src/hazardous/stream/xchacha20.rs","prop_encrypt_decrypt_diff_nonces_diff_input","prop_encrypt_decrypt_diff_nonces_diff_input input : Vec < u8 >",211,241
26,2,194,0,31,"prop_encrypt_decrypt_diff_init_counter_diff_input@247-277@crypto_codebases/orion/orion_2020/ccn_lib/src/hazardous/stream/xchacha20.rs","crypto_codebases/orion/orion_2020/ccn_lib/src/hazardous/stream/xchacha20.rs","prop_encrypt_decrypt_diff_init_counter_diff_input","prop_encrypt_decrypt_diff_init_counter_diff_input input : Vec < u8 >",247,277
8,1,39,1,8,"fmt@107-114@crypto_codebases/orion/orion_2020/ccn_lib/src/hazardous/mac/hmac.rs","crypto_codebases/orion/orion_2020/ccn_lib/src/hazardous/mac/hmac.rs","fmt","fmt & self , f : & mut core :: fmt :: Formatter < ' _ >",107,114
13,2,128,2,19,"pad_key_io@120-138@crypto_codebases/orion/orion_2020/ccn_lib/src/hazardous/mac/hmac.rs","crypto_codebases/orion/orion_2020/ccn_lib/src/hazardous/mac/hmac.rs","pad_key_io","pad_key_io & mut self , key : & SecretKey",120,138
10,1,62,1,11,"new@141-151@crypto_codebases/orion/orion_2020/ccn_lib/src/hazardous/mac/hmac.rs","crypto_codebases/orion/orion_2020/ccn_lib/src/hazardous/mac/hmac.rs","new","new secret_key : & SecretKey",141,151
4,1,27,1,4,"reset@154-157@crypto_codebases/orion/orion_2020/ccn_lib/src/hazardous/mac/hmac.rs","crypto_codebases/orion/orion_2020/ccn_lib/src/hazardous/mac/hmac.rs","reset","reset & mut self",154,157
7,2,45,1,7,"update@161-167@crypto_codebases/orion/orion_2020/ccn_lib/src/hazardous/mac/hmac.rs","crypto_codebases/orion/orion_2020/ccn_lib/src/hazardous/mac/hmac.rs","update","update & mut self , data : & [ u8 ]",161,167
10,6,89,1,12,"finalize@171-182@crypto_codebases/orion/orion_2020/ccn_lib/src/hazardous/mac/hmac.rs","crypto_codebases/orion/orion_2020/ccn_lib/src/hazardous/mac/hmac.rs","finalize","finalize & mut self",171,182
5,2,48,1,5,"hmac@186-190@crypto_codebases/orion/orion_2020/ccn_lib/src/hazardous/mac/hmac.rs","crypto_codebases/orion/orion_2020/ccn_lib/src/hazardous/mac/hmac.rs","hmac","hmac secret_key : & SecretKey , data : & [ u8 ]",186,190
11,3,58,2,11,"verify@194-204@crypto_codebases/orion/orion_2020/ccn_lib/src/hazardous/mac/hmac.rs","crypto_codebases/orion/orion_2020/ccn_lib/src/hazardous/mac/hmac.rs","verify","verify expected : & Tag , secret_key : & SecretKey , data : & [ u8 ] ,",194,204
8,1,94,0,9,"prop_verify_diff_key_false@224-232@crypto_codebases/orion/orion_2020/ccn_lib/src/hazardous/mac/hmac.rs","crypto_codebases/orion/orion_2020/ccn_lib/src/hazardous/mac/hmac.rs","prop_verify_diff_key_false","prop_verify_diff_key_false data : Vec < u8 >",224,232
3,1,25,1,3,"reset@245-247@crypto_codebases/orion/orion_2020/ccn_lib/src/hazardous/mac/hmac.rs","crypto_codebases/orion/orion_2020/ccn_lib/src/hazardous/mac/hmac.rs","reset","reset & mut self",245,247
3,1,30,1,3,"update@249-251@crypto_codebases/orion/orion_2020/ccn_lib/src/hazardous/mac/hmac.rs","crypto_codebases/orion/orion_2020/ccn_lib/src/hazardous/mac/hmac.rs","update","update & mut self , input : & [ u8 ]",249,251
3,1,21,1,3,"finalize@253-255@crypto_codebases/orion/orion_2020/ccn_lib/src/hazardous/mac/hmac.rs","crypto_codebases/orion/orion_2020/ccn_lib/src/hazardous/mac/hmac.rs","finalize","finalize & mut self",253,255
3,1,38,0,3,"one_shot@257-259@crypto_codebases/orion/orion_2020/ccn_lib/src/hazardous/mac/hmac.rs","crypto_codebases/orion/orion_2020/ccn_lib/src/hazardous/mac/hmac.rs","one_shot","one_shot input : & [ u8 ]",257,259
3,1,46,1,5,"verify_result@261-265@crypto_codebases/orion/orion_2020/ccn_lib/src/hazardous/mac/hmac.rs","crypto_codebases/orion/orion_2020/ccn_lib/src/hazardous/mac/hmac.rs","verify_result","verify_result expected : & Tag , input : & [ u8 ]",261,265
6,1,66,2,6,"compare_states@267-272@crypto_codebases/orion/orion_2020/ccn_lib/src/hazardous/mac/hmac.rs","crypto_codebases/orion/orion_2020/ccn_lib/src/hazardous/mac/hmac.rs","compare_states","compare_states state_1 : & Hmac , state_2 : & Hmac",267,272
8,1,54,0,9,"default_consistency_tests@276-284@crypto_codebases/orion/orion_2020/ccn_lib/src/hazardous/mac/hmac.rs","crypto_codebases/orion/orion_2020/ccn_lib/src/hazardous/mac/hmac.rs","default_consistency_tests","default_consistency_tests",276,284
9,1,65,0,10,"prop_input_to_consistency@294-303@crypto_codebases/orion/orion_2020/ccn_lib/src/hazardous/mac/hmac.rs","crypto_codebases/orion/orion_2020/ccn_lib/src/hazardous/mac/hmac.rs","prop_input_to_consistency","prop_input_to_consistency data : Vec < u8 >",294,303
7,1,46,1,7,"drop@122-128@crypto_codebases/orion/orion_2020/ccn_lib/src/hazardous/mac/poly1305.rs","crypto_codebases/orion/orion_2020/ccn_lib/src/hazardous/mac/poly1305.rs","drop","drop & mut self",122,128
15,3,110,2,18,"hash_password@86-103@crypto_codebases/orion/orion_2020/ccn_lib/src/pwhash.rs","crypto_codebases/orion/orion_2020/ccn_lib/src/pwhash.rs","hash_password","hash_password password : & Password , iterations : usize ,",86,103
16,3,101,3,19,"hash_password_verify@107-125@crypto_codebases/orion/orion_2020/ccn_lib/src/pwhash.rs","crypto_codebases/orion/orion_2020/ccn_lib/src/pwhash.rs","hash_password_verify","hash_password_verify expected_with_salt : & PasswordHash , password : & Password , iterations : usize ,",107,125
5,1,59,0,6,"test_pbkdf2_verify@136-141@crypto_codebases/orion/orion_2020/ccn_lib/src/pwhash.rs","crypto_codebases/orion/orion_2020/ccn_lib/src/pwhash.rs","test_pbkdf2_verify","test_pbkdf2_verify",136,141
8,1,106,0,10,"test_pbkdf2_verify_err_modified_salt@144-153@crypto_codebases/orion/orion_2020/ccn_lib/src/pwhash.rs","crypto_codebases/orion/orion_2020/ccn_lib/src/pwhash.rs","test_pbkdf2_verify_err_modified_salt","test_pbkdf2_verify_err_modified_salt",144,153
8,1,106,0,10,"test_pbkdf2_verify_err_modified_password@156-165@crypto_codebases/orion/orion_2020/ccn_lib/src/pwhash.rs","crypto_codebases/orion/orion_2020/ccn_lib/src/pwhash.rs","test_pbkdf2_verify_err_modified_password","test_pbkdf2_verify_err_modified_password",156,165
8,1,106,0,10,"test_pbkdf2_verify_err_modified_salt_and_password@168-177@crypto_codebases/orion/orion_2020/ccn_lib/src/pwhash.rs","crypto_codebases/orion/orion_2020/ccn_lib/src/pwhash.rs","test_pbkdf2_verify_err_modified_salt_and_password","test_pbkdf2_verify_err_modified_salt_and_password",168,177
4,1,41,0,5,"test_pbkdf2_zero_iterations@180-184@crypto_codebases/orion/orion_2020/ccn_lib/src/pwhash.rs","crypto_codebases/orion/orion_2020/ccn_lib/src/pwhash.rs","test_pbkdf2_zero_iterations","test_pbkdf2_zero_iterations",180,184
10,2,85,0,12,"prop_pwhash_verify@194-205@crypto_codebases/orion/orion_2020/ccn_lib/src/pwhash.rs","crypto_codebases/orion/orion_2020/ccn_lib/src/pwhash.rs","prop_pwhash_verify","prop_pwhash_verify input : Vec < u8 >",194,205
11,2,99,0,13,"prop_pwhash_verify_false@210-222@crypto_codebases/orion/orion_2020/ccn_lib/src/pwhash.rs","crypto_codebases/orion/orion_2020/ccn_lib/src/pwhash.rs","prop_pwhash_verify_false","prop_pwhash_verify_false input : Vec < u8 >",210,222
22,4,137,1,26,"seal@99-124@crypto_codebases/orion/orion_2020/ccn_lib/src/aead.rs","crypto_codebases/orion/orion_2020/ccn_lib/src/aead.rs","seal","seal secret_key : & SecretKey , plaintext : & [ u8 ]",99,124
18,5,127,1,22,"open@128-149@crypto_codebases/orion/orion_2020/ccn_lib/src/aead.rs","crypto_codebases/orion/orion_2020/ccn_lib/src/aead.rs","open","open secret_key : & SecretKey , ciphertext_with_tag_and_nonce : & [ u8 ] ,",128,149
8,1,90,0,9,"test_auth_enc_encryption_decryption@159-167@crypto_codebases/orion/orion_2020/ccn_lib/src/aead.rs","crypto_codebases/orion/orion_2020/ccn_lib/src/aead.rs","test_auth_enc_encryption_decryption","test_auth_enc_encryption_decryption",159,167
5,1,45,0,6,"test_auth_enc_plaintext_empty_err@170-175@crypto_codebases/orion/orion_2020/ccn_lib/src/aead.rs","crypto_codebases/orion/orion_2020/ccn_lib/src/aead.rs","test_auth_enc_plaintext_empty_err","test_auth_enc_plaintext_empty_err",170,175
5,1,43,0,6,"test_auth_enc_ciphertext_less_than_41_err@178-183@crypto_codebases/orion/orion_2020/ccn_lib/src/aead.rs","crypto_codebases/orion/orion_2020/ccn_lib/src/aead.rs","test_auth_enc_ciphertext_less_than_41_err","test_auth_enc_ciphertext_less_than_41_err",178,183
7,1,69,0,9,"test_modified_nonce_err@186-194@crypto_codebases/orion/orion_2020/ccn_lib/src/aead.rs","crypto_codebases/orion/orion_2020/ccn_lib/src/aead.rs","test_modified_nonce_err","test_modified_nonce_err",186,194
7,1,69,0,9,"test_modified_ciphertext_err@197-205@crypto_codebases/orion/orion_2020/ccn_lib/src/aead.rs","crypto_codebases/orion/orion_2020/ccn_lib/src/aead.rs","test_modified_ciphertext_err","test_modified_ciphertext_err",197,205
8,1,80,0,10,"test_modified_tag_err@208-217@crypto_codebases/orion/orion_2020/ccn_lib/src/aead.rs","crypto_codebases/orion/orion_2020/ccn_lib/src/aead.rs","test_modified_tag_err","test_modified_tag_err",208,217
7,1,70,0,8,"test_diff_secret_key_err@220-227@crypto_codebases/orion/orion_2020/ccn_lib/src/aead.rs","crypto_codebases/orion/orion_2020/ccn_lib/src/aead.rs","test_diff_secret_key_err","test_diff_secret_key_err",220,227
8,1,67,0,9,"test_secret_length_err@230-238@crypto_codebases/orion/orion_2020/ccn_lib/src/aead.rs","crypto_codebases/orion/orion_2020/ccn_lib/src/aead.rs","test_secret_length_err","test_secret_length_err",230,238
11,2,83,0,14,"prop_seal_open_same_input@248-261@crypto_codebases/orion/orion_2020/ccn_lib/src/aead.rs","crypto_codebases/orion/orion_2020/ccn_lib/src/aead.rs","prop_seal_open_same_input","prop_seal_open_same_input input : Vec < u8 >",248,261
11,2,83,0,13,"prop_fail_on_diff_key@267-279@crypto_codebases/orion/orion_2020/ccn_lib/src/aead.rs","crypto_codebases/orion/orion_2020/ccn_lib/src/aead.rs","prop_fail_on_diff_key","prop_fail_on_diff_key input : Vec < u8 >",267,279
10,6,103,1,10,"authenticate@84-93@crypto_codebases/orion/orion_2020/ccn_lib/src/auth.rs","crypto_codebases/orion/orion_2020/ccn_lib/src/auth.rs","authenticate","authenticate secret_key : & SecretKey , data : & [ u8 ]",84,93
12,4,93,2,12,"authenticate_verify@97-108@crypto_codebases/orion/orion_2020/ccn_lib/src/auth.rs","crypto_codebases/orion/orion_2020/ccn_lib/src/auth.rs","authenticate_verify","authenticate_verify expected : & Tag , secret_key : & SecretKey , data : & [ u8 ] ,",97,108
8,1,98,0,9,"test_authenticate_verify_bad_key@118-126@crypto_codebases/orion/orion_2020/ccn_lib/src/auth.rs","crypto_codebases/orion/orion_2020/ccn_lib/src/auth.rs","test_authenticate_verify_bad_key","test_authenticate_verify_bad_key",118,126
7,1,89,0,8,"test_authenticate_verify_bad_msg@129-136@crypto_codebases/orion/orion_2020/ccn_lib/src/auth.rs","crypto_codebases/orion/orion_2020/ccn_lib/src/auth.rs","test_authenticate_verify_bad_msg","test_authenticate_verify_bad_msg",129,136
5,1,50,0,6,"test_authenticate_key_too_small@139-144@crypto_codebases/orion/orion_2020/ccn_lib/src/auth.rs","crypto_codebases/orion/orion_2020/ccn_lib/src/auth.rs","test_authenticate_key_too_small","test_authenticate_key_too_small",139,144
6,1,76,0,7,"test_authenticate_verify_key_too_small@147-153@crypto_codebases/orion/orion_2020/ccn_lib/src/auth.rs","crypto_codebases/orion/orion_2020/ccn_lib/src/auth.rs","test_authenticate_verify_key_too_small","test_authenticate_verify_key_too_small",147,153
5,1,62,0,5,"prop_authenticate_verify@164-168@crypto_codebases/orion/orion_2020/ccn_lib/src/auth.rs","crypto_codebases/orion/orion_2020/ccn_lib/src/auth.rs","prop_authenticate_verify","prop_authenticate_verify input : Vec < u8 >",164,168
6,1,71,0,7,"prop_verify_fail_diff_key@174-180@crypto_codebases/orion/orion_2020/ccn_lib/src/auth.rs","crypto_codebases/orion/orion_2020/ccn_lib/src/auth.rs","prop_verify_fail_diff_key","prop_verify_fail_diff_key input : Vec < u8 >",174,180
5,1,58,0,6,"prop_verify_fail_diff_input@186-191@crypto_codebases/orion/orion_2020/ccn_lib/src/auth.rs","crypto_codebases/orion/orion_2020/ccn_lib/src/auth.rs","prop_verify_fail_diff_input","prop_verify_fail_diff_input input : Vec < u8 >",186,191
14,5,123,0,14,"prop_authenticate_key_size@197-210@crypto_codebases/orion/orion_2020/ccn_lib/src/auth.rs","crypto_codebases/orion/orion_2020/ccn_lib/src/auth.rs","prop_authenticate_key_size","prop_authenticate_key_size input : Vec < u8 >",197,210
6,1,52,0,7,"default@34-40@crypto_codebases/orion/orion_2020/ccn_lib/src/typedefs.rs","crypto_codebases/orion/orion_2020/ccn_lib/src/typedefs.rs","default","default",34,40
5,1,43,2,6,"eq@49-54@crypto_codebases/orion/orion_2020/ccn_lib/src/typedefs.rs","crypto_codebases/orion/orion_2020/ccn_lib/src/typedefs.rs","eq","eq & self , other : & $ name",49,54
5,2,40,1,6,"eq@60-65@crypto_codebases/orion/orion_2020/ccn_lib/src/typedefs.rs","crypto_codebases/orion/orion_2020/ccn_lib/src/typedefs.rs","eq","eq & self , other : && [ u8 ]",60,65
12,1,51,1,12,"fmt@74-85@crypto_codebases/orion/orion_2020/ccn_lib/src/typedefs.rs","crypto_codebases/orion/orion_2020/ccn_lib/src/typedefs.rs","fmt","fmt & self , f : & mut core :: fmt :: Formatter < '_>) -> core::fmt::Result {
            write!(f, '{} {{***OMITTED***}}', stringify!($name))
        }
    }
));

/// Macro that implements the `Debug` trait on a object called `$name`.
macro_rules! impl_normal_debug_trait (($name:ident) => (
    impl core::fmt::Debug for $name {
        fn fmt(&self, f: &mut core::fmt::Formatter<' _ >",74,85
4,1,26,1,4,"drop@96-99@crypto_codebases/orion/orion_2020/ccn_lib/src/typedefs.rs","crypto_codebases/orion/orion_2020/ccn_lib/src/typedefs.rs","drop","drop & mut self",96,99
3,1,27,1,3,"as_ref@110-112@crypto_codebases/orion/orion_2020/ccn_lib/src/typedefs.rs","crypto_codebases/orion/orion_2020/ccn_lib/src/typedefs.rs","as_ref","as_ref & self",110,112
6,1,29,0,6,"from@124-129@crypto_codebases/orion/orion_2020/ccn_lib/src/typedefs.rs","crypto_codebases/orion/orion_2020/ccn_lib/src/typedefs.rs","from","from bytes : [ u8 ; $ size ]",124,129
9,3,84,0,13,"from_slice@146-158@crypto_codebases/orion/orion_2020/ccn_lib/src/typedefs.rs","crypto_codebases/orion/orion_2020/ccn_lib/src/typedefs.rs","from_slice","from_slice slice : & [ u8 ]",146,158
6,2,57,0,7,"from_slice@168-174@crypto_codebases/orion/orion_2020/ccn_lib/src/typedefs.rs","crypto_codebases/orion/orion_2020/ccn_lib/src/typedefs.rs","from_slice","from_slice slice : & [ u8 ]",168,174
3,1,27,1,3,"unprotected_as_bytes@184-186@crypto_codebases/orion/orion_2020/ccn_lib/src/typedefs.rs","crypto_codebases/orion/orion_2020/ccn_lib/src/typedefs.rs","unprotected_as_bytes","unprotected_as_bytes & self",184,186
3,1,13,1,3,"len@194-196@crypto_codebases/orion/orion_2020/ccn_lib/src/typedefs.rs","crypto_codebases/orion/orion_2020/ccn_lib/src/typedefs.rs","len","len & self",194,196
6,1,56,0,9,"generate@205-213@crypto_codebases/orion/orion_2020/ccn_lib/src/typedefs.rs","crypto_codebases/orion/orion_2020/ccn_lib/src/typedefs.rs","generate","generate",205,213
9,3,85,1,12,"generate@223-234@crypto_codebases/orion/orion_2020/ccn_lib/src/typedefs.rs","crypto_codebases/orion/orion_2020/ccn_lib/src/typedefs.rs","generate","generate length : usize",223,234
5,1,36,0,8,"test_bound_params@243-250@crypto_codebases/orion/orion_2020/ccn_lib/src/typedefs.rs","crypto_codebases/orion/orion_2020/ccn_lib/src/typedefs.rs","test_bound_params","test_bound_params",243,250
6,1,152,0,7,"test_partial_eq@256-262@crypto_codebases/orion/orion_2020/ccn_lib/src/typedefs.rs","crypto_codebases/orion/orion_2020/ccn_lib/src/typedefs.rs","test_partial_eq","test_partial_eq",256,262
11,2,175,0,14,"test_from_slice@268-281@crypto_codebases/orion/orion_2020/ccn_lib/src/typedefs.rs","crypto_codebases/orion/orion_2020/ccn_lib/src/typedefs.rs","test_from_slice","test_from_slice",268,281
16,2,242,0,22,"test_as_bytes@287-308@crypto_codebases/orion/orion_2020/ccn_lib/src/typedefs.rs","crypto_codebases/orion/orion_2020/ccn_lib/src/typedefs.rs","test_as_bytes","test_as_bytes",287,308
6,1,58,0,8,"test_generate@316-323@crypto_codebases/orion/orion_2020/ccn_lib/src/typedefs.rs","crypto_codebases/orion/orion_2020/ccn_lib/src/typedefs.rs","test_generate","test_generate",316,323
5,1,67,0,5,"test_omitted_debug@332-336@crypto_codebases/orion/orion_2020/ccn_lib/src/typedefs.rs","crypto_codebases/orion/orion_2020/ccn_lib/src/typedefs.rs","test_omitted_debug","test_omitted_debug",332,336
6,1,90,0,6,"test_from_slice_variable@344-349@crypto_codebases/orion/orion_2020/ccn_lib/src/typedefs.rs","crypto_codebases/orion/orion_2020/ccn_lib/src/typedefs.rs","test_from_slice_variable","test_from_slice_variable",344,349
10,1,129,0,12,"test_generate_variable@357-368@crypto_codebases/orion/orion_2020/ccn_lib/src/typedefs.rs","crypto_codebases/orion/orion_2020/ccn_lib/src/typedefs.rs","test_generate_variable","test_generate_variable",357,368
11,3,115,0,15,"from_slice@644-658@crypto_codebases/orion/orion_2020/ccn_lib/src/typedefs.rs","crypto_codebases/orion/orion_2020/ccn_lib/src/typedefs.rs","from_slice","from_slice slice : & [ u8 ]",644,658
6,1,152,0,7,"test_partial_eq@666-672@crypto_codebases/orion/orion_2020/ccn_lib/src/typedefs.rs","crypto_codebases/orion/orion_2020/ccn_lib/src/typedefs.rs","test_partial_eq","test_partial_eq",666,672
5,1,77,0,5,"test_key_size@675-679@crypto_codebases/orion/orion_2020/ccn_lib/src/typedefs.rs","crypto_codebases/orion/orion_2020/ccn_lib/src/typedefs.rs","test_key_size","test_key_size",675,679
5,1,65,0,5,"test_unprotected_as_bytes_hmac_key@682-686@crypto_codebases/orion/orion_2020/ccn_lib/src/typedefs.rs","crypto_codebases/orion/orion_2020/ccn_lib/src/typedefs.rs","test_unprotected_as_bytes_hmac_key","test_unprotected_as_bytes_hmac_key",682,686
5,1,60,0,5,"test_get_length_hmac_key@689-693@crypto_codebases/orion/orion_2020/ccn_lib/src/typedefs.rs","crypto_codebases/orion/orion_2020/ccn_lib/src/typedefs.rs","test_get_length_hmac_key","test_get_length_hmac_key",689,693
6,1,58,0,8,"test_generate_hmac@697-704@crypto_codebases/orion/orion_2020/ccn_lib/src/typedefs.rs","crypto_codebases/orion/orion_2020/ccn_lib/src/typedefs.rs","test_generate_hmac","test_generate_hmac",697,704
5,1,67,0,5,"test_omitted_debug_hmac_key@709-713@crypto_codebases/orion/orion_2020/ccn_lib/src/typedefs.rs","crypto_codebases/orion/orion_2020/ccn_lib/src/typedefs.rs","test_omitted_debug_hmac_key","test_omitted_debug_hmac_key",709,713
20,6,123,4,24,"derive_key@88-111@crypto_codebases/orion/orion_2020/ccn_lib/src/kdf.rs","crypto_codebases/orion/orion_2020/ccn_lib/src/kdf.rs","derive_key","derive_key password : & Password , salt : & Salt , iterations : usize , length : usize ,",88,111
17,3,100,4,20,"derive_key_verify@115-134@crypto_codebases/orion/orion_2020/ccn_lib/src/kdf.rs","crypto_codebases/orion/orion_2020/ccn_lib/src/kdf.rs","derive_key_verify","derive_key_verify expected : & SecretKey , password : & Password , salt : & Salt , iterations : usize ,",115,134
6,1,86,0,7,"test_derive_key_and_verify@144-150@crypto_codebases/orion/orion_2020/ccn_lib/src/kdf.rs","crypto_codebases/orion/orion_2020/ccn_lib/src/kdf.rs","test_derive_key_and_verify","test_derive_key_and_verify",144,150
6,1,86,0,7,"test_derive_key_and_verify_err@153-159@crypto_codebases/orion/orion_2020/ccn_lib/src/kdf.rs","crypto_codebases/orion/orion_2020/ccn_lib/src/kdf.rs","test_derive_key_and_verify_err","test_derive_key_and_verify_err",153,159
7,1,111,0,8,"test_derive_key_bad_length@162-169@crypto_codebases/orion/orion_2020/ccn_lib/src/kdf.rs","crypto_codebases/orion/orion_2020/ccn_lib/src/kdf.rs","test_derive_key_bad_length","test_derive_key_bad_length",162,169
18,3,255,1,21,"prop_derive_key_verify@179-199@crypto_codebases/orion/orion_2020/ccn_lib/src/kdf.rs","crypto_codebases/orion/orion_2020/ccn_lib/src/kdf.rs","prop_derive_key_verify","prop_derive_key_verify input : Vec < u8 > , size : usize",179,199
20,3,334,1,23,"prop_derive_key_verify_false_bad_password@204-226@crypto_codebases/orion/orion_2020/ccn_lib/src/kdf.rs","crypto_codebases/orion/orion_2020/ccn_lib/src/kdf.rs","prop_derive_key_verify_false_bad_password","prop_derive_key_verify_false_bad_password input : Vec < u8 > , size : usize",204,226
21,3,398,1,24,"prop_derive_key_verify_false_bad_salt@231-254@crypto_codebases/orion/orion_2020/ccn_lib/src/kdf.rs","crypto_codebases/orion/orion_2020/ccn_lib/src/kdf.rs","prop_derive_key_verify_false_bad_salt","prop_derive_key_verify_false_bad_salt input : Vec < u8 > , size : usize",231,254
3,1,29,0,3,"digest@63-65@crypto_codebases/orion/orion_2020/ccn_lib/src/hash.rs","crypto_codebases/orion/orion_2020/ccn_lib/src/hash.rs","digest","digest data : & [ u8 ]",63,65
3,1,43,0,3,"prop_digest_same_result@84-86@crypto_codebases/orion/orion_2020/ccn_lib/src/hash.rs","crypto_codebases/orion/orion_2020/ccn_lib/src/hash.rs","prop_digest_same_result","prop_digest_same_result input : Vec < u8 >",84,86
3,1,39,0,3,"prop_digest_diff_result@91-93@crypto_codebases/orion/orion_2020/ccn_lib/src/hash.rs","crypto_codebases/orion/orion_2020/ccn_lib/src/hash.rs","prop_digest_diff_result","prop_digest_diff_result input : Vec < u8 >",91,93
