5,1,29,0,5,"gen_key@30-34@crypto_codebases/sodium_oxide/sodium_oxide_2019/ccn_lib/src/crypto/shorthash/siphash24.rs","crypto_codebases/sodium_oxide/sodium_oxide_2019/ccn_lib/src/crypto/shorthash/siphash24.rs","gen_key","gen_key",30,34
12,1,70,1,12,"shorthash@38-49@crypto_codebases/sodium_oxide/sodium_oxide_2019/ccn_lib/src/crypto/shorthash/siphash24.rs","crypto_codebases/sodium_oxide/sodium_oxide_2019/ccn_lib/src/crypto/shorthash/siphash24.rs","shorthash","shorthash m : & [ u8 ] , k : & Key",38,49
78,3,1278,0,78,"test_vectors@58-135@crypto_codebases/sodium_oxide/sodium_oxide_2019/ccn_lib/src/crypto/shorthash/siphash24.rs","crypto_codebases/sodium_oxide/sodium_oxide_2019/ccn_lib/src/crypto/shorthash/siphash24.rs","test_vectors","test_vectors",58,135
11,2,66,0,11,"test_serialisation@139-149@crypto_codebases/sodium_oxide/sodium_oxide_2019/ccn_lib/src/crypto/shorthash/siphash24.rs","crypto_codebases/sodium_oxide/sodium_oxide_2019/ccn_lib/src/crypto/shorthash/siphash24.rs","test_serialisation","test_serialisation",139,149
9,3,80,1,9,"bench_shorthash@162-170@crypto_codebases/sodium_oxide/sodium_oxide_2019/ccn_lib/src/crypto/shorthash/siphash24.rs","crypto_codebases/sodium_oxide/sodium_oxide_2019/ccn_lib/src/crypto/shorthash/siphash24.rs","bench_shorthash","bench_shorthash b : & mut test :: Bencher",162,170
16,1,246,0,19,"test_vector_1@26-44@crypto_codebases/sodium_oxide/sodium_oxide_2019/ccn_lib/src/crypto/aead/chacha20poly1305.rs","crypto_codebases/sodium_oxide/sodium_oxide_2019/ccn_lib/src/crypto/aead/chacha20poly1305.rs","test_vector_1","test_vector_1",26,44
5,1,31,0,5,"gen_key@47-51@crypto_codebases/sodium_oxide/sodium_oxide_2019/ccn_lib/src/crypto/aead/aead_macros.rs","crypto_codebases/sodium_oxide/sodium_oxide_2019/ccn_lib/src/crypto/aead/aead_macros.rs","gen_key","gen_key",47,51
5,1,31,0,5,"gen_nonce@58-62@crypto_codebases/sodium_oxide/sodium_oxide_2019/ccn_lib/src/crypto/aead/aead_macros.rs","crypto_codebases/sodium_oxide/sodium_oxide_2019/ccn_lib/src/crypto/aead/aead_macros.rs","gen_nonce","gen_nonce",58,62
20,1,177,2,21,"seal@66-86@crypto_codebases/sodium_oxide/sodium_oxide_2019/ccn_lib/src/crypto/aead/aead_macros.rs","crypto_codebases/sodium_oxide/sodium_oxide_2019/ccn_lib/src/crypto/aead/aead_macros.rs","seal","seal m : & [ u8 ] , ad : Option < & [ u8 ] > , n : & Nonce , k : & Key",66,86
20,1,166,2,20,"seal_detached@92-111@crypto_codebases/sodium_oxide/sodium_oxide_2019/ccn_lib/src/crypto/aead/aead_macros.rs","crypto_codebases/sodium_oxide/sodium_oxide_2019/ccn_lib/src/crypto/aead/aead_macros.rs","seal_detached","seal_detached m : & mut [ u8 ] , ad : Option < & [ u8 ] > , n : & Nonce , k : & Key",92,111
27,3,219,2,28,"open@117-144@crypto_codebases/sodium_oxide/sodium_oxide_2019/ccn_lib/src/crypto/aead/aead_macros.rs","crypto_codebases/sodium_oxide/sodium_oxide_2019/ccn_lib/src/crypto/aead/aead_macros.rs","open","open c : & [ u8 ] , ad : Option < & [ u8 ] > , n : & Nonce , k : & Key",117,144
21,2,174,3,21,"open_detached@150-170@crypto_codebases/sodium_oxide/sodium_oxide_2019/ccn_lib/src/crypto/aead/aead_macros.rs","crypto_codebases/sodium_oxide/sodium_oxide_2019/ccn_lib/src/crypto/aead/aead_macros.rs","open_detached","open_detached c : & mut [ u8 ] , ad : Option < & [ u8 ] > , t : & Tag , n : & Nonce , k : & Key",150,170
12,2,104,0,12,"test_seal_open@177-188@crypto_codebases/sodium_oxide/sodium_oxide_2019/ccn_lib/src/crypto/aead/aead_macros.rs","crypto_codebases/sodium_oxide/sodium_oxide_2019/ccn_lib/src/crypto/aead/aead_macros.rs","test_seal_open","test_seal_open",177,188
22,4,189,0,22,"test_seal_open_tamper@191-212@crypto_codebases/sodium_oxide/sodium_oxide_2019/ccn_lib/src/crypto/aead/aead_macros.rs","crypto_codebases/sodium_oxide/sodium_oxide_2019/ccn_lib/src/crypto/aead/aead_macros.rs","test_seal_open_tamper","test_seal_open_tamper",191,212
13,2,116,0,13,"test_seal_open_detached@215-227@crypto_codebases/sodium_oxide/sodium_oxide_2019/ccn_lib/src/crypto/aead/aead_macros.rs","crypto_codebases/sodium_oxide/sodium_oxide_2019/ccn_lib/src/crypto/aead/aead_macros.rs","test_seal_open_detached","test_seal_open_detached",215,227
28,5,267,0,28,"test_seal_open_detached_tamper@230-257@crypto_codebases/sodium_oxide/sodium_oxide_2019/ccn_lib/src/crypto/aead/aead_macros.rs","crypto_codebases/sodium_oxide/sodium_oxide_2019/ccn_lib/src/crypto/aead/aead_macros.rs","test_seal_open_detached_tamper","test_seal_open_detached_tamper",230,257
16,2,206,0,20,"test_seal_open_detached_same@260-279@crypto_codebases/sodium_oxide/sodium_oxide_2019/ccn_lib/src/crypto/aead/aead_macros.rs","crypto_codebases/sodium_oxide/sodium_oxide_2019/ccn_lib/src/crypto/aead/aead_macros.rs","test_seal_open_detached_same","test_seal_open_detached_same",260,279
38,1,682,0,40,"test_vector_1@26-65@crypto_codebases/sodium_oxide/sodium_oxide_2019/ccn_lib/src/crypto/aead/chacha20poly1305_ietf.rs","crypto_codebases/sodium_oxide/sodium_oxide_2019/ccn_lib/src/crypto/aead/chacha20poly1305_ietf.rs","test_vector_1","test_vector_1",26,65
59,1,1286,0,61,"test_vector_2@71-131@crypto_codebases/sodium_oxide/sodium_oxide_2019/ccn_lib/src/crypto/aead/chacha20poly1305_ietf.rs","crypto_codebases/sodium_oxide/sodium_oxide_2019/ccn_lib/src/crypto/aead/chacha20poly1305_ietf.rs","test_vector_2","test_vector_2",71,131
32,1,569,0,34,"test_vector_3@134-167@crypto_codebases/sodium_oxide/sodium_oxide_2019/ccn_lib/src/crypto/aead/chacha20poly1305_ietf.rs","crypto_codebases/sodium_oxide/sodium_oxide_2019/ccn_lib/src/crypto/aead/chacha20poly1305_ietf.rs","test_vector_3","test_vector_3",134,167
25,1,318,0,27,"test_vector_4@170-196@crypto_codebases/sodium_oxide/sodium_oxide_2019/ccn_lib/src/crypto/aead/chacha20poly1305_ietf.rs","crypto_codebases/sodium_oxide/sodium_oxide_2019/ccn_lib/src/crypto/aead/chacha20poly1305_ietf.rs","test_vector_4","test_vector_4",170,196
39,1,706,0,39,"test_vector_1@32-70@crypto_codebases/sodium_oxide/sodium_oxide_2019/ccn_lib/src/crypto/aead/xchacha20poly1305_ietf.rs","crypto_codebases/sodium_oxide/sodium_oxide_2019/ccn_lib/src/crypto/aead/xchacha20poly1305_ietf.rs","test_vector_1","test_vector_1",32,70
12,1,80,1,12,"seal@21-32@crypto_codebases/sodium_oxide/sodium_oxide_2019/ccn_lib/src/crypto/sealedbox/curve25519blake2bxsalsa20poly1305.rs","crypto_codebases/sodium_oxide/sodium_oxide_2019/ccn_lib/src/crypto/sealedbox/curve25519blake2bxsalsa20poly1305.rs","seal","seal m : & [ u8 ] , pk : & box_ :: PublicKey",21,32
20,3,138,2,20,"open@45-64@crypto_codebases/sodium_oxide/sodium_oxide_2019/ccn_lib/src/crypto/sealedbox/curve25519blake2bxsalsa20poly1305.rs","crypto_codebases/sodium_oxide/sodium_oxide_2019/ccn_lib/src/crypto/sealedbox/curve25519blake2bxsalsa20poly1305.rs","open","open c : & [ u8 ] , pk : & box_ :: PublicKey , sk : & box_ :: SecretKey",45,64
10,2,79,0,10,"test_seal_open@72-81@crypto_codebases/sodium_oxide/sodium_oxide_2019/ccn_lib/src/crypto/sealedbox/curve25519blake2bxsalsa20poly1305.rs","crypto_codebases/sodium_oxide/sodium_oxide_2019/ccn_lib/src/crypto/sealedbox/curve25519blake2bxsalsa20poly1305.rs","test_seal_open","test_seal_open",72,81
13,3,104,0,13,"test_seal_open_tamper@84-96@crypto_codebases/sodium_oxide/sodium_oxide_2019/ccn_lib/src/crypto/sealedbox/curve25519blake2bxsalsa20poly1305.rs","crypto_codebases/sodium_oxide/sodium_oxide_2019/ccn_lib/src/crypto/sealedbox/curve25519blake2bxsalsa20poly1305.rs","test_seal_open_tamper","test_seal_open_tamper",84,96
10,2,82,2,10,"scalarmult@28-37@crypto_codebases/sodium_oxide/sodium_oxide_2019/ccn_lib/src/crypto/scalarmult/curve25519.rs","crypto_codebases/sodium_oxide/sodium_oxide_2019/ccn_lib/src/crypto/scalarmult/curve25519.rs","scalarmult","scalarmult n : & Scalar , p : & GroupElement",28,37
7,1,48,1,7,"scalarmult_base@42-48@crypto_codebases/sodium_oxide/sodium_oxide_2019/ccn_lib/src/crypto/scalarmult/curve25519.rs","crypto_codebases/sodium_oxide/sodium_oxide_2019/ccn_lib/src/crypto/scalarmult/curve25519.rs","scalarmult_base","scalarmult_base n : & Scalar",42,48
14,1,169,0,15,"test_vector_1@56-70@crypto_codebases/sodium_oxide/sodium_oxide_2019/ccn_lib/src/crypto/scalarmult/curve25519.rs","crypto_codebases/sodium_oxide/sodium_oxide_2019/ccn_lib/src/crypto/scalarmult/curve25519.rs","test_vector_1","test_vector_1",56,70
14,1,169,0,15,"test_vector_2@73-87@crypto_codebases/sodium_oxide/sodium_oxide_2019/ccn_lib/src/crypto/scalarmult/curve25519.rs","crypto_codebases/sodium_oxide/sodium_oxide_2019/ccn_lib/src/crypto/scalarmult/curve25519.rs","test_vector_2","test_vector_2",73,87
19,1,249,0,20,"test_vector_3@90-109@crypto_codebases/sodium_oxide/sodium_oxide_2019/ccn_lib/src/crypto/scalarmult/curve25519.rs","crypto_codebases/sodium_oxide/sodium_oxide_2019/ccn_lib/src/crypto/scalarmult/curve25519.rs","test_vector_3","test_vector_3",90,109
19,1,249,0,20,"test_vector_4@112-131@crypto_codebases/sodium_oxide/sodium_oxide_2019/ccn_lib/src/crypto/scalarmult/curve25519.rs","crypto_codebases/sodium_oxide/sodium_oxide_2019/ccn_lib/src/crypto/scalarmult/curve25519.rs","test_vector_4","test_vector_4",112,131
7,1,59,0,7,"test_all_zero@135-141@crypto_codebases/sodium_oxide/sodium_oxide_2019/ccn_lib/src/crypto/scalarmult/curve25519.rs","crypto_codebases/sodium_oxide/sodium_oxide_2019/ccn_lib/src/crypto/scalarmult/curve25519.rs","test_all_zero","test_all_zero",135,141
9,2,75,1,9,"bench_scalarmult@152-160@crypto_codebases/sodium_oxide/sodium_oxide_2019/ccn_lib/src/crypto/scalarmult/curve25519.rs","crypto_codebases/sodium_oxide/sodium_oxide_2019/ccn_lib/src/crypto/scalarmult/curve25519.rs","bench_scalarmult","bench_scalarmult b : & mut test :: Bencher",152,160
7,2,50,1,7,"bench_scalarmult_base@163-169@crypto_codebases/sodium_oxide/sodium_oxide_2019/ccn_lib/src/crypto/scalarmult/curve25519.rs","crypto_codebases/sodium_oxide/sodium_oxide_2019/ccn_lib/src/crypto/scalarmult/curve25519.rs","bench_scalarmult_base","bench_scalarmult_base b : & mut test :: Bencher",163,169
8,1,67,0,8,"gen_keypair@51-58@crypto_codebases/sodium_oxide/sodium_oxide_2019/ccn_lib/src/crypto/kx/x25519blake2b.rs","crypto_codebases/sodium_oxide/sodium_oxide_2019/ccn_lib/src/crypto/kx/x25519blake2b.rs","gen_keypair","gen_keypair",51,58
8,1,79,1,8,"keypair_from_seed@62-69@crypto_codebases/sodium_oxide/sodium_oxide_2019/ccn_lib/src/crypto/kx/x25519blake2b.rs","crypto_codebases/sodium_oxide/sodium_oxide_2019/ccn_lib/src/crypto/kx/x25519blake2b.rs","keypair_from_seed","keypair_from_seed seed : & Seed",62,69
22,2,133,3,22,"server_session_keys@75-96@crypto_codebases/sodium_oxide/sodium_oxide_2019/ccn_lib/src/crypto/kx/x25519blake2b.rs","crypto_codebases/sodium_oxide/sodium_oxide_2019/ccn_lib/src/crypto/kx/x25519blake2b.rs","server_session_keys","server_session_keys server_pk : & PublicKey , server_sk : & SecretKey , client_pk : & PublicKey ,",75,96
22,2,133,3,23,"client_session_keys@102-124@crypto_codebases/sodium_oxide/sodium_oxide_2019/ccn_lib/src/crypto/kx/x25519blake2b.rs","crypto_codebases/sodium_oxide/sodium_oxide_2019/ccn_lib/src/crypto/kx/x25519blake2b.rs","client_session_keys","client_session_keys client_pk : & PublicKey , client_sk : & SecretKey , server_pk : & PublicKey ,",102,124
12,1,106,0,15,"test_kx@131-145@crypto_codebases/sodium_oxide/sodium_oxide_2019/ccn_lib/src/crypto/kx/x25519blake2b.rs","crypto_codebases/sodium_oxide/sodium_oxide_2019/ccn_lib/src/crypto/kx/x25519blake2b.rs","test_kx","test_kx",131,145
8,1,96,0,11,"test_kx_non_acceptable_keys@148-158@crypto_codebases/sodium_oxide/sodium_oxide_2019/ccn_lib/src/crypto/kx/x25519blake2b.rs","crypto_codebases/sodium_oxide/sodium_oxide_2019/ccn_lib/src/crypto/kx/x25519blake2b.rs","test_kx_non_acceptable_keys","test_kx_non_acceptable_keys",148,158
77,2,907,0,90,"test_vectors@161-250@crypto_codebases/sodium_oxide/sodium_oxide_2019/ccn_lib/src/crypto/kx/x25519blake2b.rs","crypto_codebases/sodium_oxide/sodium_oxide_2019/ccn_lib/src/crypto/kx/x25519blake2b.rs","test_vectors","test_vectors",161,250
10,1,102,0,11,"test_vector_1@31-41@crypto_codebases/sodium_oxide/sodium_oxide_2019/ccn_lib/src/crypto/hash/sha256.rs","crypto_codebases/sodium_oxide/sodium_oxide_2019/ccn_lib/src/crypto/hash/sha256.rs","test_vector_1","test_vector_1",31,41
15,1,188,0,16,"test_vector_2@44-59@crypto_codebases/sodium_oxide/sodium_oxide_2019/ccn_lib/src/crypto/hash/sha256.rs","crypto_codebases/sodium_oxide/sodium_oxide_2019/ccn_lib/src/crypto/hash/sha256.rs","test_vector_2","test_vector_2",44,59
27,3,253,1,28,"test_nist_vector@61-88@crypto_codebases/sodium_oxide/sodium_oxide_2019/ccn_lib/src/crypto/hash/sha256.rs","crypto_codebases/sodium_oxide/sodium_oxide_2019/ccn_lib/src/crypto/hash/sha256.rs","test_nist_vector","test_nist_vector filename : & str",61,88
3,1,11,0,3,"test_vectors_nist_short@91-93@crypto_codebases/sodium_oxide/sodium_oxide_2019/ccn_lib/src/crypto/hash/sha256.rs","crypto_codebases/sodium_oxide/sodium_oxide_2019/ccn_lib/src/crypto/hash/sha256.rs","test_vectors_nist_short","test_vectors_nist_short",91,93
3,1,11,0,3,"test_vectors_nist_long@96-98@crypto_codebases/sodium_oxide/sodium_oxide_2019/ccn_lib/src/crypto/hash/sha256.rs","crypto_codebases/sodium_oxide/sodium_oxide_2019/ccn_lib/src/crypto/hash/sha256.rs","test_vectors_nist_long","test_vectors_nist_long",96,98
10,1,105,0,11,"test_hash_state_empty@101-111@crypto_codebases/sodium_oxide/sodium_oxide_2019/ccn_lib/src/crypto/hash/sha256.rs","crypto_codebases/sodium_oxide/sodium_oxide_2019/ccn_lib/src/crypto/hash/sha256.rs","test_hash_state_empty","test_hash_state_empty",101,111
19,2,216,0,20,"test_hash_state_multi_parts@114-133@crypto_codebases/sodium_oxide/sodium_oxide_2019/ccn_lib/src/crypto/hash/sha256.rs","crypto_codebases/sodium_oxide/sodium_oxide_2019/ccn_lib/src/crypto/hash/sha256.rs","test_hash_state_multi_parts","test_hash_state_multi_parts",114,133
12,1,191,0,14,"test_vector_1@31-44@crypto_codebases/sodium_oxide/sodium_oxide_2019/ccn_lib/src/crypto/hash/sha512.rs","crypto_codebases/sodium_oxide/sodium_oxide_2019/ccn_lib/src/crypto/hash/sha512.rs","test_vector_1","test_vector_1",31,44
27,3,253,1,28,"test_nist_vector@46-73@crypto_codebases/sodium_oxide/sodium_oxide_2019/ccn_lib/src/crypto/hash/sha512.rs","crypto_codebases/sodium_oxide/sodium_oxide_2019/ccn_lib/src/crypto/hash/sha512.rs","test_nist_vector","test_nist_vector filename : & str",46,73
3,1,11,0,3,"test_vectors_nist_short@76-78@crypto_codebases/sodium_oxide/sodium_oxide_2019/ccn_lib/src/crypto/hash/sha512.rs","crypto_codebases/sodium_oxide/sodium_oxide_2019/ccn_lib/src/crypto/hash/sha512.rs","test_vectors_nist_short","test_vectors_nist_short",76,78
3,1,11,0,3,"test_vectors_nist_long@81-83@crypto_codebases/sodium_oxide/sodium_oxide_2019/ccn_lib/src/crypto/hash/sha512.rs","crypto_codebases/sodium_oxide/sodium_oxide_2019/ccn_lib/src/crypto/hash/sha512.rs","test_vectors_nist_long","test_vectors_nist_long",81,83
16,2,219,0,18,"test_hash_state_multi_parts@86-103@crypto_codebases/sodium_oxide/sodium_oxide_2019/ccn_lib/src/crypto/hash/sha512.rs","crypto_codebases/sodium_oxide/sodium_oxide_2019/ccn_lib/src/crypto/hash/sha512.rs","test_hash_state_multi_parts","test_hash_state_multi_parts",86,103
7,1,55,0,7,"hash@24-30@crypto_codebases/sodium_oxide/sodium_oxide_2019/ccn_lib/src/crypto/hash/hash_macros.rs","crypto_codebases/sodium_oxide/sodium_oxide_2019/ccn_lib/src/crypto/hash/hash_macros.rs","hash","hash m : & [ u8 ]",24,30
7,1,36,0,7,"new@39-45@crypto_codebases/sodium_oxide/sodium_oxide_2019/ccn_lib/src/crypto/hash/hash_macros.rs","crypto_codebases/sodium_oxide/sodium_oxide_2019/ccn_lib/src/crypto/hash/hash_macros.rs","new","new",39,45
5,1,43,1,5,"update@49-53@crypto_codebases/sodium_oxide/sodium_oxide_2019/ccn_lib/src/crypto/hash/hash_macros.rs","crypto_codebases/sodium_oxide/sodium_oxide_2019/ccn_lib/src/crypto/hash/hash_macros.rs","update","update & mut self , data : & [ u8 ]",49,53
7,1,45,1,7,"finalize@57-63@crypto_codebases/sodium_oxide/sodium_oxide_2019/ccn_lib/src/crypto/hash/hash_macros.rs","crypto_codebases/sodium_oxide/sodium_oxide_2019/ccn_lib/src/crypto/hash/hash_macros.rs","finalize","finalize mut self",57,63
3,1,13,0,3,"default@67-69@crypto_codebases/sodium_oxide/sodium_oxide_2019/ccn_lib/src/crypto/hash/hash_macros.rs","crypto_codebases/sodium_oxide/sodium_oxide_2019/ccn_lib/src/crypto/hash/hash_macros.rs","default","default",67,69
13,3,82,0,13,"test_hash_multipart@77-89@crypto_codebases/sodium_oxide/sodium_oxide_2019/ccn_lib/src/crypto/hash/hash_macros.rs","crypto_codebases/sodium_oxide/sodium_oxide_2019/ccn_lib/src/crypto/hash/hash_macros.rs","test_hash_multipart","test_hash_multipart",77,89
8,2,46,0,8,"test_serialisation@99-106@crypto_codebases/sodium_oxide/sodium_oxide_2019/ccn_lib/src/crypto/hash/hash_macros.rs","crypto_codebases/sodium_oxide/sodium_oxide_2019/ccn_lib/src/crypto/hash/hash_macros.rs","test_serialisation","test_serialisation",99,106
10,3,73,1,10,"bench_hash@120-129@crypto_codebases/sodium_oxide/sodium_oxide_2019/ccn_lib/src/crypto/hash/hash_macros.rs","crypto_codebases/sodium_oxide/sodium_oxide_2019/ccn_lib/src/crypto/hash/hash_macros.rs","bench_hash","bench_hash b : & mut test :: Bencher",120,129
20,1,306,0,24,"test_vector_1@30-53@crypto_codebases/sodium_oxide/sodium_oxide_2019/ccn_lib/src/crypto/auth/hmacsha512.rs","crypto_codebases/sodium_oxide/sodium_oxide_2019/ccn_lib/src/crypto/auth/hmacsha512.rs","test_vector_1","test_vector_1",30,53
22,1,320,0,26,"test_vector_state_1@56-81@crypto_codebases/sodium_oxide/sodium_oxide_2019/ccn_lib/src/crypto/auth/hmacsha512.rs","crypto_codebases/sodium_oxide/sodium_oxide_2019/ccn_lib/src/crypto/auth/hmacsha512.rs","test_vector_state_1","test_vector_state_1",56,81
5,1,42,1,5,"drop@40-44@crypto_codebases/sodium_oxide/sodium_oxide_2019/ccn_lib/src/crypto/auth/auth_state_macros.rs","crypto_codebases/sodium_oxide/sodium_oxide_2019/ccn_lib/src/crypto/auth/auth_state_macros.rs","drop","drop & mut self",40,44
7,1,51,0,7,"init@49-55@crypto_codebases/sodium_oxide/sodium_oxide_2019/ccn_lib/src/crypto/auth/auth_state_macros.rs","crypto_codebases/sodium_oxide/sodium_oxide_2019/ccn_lib/src/crypto/auth/auth_state_macros.rs","init","init k : & [ u8 ]",49,55
5,1,43,1,5,"update@59-63@crypto_codebases/sodium_oxide/sodium_oxide_2019/ccn_lib/src/crypto/auth/auth_state_macros.rs","crypto_codebases/sodium_oxide/sodium_oxide_2019/ccn_lib/src/crypto/auth/auth_state_macros.rs","update","update & mut self , in_ : & [ u8 ]",59,63
7,1,44,1,7,"finalize@67-73@crypto_codebases/sodium_oxide/sodium_oxide_2019/ccn_lib/src/crypto/auth/auth_state_macros.rs","crypto_codebases/sodium_oxide/sodium_oxide_2019/ccn_lib/src/crypto/auth/auth_state_macros.rs","finalize","finalize mut self",67,73
12,2,88,0,12,"test_auth_eq_auth_state@81-92@crypto_codebases/sodium_oxide/sodium_oxide_2019/ccn_lib/src/crypto/auth/auth_state_macros.rs","crypto_codebases/sodium_oxide/sodium_oxide_2019/ccn_lib/src/crypto/auth/auth_state_macros.rs","test_auth_eq_auth_state","test_auth_eq_auth_state",81,92
14,3,98,0,14,"test_auth_eq_auth_state_chunked@95-108@crypto_codebases/sodium_oxide/sodium_oxide_2019/ccn_lib/src/crypto/auth/auth_state_macros.rs","crypto_codebases/sodium_oxide/sodium_oxide_2019/ccn_lib/src/crypto/auth/auth_state_macros.rs","test_auth_eq_auth_state_chunked","test_auth_eq_auth_state_chunked",95,108
20,1,278,0,21,"test_vector_1@30-50@crypto_codebases/sodium_oxide/sodium_oxide_2019/ccn_lib/src/crypto/auth/hmacsha256.rs","crypto_codebases/sodium_oxide/sodium_oxide_2019/ccn_lib/src/crypto/auth/hmacsha256.rs","test_vector_1","test_vector_1",30,50
22,1,292,0,23,"test_vector_state_1@53-75@crypto_codebases/sodium_oxide/sodium_oxide_2019/ccn_lib/src/crypto/auth/hmacsha256.rs","crypto_codebases/sodium_oxide/sodium_oxide_2019/ccn_lib/src/crypto/auth/hmacsha256.rs","test_vector_state_1","test_vector_state_1",53,75
5,1,29,0,5,"gen_key@36-40@crypto_codebases/sodium_oxide/sodium_oxide_2019/ccn_lib/src/crypto/auth/auth_macros.rs","crypto_codebases/sodium_oxide/sodium_oxide_2019/ccn_lib/src/crypto/auth/auth_macros.rs","gen_key","gen_key",36,40
11,1,68,1,11,"authenticate@44-54@crypto_codebases/sodium_oxide/sodium_oxide_2019/ccn_lib/src/crypto/auth/auth_macros.rs","crypto_codebases/sodium_oxide/sodium_oxide_2019/ccn_lib/src/crypto/auth/auth_macros.rs","authenticate","authenticate m : & [ u8 ] , k : & Key",44,54
9,1,62,2,9,"verify@58-66@crypto_codebases/sodium_oxide/sodium_oxide_2019/ccn_lib/src/crypto/auth/auth_macros.rs","crypto_codebases/sodium_oxide/sodium_oxide_2019/ccn_lib/src/crypto/auth/auth_macros.rs","verify","verify tag : & Tag , m : & [ u8 ] , k : & Key",58,66
9,2,63,0,9,"test_auth_verify@73-81@crypto_codebases/sodium_oxide/sodium_oxide_2019/ccn_lib/src/crypto/auth/auth_macros.rs","crypto_codebases/sodium_oxide/sodium_oxide_2019/ccn_lib/src/crypto/auth/auth_macros.rs","test_auth_verify","test_auth_verify",73,81
18,4,149,0,18,"test_auth_verify_tamper@84-101@crypto_codebases/sodium_oxide/sodium_oxide_2019/ccn_lib/src/crypto/auth/auth_macros.rs","crypto_codebases/sodium_oxide/sodium_oxide_2019/ccn_lib/src/crypto/auth/auth_macros.rs","test_auth_verify_tamper","test_auth_verify_tamper",84,101
11,2,62,0,11,"test_serialisation@105-115@crypto_codebases/sodium_oxide/sodium_oxide_2019/ccn_lib/src/crypto/auth/auth_macros.rs","crypto_codebases/sodium_oxide/sodium_oxide_2019/ccn_lib/src/crypto/auth/auth_macros.rs","test_serialisation","test_serialisation",105,115
11,3,83,1,11,"bench_auth@129-139@crypto_codebases/sodium_oxide/sodium_oxide_2019/ccn_lib/src/crypto/auth/auth_macros.rs","crypto_codebases/sodium_oxide/sodium_oxide_2019/ccn_lib/src/crypto/auth/auth_macros.rs","bench_auth","bench_auth b : & mut test :: Bencher",129,139
14,3,133,1,14,"bench_verify@142-155@crypto_codebases/sodium_oxide/sodium_oxide_2019/ccn_lib/src/crypto/auth/auth_macros.rs","crypto_codebases/sodium_oxide/sodium_oxide_2019/ccn_lib/src/crypto/auth/auth_macros.rs","bench_verify","bench_verify b : & mut test :: Bencher",142,155
17,1,234,0,21,"test_vector_1@32-52@crypto_codebases/sodium_oxide/sodium_oxide_2019/ccn_lib/src/crypto/auth/hmacsha512256.rs","crypto_codebases/sodium_oxide/sodium_oxide_2019/ccn_lib/src/crypto/auth/hmacsha512256.rs","test_vector_1","test_vector_1",32,52
19,1,248,0,23,"test_vector_state_1@55-77@crypto_codebases/sodium_oxide/sodium_oxide_2019/ccn_lib/src/crypto/auth/hmacsha512256.rs","crypto_codebases/sodium_oxide/sodium_oxide_2019/ccn_lib/src/crypto/auth/hmacsha512256.rs","test_vector_state_1","test_vector_state_1",55,77
5,1,29,0,5,"gen_key@35-39@crypto_codebases/sodium_oxide/sodium_oxide_2019/ccn_lib/src/crypto/stream/stream_macros.rs","crypto_codebases/sodium_oxide/sodium_oxide_2019/ccn_lib/src/crypto/stream/stream_macros.rs","gen_key","gen_key",35,39
5,1,29,0,5,"gen_nonce@49-53@crypto_codebases/sodium_oxide/sodium_oxide_2019/ccn_lib/src/crypto/stream/stream_macros.rs","crypto_codebases/sodium_oxide/sodium_oxide_2019/ccn_lib/src/crypto/stream/stream_macros.rs","gen_nonce","gen_nonce",49,53
12,1,74,3,12,"stream@57-68@crypto_codebases/sodium_oxide/sodium_oxide_2019/ccn_lib/src/crypto/stream/stream_macros.rs","crypto_codebases/sodium_oxide/sodium_oxide_2019/ccn_lib/src/crypto/stream/stream_macros.rs","stream","stream len : usize , n : & Nonce , k : & Key",57,68
13,1,87,2,13,"stream_xor@76-88@crypto_codebases/sodium_oxide/sodium_oxide_2019/ccn_lib/src/crypto/stream/stream_macros.rs","crypto_codebases/sodium_oxide/sodium_oxide_2019/ccn_lib/src/crypto/stream/stream_macros.rs","stream_xor","stream_xor m : & [ u8 ] , n : & Nonce , k : & Key",76,88
11,1,66,2,11,"stream_xor_inplace@96-106@crypto_codebases/sodium_oxide/sodium_oxide_2019/ccn_lib/src/crypto/stream/stream_macros.rs","crypto_codebases/sodium_oxide/sodium_oxide_2019/ccn_lib/src/crypto/stream/stream_macros.rs","stream_xor_inplace","stream_xor_inplace m : & mut [ u8 ] , n : & Nonce , k : & Key",96,106
15,1,95,3,15,"stream_xor_ic@115-129@crypto_codebases/sodium_oxide/sodium_oxide_2019/ccn_lib/src/crypto/stream/stream_macros.rs","crypto_codebases/sodium_oxide/sodium_oxide_2019/ccn_lib/src/crypto/stream/stream_macros.rs","stream_xor_ic","stream_xor_ic m : & [ u8 ] , n : & Nonce , ic : u64 , k : & Key",115,129
13,1,74,3,13,"stream_xor_ic_inplace@139-151@crypto_codebases/sodium_oxide/sodium_oxide_2019/ccn_lib/src/crypto/stream/stream_macros.rs","crypto_codebases/sodium_oxide/sodium_oxide_2019/ccn_lib/src/crypto/stream/stream_macros.rs","stream_xor_ic_inplace","stream_xor_ic_inplace m : & mut [ u8 ] , n : & Nonce , ic : u64 , k : & Key",139,151
11,2,80,0,11,"test_encrypt_decrypt@159-169@crypto_codebases/sodium_oxide/sodium_oxide_2019/ccn_lib/src/crypto/stream/stream_macros.rs","crypto_codebases/sodium_oxide/sodium_oxide_2019/ccn_lib/src/crypto/stream/stream_macros.rs","test_encrypt_decrypt","test_encrypt_decrypt",159,169
15,3,122,0,15,"test_stream_xor@172-186@crypto_codebases/sodium_oxide/sodium_oxide_2019/ccn_lib/src/crypto/stream/stream_macros.rs","crypto_codebases/sodium_oxide/sodium_oxide_2019/ccn_lib/src/crypto/stream/stream_macros.rs","test_stream_xor","test_stream_xor",172,186
15,3,121,0,15,"test_stream_xor_inplace@189-203@crypto_codebases/sodium_oxide/sodium_oxide_2019/ccn_lib/src/crypto/stream/stream_macros.rs","crypto_codebases/sodium_oxide/sodium_oxide_2019/ccn_lib/src/crypto/stream/stream_macros.rs","test_stream_xor_inplace","test_stream_xor_inplace",189,203
11,2,82,0,11,"test_stream_xor_ic_same@206-216@crypto_codebases/sodium_oxide/sodium_oxide_2019/ccn_lib/src/crypto/stream/stream_macros.rs","crypto_codebases/sodium_oxide/sodium_oxide_2019/ccn_lib/src/crypto/stream/stream_macros.rs","test_stream_xor_ic_same","test_stream_xor_ic_same",206,216
13,3,92,0,13,"test_stream_xor_ic_inplace@219-231@crypto_codebases/sodium_oxide/sodium_oxide_2019/ccn_lib/src/crypto/stream/stream_macros.rs","crypto_codebases/sodium_oxide/sodium_oxide_2019/ccn_lib/src/crypto/stream/stream_macros.rs","test_stream_xor_ic_inplace","test_stream_xor_ic_inplace",219,231
9,2,44,0,9,"test_serialisation@235-243@crypto_codebases/sodium_oxide/sodium_oxide_2019/ccn_lib/src/crypto/stream/stream_macros.rs","crypto_codebases/sodium_oxide/sodium_oxide_2019/ccn_lib/src/crypto/stream/stream_macros.rs","test_serialisation","test_serialisation",235,243
9,3,58,1,9,"bench_stream@256-264@crypto_codebases/sodium_oxide/sodium_oxide_2019/ccn_lib/src/crypto/stream/stream_macros.rs","crypto_codebases/sodium_oxide/sodium_oxide_2019/ccn_lib/src/crypto/stream/stream_macros.rs","bench_stream","bench_stream b : & mut test :: Bencher",256,264
20,1,253,0,21,"test_vector_1@24-44@crypto_codebases/sodium_oxide/sodium_oxide_2019/ccn_lib/src/crypto/stream/xsalsa20.rs","crypto_codebases/sodium_oxide/sodium_oxide_2019/ccn_lib/src/crypto/stream/xsalsa20.rs","test_vector_1","test_vector_1",24,44
18,1,230,0,19,"test_vector_2@47-65@crypto_codebases/sodium_oxide/sodium_oxide_2019/ccn_lib/src/crypto/stream/xsalsa20.rs","crypto_codebases/sodium_oxide/sodium_oxide_2019/ccn_lib/src/crypto/stream/xsalsa20.rs","test_vector_2","test_vector_2",47,65
38,1,770,0,40,"test_vector_3@68-107@crypto_codebases/sodium_oxide/sodium_oxide_2019/ccn_lib/src/crypto/stream/xsalsa20.rs","crypto_codebases/sodium_oxide/sodium_oxide_2019/ccn_lib/src/crypto/stream/xsalsa20.rs","test_vector_3","test_vector_3",68,107
31,1,655,0,32,"test_vector_1@21-52@crypto_codebases/sodium_oxide/sodium_oxide_2019/ccn_lib/src/crypto/stream/chacha20.rs","crypto_codebases/sodium_oxide/sodium_oxide_2019/ccn_lib/src/crypto/stream/chacha20.rs","test_vector_1","test_vector_1",21,52
17,1,220,0,18,"test_vector_1@23-40@crypto_codebases/sodium_oxide/sodium_oxide_2019/ccn_lib/src/crypto/stream/salsa20.rs","crypto_codebases/sodium_oxide/sodium_oxide_2019/ccn_lib/src/crypto/stream/salsa20.rs","test_vector_1","test_vector_1",23,40
7,1,91,0,9,"decrypt_too_short_ciphertext@47-55@crypto_codebases/sodium_oxide/sodium_oxide_2019/ccn_lib/src/crypto/secretstream/xchacha20poly1305.rs","crypto_codebases/sodium_oxide/sodium_oxide_2019/ccn_lib/src/crypto/secretstream/xchacha20poly1305.rs","decrypt_too_short_ciphertext","decrypt_too_short_ciphertext",47,55
27,1,347,0,33,"push_pull@58-90@crypto_codebases/sodium_oxide/sodium_oxide_2019/ccn_lib/src/crypto/secretstream/xchacha20poly1305.rs","crypto_codebases/sodium_oxide/sodium_oxide_2019/ccn_lib/src/crypto/secretstream/xchacha20poly1305.rs","push_pull","push_pull",58,90
31,1,397,0,37,"push_pull_with_ad@93-129@crypto_codebases/sodium_oxide/sodium_oxide_2019/ccn_lib/src/crypto/secretstream/xchacha20poly1305.rs","crypto_codebases/sodium_oxide/sodium_oxide_2019/ccn_lib/src/crypto/secretstream/xchacha20poly1305.rs","push_pull_with_ad","push_pull_with_ad",93,129
27,1,347,0,33,"push_pull_with_rekey@132-164@crypto_codebases/sodium_oxide/sodium_oxide_2019/ccn_lib/src/crypto/secretstream/xchacha20poly1305.rs","crypto_codebases/sodium_oxide/sodium_oxide_2019/ccn_lib/src/crypto/secretstream/xchacha20poly1305.rs","push_pull_with_rekey","push_pull_with_rekey",132,164
30,1,377,0,37,"push_pull_with_explicit_rekey@167-203@crypto_codebases/sodium_oxide/sodium_oxide_2019/ccn_lib/src/crypto/secretstream/xchacha20poly1305.rs","crypto_codebases/sodium_oxide/sodium_oxide_2019/ccn_lib/src/crypto/secretstream/xchacha20poly1305.rs","push_pull_with_explicit_rekey","push_pull_with_explicit_rekey",167,203
10,1,124,0,11,"cannot_pull_after_finalization@206-216@crypto_codebases/sodium_oxide/sodium_oxide_2019/ccn_lib/src/crypto/secretstream/xchacha20poly1305.rs","crypto_codebases/sodium_oxide/sodium_oxide_2019/ccn_lib/src/crypto/secretstream/xchacha20poly1305.rs","cannot_pull_after_finalization","cannot_pull_after_finalization",206,216
10,1,120,0,11,"cannot_rekey_after_finalization@219-229@crypto_codebases/sodium_oxide/sodium_oxide_2019/ccn_lib/src/crypto/secretstream/xchacha20poly1305.rs","crypto_codebases/sodium_oxide/sodium_oxide_2019/ccn_lib/src/crypto/secretstream/xchacha20poly1305.rs","cannot_rekey_after_finalization","cannot_rekey_after_finalization",219,229
9,2,121,0,9,"tag_from_u8@232-240@crypto_codebases/sodium_oxide/sodium_oxide_2019/ccn_lib/src/crypto/secretstream/xchacha20poly1305.rs","crypto_codebases/sodium_oxide/sodium_oxide_2019/ccn_lib/src/crypto/secretstream/xchacha20poly1305.rs","tag_from_u8","tag_from_u8",232,240
3,1,15,0,3,"messagebytes_max@27-29@crypto_codebases/sodium_oxide/sodium_oxide_2019/ccn_lib/src/crypto/secretstream/secretstream_macros.rs","crypto_codebases/sodium_oxide/sodium_oxide_2019/ccn_lib/src/crypto/secretstream/secretstream_macros.rs","messagebytes_max","messagebytes_max",27,29
9,2,64,1,9,"from_u8@89-97@crypto_codebases/sodium_oxide/sodium_oxide_2019/ccn_lib/src/crypto/secretstream/secretstream_macros.rs","crypto_codebases/sodium_oxide/sodium_oxide_2019/ccn_lib/src/crypto/secretstream/secretstream_macros.rs","from_u8","from_u8 tag : u8",89,97
5,1,29,0,5,"gen_key@120-124@crypto_codebases/sodium_oxide/sodium_oxide_2019/ccn_lib/src/crypto/secretstream/secretstream_macros.rs","crypto_codebases/sodium_oxide/sodium_oxide_2019/ccn_lib/src/crypto/secretstream/secretstream_macros.rs","gen_key","gen_key",120,124
9,2,49,1,9,"rekey@139-147@crypto_codebases/sodium_oxide/sodium_oxide_2019/ccn_lib/src/crypto/secretstream/secretstream_macros.rs","crypto_codebases/sodium_oxide/sodium_oxide_2019/ccn_lib/src/crypto/secretstream/secretstream_macros.rs","rekey","rekey & mut self",139,147
3,1,13,1,3,"is_finalized@150-152@crypto_codebases/sodium_oxide/sodium_oxide_2019/ccn_lib/src/crypto/secretstream/secretstream_macros.rs","crypto_codebases/sodium_oxide/sodium_oxide_2019/ccn_lib/src/crypto/secretstream/secretstream_macros.rs","is_finalized","is_finalized & self",150,152
3,1,14,1,3,"is_not_finalized@155-157@crypto_codebases/sodium_oxide/sodium_oxide_2019/ccn_lib/src/crypto/secretstream/secretstream_macros.rs","crypto_codebases/sodium_oxide/sodium_oxide_2019/ccn_lib/src/crypto/secretstream/secretstream_macros.rs","is_not_finalized","is_not_finalized & self",155,157
23,2,134,1,23,"init_push@171-193@crypto_codebases/sodium_oxide/sodium_oxide_2019/ccn_lib/src/crypto/secretstream/secretstream_macros.rs","crypto_codebases/sodium_oxide/sodium_oxide_2019/ccn_lib/src/crypto/secretstream/secretstream_macros.rs","init_push","init_push key : & Key",171,193
34,5,227,2,36,"push@198-233@crypto_codebases/sodium_oxide/sodium_oxide_2019/ccn_lib/src/crypto/secretstream/secretstream_macros.rs","crypto_codebases/sodium_oxide/sodium_oxide_2019/ccn_lib/src/crypto/secretstream/secretstream_macros.rs","push","push & mut self , m : & [ u8 ] , ad : Option < & [ u8 ] > , tag : Tag",198,233
3,1,43,1,3,"finalize@238-240@crypto_codebases/sodium_oxide/sodium_oxide_2019/ccn_lib/src/crypto/secretstream/secretstream_macros.rs","crypto_codebases/sodium_oxide/sodium_oxide_2019/ccn_lib/src/crypto/secretstream/secretstream_macros.rs","finalize","finalize mut self , ad : Option < & [ u8 ] >",238,240
21,3,127,2,25,"init_pull@247-271@crypto_codebases/sodium_oxide/sodium_oxide_2019/ccn_lib/src/crypto/secretstream/secretstream_macros.rs","crypto_codebases/sodium_oxide/sodium_oxide_2019/ccn_lib/src/crypto/secretstream/secretstream_macros.rs","init_pull","init_pull header : & Header , key : & Key",247,271
39,7,270,1,40,"pull@284-323@crypto_codebases/sodium_oxide/sodium_oxide_2019/ccn_lib/src/crypto/secretstream/secretstream_macros.rs","crypto_codebases/sodium_oxide/sodium_oxide_2019/ccn_lib/src/crypto/secretstream/secretstream_macros.rs","pull","pull & mut self , c : & [ u8 ] , ad : Option < & [ u8 ] >",284,323
3,1,18,1,3,"drop@329-331@crypto_codebases/sodium_oxide/sodium_oxide_2019/ccn_lib/src/crypto/secretstream/secretstream_macros.rs","crypto_codebases/sodium_oxide/sodium_oxide_2019/ccn_lib/src/crypto/secretstream/secretstream_macros.rs","drop","drop & mut self",329,331
26,1,424,0,30,"test_vector_1@23-52@crypto_codebases/sodium_oxide/sodium_oxide_2019/ccn_lib/src/crypto/onetimeauth/poly1305.rs","crypto_codebases/sodium_oxide/sodium_oxide_2019/ccn_lib/src/crypto/onetimeauth/poly1305.rs","test_vector_1","test_vector_1",23,52
7,1,48,1,7,"public_key@62-68@crypto_codebases/sodium_oxide/sodium_oxide_2019/ccn_lib/src/crypto/box_/curve25519xsalsa20poly1305.rs","crypto_codebases/sodium_oxide/sodium_oxide_2019/ccn_lib/src/crypto/box_/curve25519xsalsa20poly1305.rs","public_key","public_key & self",62,68
8,1,67,0,8,"gen_keypair@88-95@crypto_codebases/sodium_oxide/sodium_oxide_2019/ccn_lib/src/crypto/box_/curve25519xsalsa20poly1305.rs","crypto_codebases/sodium_oxide/sodium_oxide_2019/ccn_lib/src/crypto/box_/curve25519xsalsa20poly1305.rs","gen_keypair","gen_keypair",88,95
12,1,80,1,12,"keypair_from_seed@102-113@crypto_codebases/sodium_oxide/sodium_oxide_2019/ccn_lib/src/crypto/box_/curve25519xsalsa20poly1305.rs","crypto_codebases/sodium_oxide/sodium_oxide_2019/ccn_lib/src/crypto/box_/curve25519xsalsa20poly1305.rs","keypair_from_seed","keypair_from_seed seed : & Seed",102,113
5,1,29,0,5,"gen_nonce@120-124@crypto_codebases/sodium_oxide/sodium_oxide_2019/ccn_lib/src/crypto/box_/curve25519xsalsa20poly1305.rs","crypto_codebases/sodium_oxide/sodium_oxide_2019/ccn_lib/src/crypto/box_/curve25519xsalsa20poly1305.rs","gen_nonce","gen_nonce",120,124
16,1,115,3,16,"seal@128-143@crypto_codebases/sodium_oxide/sodium_oxide_2019/ccn_lib/src/crypto/box_/curve25519xsalsa20poly1305.rs","crypto_codebases/sodium_oxide/sodium_oxide_2019/ccn_lib/src/crypto/box_/curve25519xsalsa20poly1305.rs","seal","seal m : & [ u8 ] , n : & Nonce , pk : & PublicKey , sk : & SecretKey",128,143
15,1,104,3,15,"seal_detached@149-163@crypto_codebases/sodium_oxide/sodium_oxide_2019/ccn_lib/src/crypto/box_/curve25519xsalsa20poly1305.rs","crypto_codebases/sodium_oxide/sodium_oxide_2019/ccn_lib/src/crypto/box_/curve25519xsalsa20poly1305.rs","seal_detached","seal_detached m : & mut [ u8 ] , n : & Nonce , pk : & PublicKey , sk : & SecretKey",149,163
23,3,158,3,23,"open@168-190@crypto_codebases/sodium_oxide/sodium_oxide_2019/ccn_lib/src/crypto/box_/curve25519xsalsa20poly1305.rs","crypto_codebases/sodium_oxide/sodium_oxide_2019/ccn_lib/src/crypto/box_/curve25519xsalsa20poly1305.rs","open","open c : & [ u8 ] , n : & Nonce , pk : & PublicKey , sk : & SecretKey",168,190
24,2,126,4,24,"open_detached@196-219@crypto_codebases/sodium_oxide/sodium_oxide_2019/ccn_lib/src/crypto/box_/curve25519xsalsa20poly1305.rs","crypto_codebases/sodium_oxide/sodium_oxide_2019/ccn_lib/src/crypto/box_/curve25519xsalsa20poly1305.rs","open_detached","open_detached c : & mut [ u8 ] , mac : & Tag , n : & Nonce , pk : & PublicKey , sk : & SecretKey ,",196,219
11,1,64,2,11,"precompute@233-243@crypto_codebases/sodium_oxide/sodium_oxide_2019/ccn_lib/src/crypto/box_/curve25519xsalsa20poly1305.rs","crypto_codebases/sodium_oxide/sodium_oxide_2019/ccn_lib/src/crypto/box_/curve25519xsalsa20poly1305.rs","precompute","precompute pk : & PublicKey , sk : & SecretKey",233,243
15,1,102,2,15,"seal_precomputed@247-261@crypto_codebases/sodium_oxide/sodium_oxide_2019/ccn_lib/src/crypto/box_/curve25519xsalsa20poly1305.rs","crypto_codebases/sodium_oxide/sodium_oxide_2019/ccn_lib/src/crypto/box_/curve25519xsalsa20poly1305.rs","seal_precomputed","seal_precomputed m : & [ u8 ] , n : & Nonce , k : & PrecomputedKey",247,261
14,1,91,2,14,"seal_detached_precomputed@266-279@crypto_codebases/sodium_oxide/sodium_oxide_2019/ccn_lib/src/crypto/box_/curve25519xsalsa20poly1305.rs","crypto_codebases/sodium_oxide/sodium_oxide_2019/ccn_lib/src/crypto/box_/curve25519xsalsa20poly1305.rs","seal_detached_precomputed","seal_detached_precomputed m : & mut [ u8 ] , n : & Nonce , k : & PrecomputedKey",266,279
22,3,145,2,22,"open_precomputed@284-305@crypto_codebases/sodium_oxide/sodium_oxide_2019/ccn_lib/src/crypto/box_/curve25519xsalsa20poly1305.rs","crypto_codebases/sodium_oxide/sodium_oxide_2019/ccn_lib/src/crypto/box_/curve25519xsalsa20poly1305.rs","open_precomputed","open_precomputed c : & [ u8 ] , n : & Nonce , k : & PrecomputedKey",284,305
22,2,113,3,22,"open_detached_precomputed@311-332@crypto_codebases/sodium_oxide/sodium_oxide_2019/ccn_lib/src/crypto/box_/curve25519xsalsa20poly1305.rs","crypto_codebases/sodium_oxide/sodium_oxide_2019/ccn_lib/src/crypto/box_/curve25519xsalsa20poly1305.rs","open_detached_precomputed","open_detached_precomputed c : & mut [ u8 ] , mac : & Tag , n : & Nonce , k : & PrecomputedKey ,",311,332
12,2,104,0,12,"test_seal_open@339-350@crypto_codebases/sodium_oxide/sodium_oxide_2019/ccn_lib/src/crypto/box_/curve25519xsalsa20poly1305.rs","crypto_codebases/sodium_oxide/sodium_oxide_2019/ccn_lib/src/crypto/box_/curve25519xsalsa20poly1305.rs","test_seal_open","test_seal_open",339,350
17,2,146,0,17,"test_seal_open_precomputed@353-369@crypto_codebases/sodium_oxide/sodium_oxide_2019/ccn_lib/src/crypto/box_/curve25519xsalsa20poly1305.rs","crypto_codebases/sodium_oxide/sodium_oxide_2019/ccn_lib/src/crypto/box_/curve25519xsalsa20poly1305.rs","test_seal_open_precomputed","test_seal_open_precomputed",353,369
15,3,129,0,15,"test_seal_open_tamper@372-386@crypto_codebases/sodium_oxide/sodium_oxide_2019/ccn_lib/src/crypto/box_/curve25519xsalsa20poly1305.rs","crypto_codebases/sodium_oxide/sodium_oxide_2019/ccn_lib/src/crypto/box_/curve25519xsalsa20poly1305.rs","test_seal_open_tamper","test_seal_open_tamper",372,386
17,3,147,0,17,"test_seal_open_precomputed_tamper@389-405@crypto_codebases/sodium_oxide/sodium_oxide_2019/ccn_lib/src/crypto/box_/curve25519xsalsa20poly1305.rs","crypto_codebases/sodium_oxide/sodium_oxide_2019/ccn_lib/src/crypto/box_/curve25519xsalsa20poly1305.rs","test_seal_open_precomputed_tamper","test_seal_open_precomputed_tamper",389,405
15,2,135,0,15,"test_seal_open_seed@408-422@crypto_codebases/sodium_oxide/sodium_oxide_2019/ccn_lib/src/crypto/box_/curve25519xsalsa20poly1305.rs","crypto_codebases/sodium_oxide/sodium_oxide_2019/ccn_lib/src/crypto/box_/curve25519xsalsa20poly1305.rs","test_seal_open_seed","test_seal_open_seed",408,422
18,3,160,0,18,"test_seal_open_seed_tamper@425-442@crypto_codebases/sodium_oxide/sodium_oxide_2019/ccn_lib/src/crypto/box_/curve25519xsalsa20poly1305.rs","crypto_codebases/sodium_oxide/sodium_oxide_2019/ccn_lib/src/crypto/box_/curve25519xsalsa20poly1305.rs","test_seal_open_seed_tamper","test_seal_open_seed_tamper",425,442
13,2,117,0,13,"test_seal_open_detached@445-457@crypto_codebases/sodium_oxide/sodium_oxide_2019/ccn_lib/src/crypto/box_/curve25519xsalsa20poly1305.rs","crypto_codebases/sodium_oxide/sodium_oxide_2019/ccn_lib/src/crypto/box_/curve25519xsalsa20poly1305.rs","test_seal_open_detached","test_seal_open_detached",445,457
14,2,139,0,14,"test_seal_combined_then_open_detached@460-473@crypto_codebases/sodium_oxide/sodium_oxide_2019/ccn_lib/src/crypto/box_/curve25519xsalsa20poly1305.rs","crypto_codebases/sodium_oxide/sodium_oxide_2019/ccn_lib/src/crypto/box_/curve25519xsalsa20poly1305.rs","test_seal_combined_then_open_detached","test_seal_combined_then_open_detached",460,473
15,2,149,0,15,"test_seal_detached_then_open_combined@476-490@crypto_codebases/sodium_oxide/sodium_oxide_2019/ccn_lib/src/crypto/box_/curve25519xsalsa20poly1305.rs","crypto_codebases/sodium_oxide/sodium_oxide_2019/ccn_lib/src/crypto/box_/curve25519xsalsa20poly1305.rs","test_seal_detached_then_open_combined","test_seal_detached_then_open_combined",476,490
20,4,196,0,20,"test_seal_open_detached_tamper@493-512@crypto_codebases/sodium_oxide/sodium_oxide_2019/ccn_lib/src/crypto/box_/curve25519xsalsa20poly1305.rs","crypto_codebases/sodium_oxide/sodium_oxide_2019/ccn_lib/src/crypto/box_/curve25519xsalsa20poly1305.rs","test_seal_open_detached_tamper","test_seal_open_detached_tamper",493,512
15,1,129,0,19,"test_open_detached_failure_does_not_modify@515-533@crypto_codebases/sodium_oxide/sodium_oxide_2019/ccn_lib/src/crypto/box_/curve25519xsalsa20poly1305.rs","crypto_codebases/sodium_oxide/sodium_oxide_2019/ccn_lib/src/crypto/box_/curve25519xsalsa20poly1305.rs","test_open_detached_failure_does_not_modify","test_open_detached_failure_does_not_modify",515,533
15,2,135,0,15,"test_seal_open_detached_precomputed@536-550@crypto_codebases/sodium_oxide/sodium_oxide_2019/ccn_lib/src/crypto/box_/curve25519xsalsa20poly1305.rs","crypto_codebases/sodium_oxide/sodium_oxide_2019/ccn_lib/src/crypto/box_/curve25519xsalsa20poly1305.rs","test_seal_open_detached_precomputed","test_seal_open_detached_precomputed",536,550
16,2,157,0,16,"test_seal_combined_then_open_detached_precomputed@553-568@crypto_codebases/sodium_oxide/sodium_oxide_2019/ccn_lib/src/crypto/box_/curve25519xsalsa20poly1305.rs","crypto_codebases/sodium_oxide/sodium_oxide_2019/ccn_lib/src/crypto/box_/curve25519xsalsa20poly1305.rs","test_seal_combined_then_open_detached_precomputed","test_seal_combined_then_open_detached_precomputed",553,568
17,2,167,0,17,"test_seal_detached_precomputed_then_open_combined@571-587@crypto_codebases/sodium_oxide/sodium_oxide_2019/ccn_lib/src/crypto/box_/curve25519xsalsa20poly1305.rs","crypto_codebases/sodium_oxide/sodium_oxide_2019/ccn_lib/src/crypto/box_/curve25519xsalsa20poly1305.rs","test_seal_detached_precomputed_then_open_combined","test_seal_detached_precomputed_then_open_combined",571,587
22,4,211,0,22,"test_seal_open_detached_precomputed_tamper@590-611@crypto_codebases/sodium_oxide/sodium_oxide_2019/ccn_lib/src/crypto/box_/curve25519xsalsa20poly1305.rs","crypto_codebases/sodium_oxide/sodium_oxide_2019/ccn_lib/src/crypto/box_/curve25519xsalsa20poly1305.rs","test_seal_open_detached_precomputed_tamper","test_seal_open_detached_precomputed_tamper",590,611
17,1,147,0,21,"test_open_detached_precomputed_failure_does_not_modify@614-634@crypto_codebases/sodium_oxide/sodium_oxide_2019/ccn_lib/src/crypto/box_/curve25519xsalsa20poly1305.rs","crypto_codebases/sodium_oxide/sodium_oxide_2019/ccn_lib/src/crypto/box_/curve25519xsalsa20poly1305.rs","test_open_detached_precomputed_failure_does_not_modify","test_open_detached_precomputed_failure_does_not_modify",614,634
46,1,840,0,47,"test_vector_1@637-683@crypto_codebases/sodium_oxide/sodium_oxide_2019/ccn_lib/src/crypto/box_/curve25519xsalsa20poly1305.rs","crypto_codebases/sodium_oxide/sodium_oxide_2019/ccn_lib/src/crypto/box_/curve25519xsalsa20poly1305.rs","test_vector_1","test_vector_1",637,683
46,1,843,0,47,"test_vector_2@686-732@crypto_codebases/sodium_oxide/sodium_oxide_2019/ccn_lib/src/crypto/box_/curve25519xsalsa20poly1305.rs","crypto_codebases/sodium_oxide/sodium_oxide_2019/ccn_lib/src/crypto/box_/curve25519xsalsa20poly1305.rs","test_vector_2","test_vector_2",686,732
7,2,43,0,7,"test_public_key@735-741@crypto_codebases/sodium_oxide/sodium_oxide_2019/ccn_lib/src/crypto/box_/curve25519xsalsa20poly1305.rs","crypto_codebases/sodium_oxide/sodium_oxide_2019/ccn_lib/src/crypto/box_/curve25519xsalsa20poly1305.rs","test_public_key","test_public_key",735,741
10,2,53,0,10,"test_serialisation@745-754@crypto_codebases/sodium_oxide/sodium_oxide_2019/ccn_lib/src/crypto/box_/curve25519xsalsa20poly1305.rs","crypto_codebases/sodium_oxide/sodium_oxide_2019/ccn_lib/src/crypto/box_/curve25519xsalsa20poly1305.rs","test_serialisation","test_serialisation",745,754
10,3,114,1,10,"bench_seal_open@767-776@crypto_codebases/sodium_oxide/sodium_oxide_2019/ccn_lib/src/crypto/box_/curve25519xsalsa20poly1305.rs","crypto_codebases/sodium_oxide/sodium_oxide_2019/ccn_lib/src/crypto/box_/curve25519xsalsa20poly1305.rs","bench_seal_open","bench_seal_open b : & mut test :: Bencher",767,776
9,3,61,1,11,"bench_precompute@779-789@crypto_codebases/sodium_oxide/sodium_oxide_2019/ccn_lib/src/crypto/box_/curve25519xsalsa20poly1305.rs","crypto_codebases/sodium_oxide/sodium_oxide_2019/ccn_lib/src/crypto/box_/curve25519xsalsa20poly1305.rs","bench_precompute","bench_precompute b : & mut test :: Bencher",779,789
24,2,129,3,25,"run_derive_key_test@48-72@crypto_codebases/sodium_oxide/sodium_oxide_2019/ccn_lib/src/crypto/pwhash/argon2id13.rs","crypto_codebases/sodium_oxide/sodium_oxide_2019/ccn_lib/src/crypto/pwhash/argon2id13.rs","run_derive_key_test","run_derive_key_test password : & [ u8 ] , salt : [ u8 ; SALTBYTES ] , expected : & [ u8 ] , out_len : usize , ops : usize , mem : usize ,",48,72
8,1,58,1,8,"to_hashed_password@75-82@crypto_codebases/sodium_oxide/sodium_oxide_2019/ccn_lib/src/crypto/pwhash/argon2id13.rs","crypto_codebases/sodium_oxide/sodium_oxide_2019/ccn_lib/src/crypto/pwhash/argon2id13.rs","to_hashed_password","to_hashed_password s : & str",75,82
8,2,64,0,8,"test_pwhash_verify@84-91@crypto_codebases/sodium_oxide/sodium_oxide_2019/ccn_lib/src/crypto/pwhash/argon2id13.rs","crypto_codebases/sodium_oxide/sodium_oxide_2019/ccn_lib/src/crypto/pwhash/argon2id13.rs","test_pwhash_verify","test_pwhash_verify",84,91
12,3,93,0,12,"test_pwhash_verify_tamper@94-105@crypto_codebases/sodium_oxide/sodium_oxide_2019/ccn_lib/src/crypto/pwhash/argon2id13.rs","crypto_codebases/sodium_oxide/sodium_oxide_2019/ccn_lib/src/crypto/pwhash/argon2id13.rs","test_pwhash_verify_tamper","test_pwhash_verify_tamper",94,105
11,2,67,0,11,"test_serialisation@109-119@crypto_codebases/sodium_oxide/sodium_oxide_2019/ccn_lib/src/crypto/pwhash/argon2id13.rs","crypto_codebases/sodium_oxide/sodium_oxide_2019/ccn_lib/src/crypto/pwhash/argon2id13.rs","test_serialisation","test_serialisation",109,119
34,1,650,0,34,"test_derive_01@122-155@crypto_codebases/sodium_oxide/sodium_oxide_2019/ccn_lib/src/crypto/pwhash/argon2id13.rs","crypto_codebases/sodium_oxide/sodium_oxide_2019/ccn_lib/src/crypto/pwhash/argon2id13.rs","test_derive_01","test_derive_01",122,155
37,1,758,0,37,"test_derive_02@158-194@crypto_codebases/sodium_oxide/sodium_oxide_2019/ccn_lib/src/crypto/pwhash/argon2id13.rs","crypto_codebases/sodium_oxide/sodium_oxide_2019/ccn_lib/src/crypto/pwhash/argon2id13.rs","test_derive_02","test_derive_02",158,194
44,1,950,0,44,"test_derive_03@197-240@crypto_codebases/sodium_oxide/sodium_oxide_2019/ccn_lib/src/crypto/pwhash/argon2id13.rs","crypto_codebases/sodium_oxide/sodium_oxide_2019/ccn_lib/src/crypto/pwhash/argon2id13.rs","test_derive_03","test_derive_03",197,240
22,1,393,0,22,"test_derive_04@243-264@crypto_codebases/sodium_oxide/sodium_oxide_2019/ccn_lib/src/crypto/pwhash/argon2id13.rs","crypto_codebases/sodium_oxide/sodium_oxide_2019/ccn_lib/src/crypto/pwhash/argon2id13.rs","test_derive_04","test_derive_04",243,264
32,1,630,0,32,"test_derive_05@267-298@crypto_codebases/sodium_oxide/sodium_oxide_2019/ccn_lib/src/crypto/pwhash/argon2id13.rs","crypto_codebases/sodium_oxide/sodium_oxide_2019/ccn_lib/src/crypto/pwhash/argon2id13.rs","test_derive_05","test_derive_05",267,298
37,1,754,0,37,"test_derive_06@301-337@crypto_codebases/sodium_oxide/sodium_oxide_2019/ccn_lib/src/crypto/pwhash/argon2id13.rs","crypto_codebases/sodium_oxide/sodium_oxide_2019/ccn_lib/src/crypto/pwhash/argon2id13.rs","test_derive_06","test_derive_06",301,337
32,1,616,0,32,"test_derive_07@340-371@crypto_codebases/sodium_oxide/sodium_oxide_2019/ccn_lib/src/crypto/pwhash/argon2id13.rs","crypto_codebases/sodium_oxide/sodium_oxide_2019/ccn_lib/src/crypto/pwhash/argon2id13.rs","test_derive_07","test_derive_07",340,371
40,1,860,0,40,"test_derive_08@374-413@crypto_codebases/sodium_oxide/sodium_oxide_2019/ccn_lib/src/crypto/pwhash/argon2id13.rs","crypto_codebases/sodium_oxide/sodium_oxide_2019/ccn_lib/src/crypto/pwhash/argon2id13.rs","test_derive_08","test_derive_08",374,413
34,1,650,0,34,"test_derive_09@416-449@crypto_codebases/sodium_oxide/sodium_oxide_2019/ccn_lib/src/crypto/pwhash/argon2id13.rs","crypto_codebases/sodium_oxide/sodium_oxide_2019/ccn_lib/src/crypto/pwhash/argon2id13.rs","test_derive_09","test_derive_09",416,449
34,1,650,0,34,"test_derive_10@452-485@crypto_codebases/sodium_oxide/sodium_oxide_2019/ccn_lib/src/crypto/pwhash/argon2id13.rs","crypto_codebases/sodium_oxide/sodium_oxide_2019/ccn_lib/src/crypto/pwhash/argon2id13.rs","test_derive_10","test_derive_10",452,485
9,1,43,0,10,"test_verify_1@488-497@crypto_codebases/sodium_oxide/sodium_oxide_2019/ccn_lib/src/crypto/pwhash/argon2id13.rs","crypto_codebases/sodium_oxide/sodium_oxide_2019/ccn_lib/src/crypto/pwhash/argon2id13.rs","test_verify_1","test_verify_1",488,497
9,1,43,0,10,"test_verify_2@500-509@crypto_codebases/sodium_oxide/sodium_oxide_2019/ccn_lib/src/crypto/pwhash/argon2id13.rs","crypto_codebases/sodium_oxide/sodium_oxide_2019/ccn_lib/src/crypto/pwhash/argon2id13.rs","test_verify_2","test_verify_2",500,509
9,1,42,0,10,"test_verify_3@512-521@crypto_codebases/sodium_oxide/sodium_oxide_2019/ccn_lib/src/crypto/pwhash/argon2id13.rs","crypto_codebases/sodium_oxide/sodium_oxide_2019/ccn_lib/src/crypto/pwhash/argon2id13.rs","test_verify_3","test_verify_3",512,521
9,1,43,0,10,"test_verify_4@524-533@crypto_codebases/sodium_oxide/sodium_oxide_2019/ccn_lib/src/crypto/pwhash/argon2id13.rs","crypto_codebases/sodium_oxide/sodium_oxide_2019/ccn_lib/src/crypto/pwhash/argon2id13.rs","test_verify_4","test_verify_4",524,533
9,1,42,0,10,"test_verify_5@536-545@crypto_codebases/sodium_oxide/sodium_oxide_2019/ccn_lib/src/crypto/pwhash/argon2id13.rs","crypto_codebases/sodium_oxide/sodium_oxide_2019/ccn_lib/src/crypto/pwhash/argon2id13.rs","test_verify_5","test_verify_5",536,545
9,1,42,0,10,"test_verify_6@548-557@crypto_codebases/sodium_oxide/sodium_oxide_2019/ccn_lib/src/crypto/pwhash/argon2id13.rs","crypto_codebases/sodium_oxide/sodium_oxide_2019/ccn_lib/src/crypto/pwhash/argon2id13.rs","test_verify_6","test_verify_6",548,557
12,1,111,0,15,"test_hash_1@560-574@crypto_codebases/sodium_oxide/sodium_oxide_2019/ccn_lib/src/crypto/pwhash/argon2id13.rs","crypto_codebases/sodium_oxide/sodium_oxide_2019/ccn_lib/src/crypto/pwhash/argon2id13.rs","test_hash_1","test_hash_1",560,574
7,1,55,0,8,"test_hash_2@577-584@crypto_codebases/sodium_oxide/sodium_oxide_2019/ccn_lib/src/crypto/pwhash/argon2id13.rs","crypto_codebases/sodium_oxide/sodium_oxide_2019/ccn_lib/src/crypto/pwhash/argon2id13.rs","test_hash_2","test_hash_2",577,584
12,1,82,0,14,"test_hash_3@587-600@crypto_codebases/sodium_oxide/sodium_oxide_2019/ccn_lib/src/crypto/pwhash/argon2id13.rs","crypto_codebases/sodium_oxide/sodium_oxide_2019/ccn_lib/src/crypto/pwhash/argon2id13.rs","test_hash_3","test_hash_3",587,600
5,1,31,0,5,"gen_salt@67-71@crypto_codebases/sodium_oxide/sodium_oxide_2019/ccn_lib/src/crypto/pwhash/scryptsalsa208sha256.rs","crypto_codebases/sodium_oxide/sodium_oxide_2019/ccn_lib/src/crypto/pwhash/scryptsalsa208sha256.rs","gen_salt","gen_salt",67,71
24,2,129,3,25,"run_derive_key_test@48-72@crypto_codebases/sodium_oxide/sodium_oxide_2019/ccn_lib/src/crypto/pwhash/argon2i13.rs","crypto_codebases/sodium_oxide/sodium_oxide_2019/ccn_lib/src/crypto/pwhash/argon2i13.rs","run_derive_key_test","run_derive_key_test password : & [ u8 ] , salt : [ u8 ; SALTBYTES ] , expected : & [ u8 ] , out_len : usize , ops : usize , mem : usize ,",48,72
8,1,58,1,8,"to_hashed_password@75-82@crypto_codebases/sodium_oxide/sodium_oxide_2019/ccn_lib/src/crypto/pwhash/argon2i13.rs","crypto_codebases/sodium_oxide/sodium_oxide_2019/ccn_lib/src/crypto/pwhash/argon2i13.rs","to_hashed_password","to_hashed_password s : & str",75,82
8,2,64,0,8,"test_pwhash_verify@85-92@crypto_codebases/sodium_oxide/sodium_oxide_2019/ccn_lib/src/crypto/pwhash/argon2i13.rs","crypto_codebases/sodium_oxide/sodium_oxide_2019/ccn_lib/src/crypto/pwhash/argon2i13.rs","test_pwhash_verify","test_pwhash_verify",85,92
12,3,93,0,12,"test_pwhash_verify_tamper@95-106@crypto_codebases/sodium_oxide/sodium_oxide_2019/ccn_lib/src/crypto/pwhash/argon2i13.rs","crypto_codebases/sodium_oxide/sodium_oxide_2019/ccn_lib/src/crypto/pwhash/argon2i13.rs","test_pwhash_verify_tamper","test_pwhash_verify_tamper",95,106
11,2,67,0,11,"test_serialisation@110-120@crypto_codebases/sodium_oxide/sodium_oxide_2019/ccn_lib/src/crypto/pwhash/argon2i13.rs","crypto_codebases/sodium_oxide/sodium_oxide_2019/ccn_lib/src/crypto/pwhash/argon2i13.rs","test_serialisation","test_serialisation",110,120
34,1,650,0,34,"test_derive_01@123-156@crypto_codebases/sodium_oxide/sodium_oxide_2019/ccn_lib/src/crypto/pwhash/argon2i13.rs","crypto_codebases/sodium_oxide/sodium_oxide_2019/ccn_lib/src/crypto/pwhash/argon2i13.rs","test_derive_01","test_derive_01",123,156
37,1,758,0,37,"test_derive_02@159-195@crypto_codebases/sodium_oxide/sodium_oxide_2019/ccn_lib/src/crypto/pwhash/argon2i13.rs","crypto_codebases/sodium_oxide/sodium_oxide_2019/ccn_lib/src/crypto/pwhash/argon2i13.rs","test_derive_02","test_derive_02",159,195
44,1,950,0,44,"test_derive_03@198-241@crypto_codebases/sodium_oxide/sodium_oxide_2019/ccn_lib/src/crypto/pwhash/argon2i13.rs","crypto_codebases/sodium_oxide/sodium_oxide_2019/ccn_lib/src/crypto/pwhash/argon2i13.rs","test_derive_03","test_derive_03",198,241
22,1,393,0,22,"test_derive_04@244-265@crypto_codebases/sodium_oxide/sodium_oxide_2019/ccn_lib/src/crypto/pwhash/argon2i13.rs","crypto_codebases/sodium_oxide/sodium_oxide_2019/ccn_lib/src/crypto/pwhash/argon2i13.rs","test_derive_04","test_derive_04",244,265
32,1,630,0,32,"test_derive_05@268-299@crypto_codebases/sodium_oxide/sodium_oxide_2019/ccn_lib/src/crypto/pwhash/argon2i13.rs","crypto_codebases/sodium_oxide/sodium_oxide_2019/ccn_lib/src/crypto/pwhash/argon2i13.rs","test_derive_05","test_derive_05",268,299
37,1,754,0,37,"test_derive_06@302-338@crypto_codebases/sodium_oxide/sodium_oxide_2019/ccn_lib/src/crypto/pwhash/argon2i13.rs","crypto_codebases/sodium_oxide/sodium_oxide_2019/ccn_lib/src/crypto/pwhash/argon2i13.rs","test_derive_06","test_derive_06",302,338
17,1,157,0,17,"test_derive_07@341-357@crypto_codebases/sodium_oxide/sodium_oxide_2019/ccn_lib/src/crypto/pwhash/argon2i13.rs","crypto_codebases/sodium_oxide/sodium_oxide_2019/ccn_lib/src/crypto/pwhash/argon2i13.rs","test_derive_07","test_derive_07",341,357
40,1,860,0,40,"test_derive_08@360-399@crypto_codebases/sodium_oxide/sodium_oxide_2019/ccn_lib/src/crypto/pwhash/argon2i13.rs","crypto_codebases/sodium_oxide/sodium_oxide_2019/ccn_lib/src/crypto/pwhash/argon2i13.rs","test_derive_08","test_derive_08",360,399
34,1,650,0,34,"test_derive_09@402-435@crypto_codebases/sodium_oxide/sodium_oxide_2019/ccn_lib/src/crypto/pwhash/argon2i13.rs","crypto_codebases/sodium_oxide/sodium_oxide_2019/ccn_lib/src/crypto/pwhash/argon2i13.rs","test_derive_09","test_derive_09",402,435
34,1,650,0,34,"test_derive_10@438-471@crypto_codebases/sodium_oxide/sodium_oxide_2019/ccn_lib/src/crypto/pwhash/argon2i13.rs","crypto_codebases/sodium_oxide/sodium_oxide_2019/ccn_lib/src/crypto/pwhash/argon2i13.rs","test_derive_10","test_derive_10",438,471
10,1,42,0,11,"test_verify_1@474-484@crypto_codebases/sodium_oxide/sodium_oxide_2019/ccn_lib/src/crypto/pwhash/argon2i13.rs","crypto_codebases/sodium_oxide/sodium_oxide_2019/ccn_lib/src/crypto/pwhash/argon2i13.rs","test_verify_1","test_verify_1",474,484
10,1,42,0,11,"test_verify_2@487-497@crypto_codebases/sodium_oxide/sodium_oxide_2019/ccn_lib/src/crypto/pwhash/argon2i13.rs","crypto_codebases/sodium_oxide/sodium_oxide_2019/ccn_lib/src/crypto/pwhash/argon2i13.rs","test_verify_2","test_verify_2",487,497
10,1,42,0,11,"test_verify_3@500-510@crypto_codebases/sodium_oxide/sodium_oxide_2019/ccn_lib/src/crypto/pwhash/argon2i13.rs","crypto_codebases/sodium_oxide/sodium_oxide_2019/ccn_lib/src/crypto/pwhash/argon2i13.rs","test_verify_3","test_verify_3",500,510
10,1,42,0,11,"test_verify_4@513-523@crypto_codebases/sodium_oxide/sodium_oxide_2019/ccn_lib/src/crypto/pwhash/argon2i13.rs","crypto_codebases/sodium_oxide/sodium_oxide_2019/ccn_lib/src/crypto/pwhash/argon2i13.rs","test_verify_4","test_verify_4",513,523
12,1,111,0,15,"test_hash_1@526-540@crypto_codebases/sodium_oxide/sodium_oxide_2019/ccn_lib/src/crypto/pwhash/argon2i13.rs","crypto_codebases/sodium_oxide/sodium_oxide_2019/ccn_lib/src/crypto/pwhash/argon2i13.rs","test_hash_1","test_hash_1",526,540
10,1,55,0,11,"test_hash_2@543-553@crypto_codebases/sodium_oxide/sodium_oxide_2019/ccn_lib/src/crypto/pwhash/argon2i13.rs","crypto_codebases/sodium_oxide/sodium_oxide_2019/ccn_lib/src/crypto/pwhash/argon2i13.rs","test_hash_2","test_hash_2",543,553
12,1,82,0,14,"test_hash_3@556-569@crypto_codebases/sodium_oxide/sodium_oxide_2019/ccn_lib/src/crypto/pwhash/argon2i13.rs","crypto_codebases/sodium_oxide/sodium_oxide_2019/ccn_lib/src/crypto/pwhash/argon2i13.rs","test_hash_3","test_hash_3",556,569
3,1,35,2,3,"fmt@18-20@crypto_codebases/sodium_oxide/sodium_oxide_2019/ccn_lib/src/crypto/generichash/digest.rs","crypto_codebases/sodium_oxide/sodium_oxide_2019/ccn_lib/src/crypto/generichash/digest.rs","fmt","fmt & self , formatter : & mut Formatter",18,20
7,2,47,2,7,"eq@24-30@crypto_codebases/sodium_oxide/sodium_oxide_2019/ccn_lib/src/crypto/generichash/digest.rs","crypto_codebases/sodium_oxide/sodium_oxide_2019/ccn_lib/src/crypto/generichash/digest.rs","eq","eq & self , other : & Digest",24,30
3,1,25,1,3,"as_ref@37-39@crypto_codebases/sodium_oxide/sodium_oxide_2019/ccn_lib/src/crypto/generichash/digest.rs","crypto_codebases/sodium_oxide/sodium_oxide_2019/ccn_lib/src/crypto/generichash/digest.rs","as_ref","as_ref & self",37,39
3,1,34,2,3,"partial_cmp@44-46@crypto_codebases/sodium_oxide/sodium_oxide_2019/ccn_lib/src/crypto/generichash/digest.rs","crypto_codebases/sodium_oxide/sodium_oxide_2019/ccn_lib/src/crypto/generichash/digest.rs","partial_cmp","partial_cmp & self , other : & Digest",44,46
3,1,31,2,3,"lt@49-51@crypto_codebases/sodium_oxide/sodium_oxide_2019/ccn_lib/src/crypto/generichash/digest.rs","crypto_codebases/sodium_oxide/sodium_oxide_2019/ccn_lib/src/crypto/generichash/digest.rs","lt","lt & self , other : & Digest",49,51
3,1,31,2,3,"le@54-56@crypto_codebases/sodium_oxide/sodium_oxide_2019/ccn_lib/src/crypto/generichash/digest.rs","crypto_codebases/sodium_oxide/sodium_oxide_2019/ccn_lib/src/crypto/generichash/digest.rs","le","le & self , other : & Digest",54,56
3,1,31,2,3,"ge@59-61@crypto_codebases/sodium_oxide/sodium_oxide_2019/ccn_lib/src/crypto/generichash/digest.rs","crypto_codebases/sodium_oxide/sodium_oxide_2019/ccn_lib/src/crypto/generichash/digest.rs","ge","ge & self , other : & Digest",59,61
3,1,31,2,3,"gt@64-66@crypto_codebases/sodium_oxide/sodium_oxide_2019/ccn_lib/src/crypto/generichash/digest.rs","crypto_codebases/sodium_oxide/sodium_oxide_2019/ccn_lib/src/crypto/generichash/digest.rs","gt","gt & self , other : & Digest",64,66
3,1,31,2,3,"cmp@71-73@crypto_codebases/sodium_oxide/sodium_oxide_2019/ccn_lib/src/crypto/generichash/digest.rs","crypto_codebases/sodium_oxide/sodium_oxide_2019/ccn_lib/src/crypto/generichash/digest.rs","cmp","cmp & self , other : & Digest",71,73
3,1,31,2,3,"hash@77-79@crypto_codebases/sodium_oxide/sodium_oxide_2019/ccn_lib/src/crypto/generichash/digest.rs","crypto_codebases/sodium_oxide/sodium_oxide_2019/ccn_lib/src/crypto/generichash/digest.rs","hash","hash & self , state : & mut H",77,79
3,1,30,1,3,"index@90-92@crypto_codebases/sodium_oxide/sodium_oxide_2019/ccn_lib/src/crypto/generichash/digest.rs","crypto_codebases/sodium_oxide/sodium_oxide_2019/ccn_lib/src/crypto/generichash/digest.rs","index","index & self , index : Range < usize >",90,92
3,1,30,1,3,"index@103-105@crypto_codebases/sodium_oxide/sodium_oxide_2019/ccn_lib/src/crypto/generichash/digest.rs","crypto_codebases/sodium_oxide/sodium_oxide_2019/ccn_lib/src/crypto/generichash/digest.rs","index","index & self , index : RangeTo < usize >",103,105
3,1,30,1,3,"index@116-118@crypto_codebases/sodium_oxide/sodium_oxide_2019/ccn_lib/src/crypto/generichash/digest.rs","crypto_codebases/sodium_oxide/sodium_oxide_2019/ccn_lib/src/crypto/generichash/digest.rs","index","index & self , index : RangeFrom < usize >",116,118
3,1,27,2,3,"index@129-131@crypto_codebases/sodium_oxide/sodium_oxide_2019/ccn_lib/src/crypto/generichash/digest.rs","crypto_codebases/sodium_oxide/sodium_oxide_2019/ccn_lib/src/crypto/generichash/digest.rs","index","index & self , index : RangeFull",129,131
25,8,173,1,29,"new@44-72@crypto_codebases/sodium_oxide/sodium_oxide_2019/ccn_lib/src/crypto/generichash/mod.rs","crypto_codebases/sodium_oxide/sodium_oxide_2019/ccn_lib/src/crypto/generichash/mod.rs","new","new out_len : usize , key : Option < & [ u8 ] >",44,72
10,2,73,1,10,"update@76-85@crypto_codebases/sodium_oxide/sodium_oxide_2019/ccn_lib/src/crypto/generichash/mod.rs","crypto_codebases/sodium_oxide/sodium_oxide_2019/ccn_lib/src/crypto/generichash/mod.rs","update","update & mut self , data : & [ u8 ]",76,85
14,2,85,1,14,"finalize@89-102@crypto_codebases/sodium_oxide/sodium_oxide_2019/ccn_lib/src/crypto/generichash/mod.rs","crypto_codebases/sodium_oxide/sodium_oxide_2019/ccn_lib/src/crypto/generichash/mod.rs","finalize","finalize mut self",89,102
12,1,136,0,13,"test_vector_1@112-124@crypto_codebases/sodium_oxide/sodium_oxide_2019/ccn_lib/src/crypto/generichash/mod.rs","crypto_codebases/sodium_oxide/sodium_oxide_2019/ccn_lib/src/crypto/generichash/mod.rs","test_vector_1","test_vector_1",112,124
17,1,222,0,18,"test_vector_2@127-144@crypto_codebases/sodium_oxide/sodium_oxide_2019/ccn_lib/src/crypto/generichash/mod.rs","crypto_codebases/sodium_oxide/sodium_oxide_2019/ccn_lib/src/crypto/generichash/mod.rs","test_vector_2","test_vector_2",127,144
38,3,312,0,46,"test_blake2b_vectors@147-192@crypto_codebases/sodium_oxide/sodium_oxide_2019/ccn_lib/src/crypto/generichash/mod.rs","crypto_codebases/sodium_oxide/sodium_oxide_2019/ccn_lib/src/crypto/generichash/mod.rs","test_blake2b_vectors","test_blake2b_vectors",147,192
5,1,29,0,5,"gen_key@49-53@crypto_codebases/sodium_oxide/sodium_oxide_2019/ccn_lib/src/crypto/secretbox/xsalsa20poly1305.rs","crypto_codebases/sodium_oxide/sodium_oxide_2019/ccn_lib/src/crypto/secretbox/xsalsa20poly1305.rs","gen_key","gen_key",49,53
5,1,29,0,5,"gen_nonce@60-64@crypto_codebases/sodium_oxide/sodium_oxide_2019/ccn_lib/src/crypto/secretbox/xsalsa20poly1305.rs","crypto_codebases/sodium_oxide/sodium_oxide_2019/ccn_lib/src/crypto/secretbox/xsalsa20poly1305.rs","gen_nonce","gen_nonce",60,64
15,1,102,2,15,"seal@68-82@crypto_codebases/sodium_oxide/sodium_oxide_2019/ccn_lib/src/crypto/secretbox/xsalsa20poly1305.rs","crypto_codebases/sodium_oxide/sodium_oxide_2019/ccn_lib/src/crypto/secretbox/xsalsa20poly1305.rs","seal","seal m : & [ u8 ] , n : & Nonce , k : & Key",68,82
14,1,91,2,14,"seal_detached@87-100@crypto_codebases/sodium_oxide/sodium_oxide_2019/ccn_lib/src/crypto/secretbox/xsalsa20poly1305.rs","crypto_codebases/sodium_oxide/sodium_oxide_2019/ccn_lib/src/crypto/secretbox/xsalsa20poly1305.rs","seal_detached","seal_detached m : & mut [ u8 ] , n : & Nonce , k : & Key",87,100
22,3,145,2,22,"open@105-126@crypto_codebases/sodium_oxide/sodium_oxide_2019/ccn_lib/src/crypto/secretbox/xsalsa20poly1305.rs","crypto_codebases/sodium_oxide/sodium_oxide_2019/ccn_lib/src/crypto/secretbox/xsalsa20poly1305.rs","open","open c : & [ u8 ] , n : & Nonce , k : & Key",105,126
17,2,112,3,17,"open_detached@132-148@crypto_codebases/sodium_oxide/sodium_oxide_2019/ccn_lib/src/crypto/secretbox/xsalsa20poly1305.rs","crypto_codebases/sodium_oxide/sodium_oxide_2019/ccn_lib/src/crypto/secretbox/xsalsa20poly1305.rs","open_detached","open_detached c : & mut [ u8 ] , tag : & Tag , n : & Nonce , k : & Key",132,148
11,2,83,0,11,"test_seal_open@155-165@crypto_codebases/sodium_oxide/sodium_oxide_2019/ccn_lib/src/crypto/secretbox/xsalsa20poly1305.rs","crypto_codebases/sodium_oxide/sodium_oxide_2019/ccn_lib/src/crypto/secretbox/xsalsa20poly1305.rs","test_seal_open","test_seal_open",155,165
16,3,159,0,18,"test_seal_open_tamper@168-185@crypto_codebases/sodium_oxide/sodium_oxide_2019/ccn_lib/src/crypto/secretbox/xsalsa20poly1305.rs","crypto_codebases/sodium_oxide/sodium_oxide_2019/ccn_lib/src/crypto/secretbox/xsalsa20poly1305.rs","test_seal_open_tamper","test_seal_open_tamper",168,185
12,2,96,0,12,"test_seal_open_detached@188-199@crypto_codebases/sodium_oxide/sodium_oxide_2019/ccn_lib/src/crypto/secretbox/xsalsa20poly1305.rs","crypto_codebases/sodium_oxide/sodium_oxide_2019/ccn_lib/src/crypto/secretbox/xsalsa20poly1305.rs","test_seal_open_detached","test_seal_open_detached",188,199
13,2,118,0,13,"test_seal_combined_then_open_detached@202-214@crypto_codebases/sodium_oxide/sodium_oxide_2019/ccn_lib/src/crypto/secretbox/xsalsa20poly1305.rs","crypto_codebases/sodium_oxide/sodium_oxide_2019/ccn_lib/src/crypto/secretbox/xsalsa20poly1305.rs","test_seal_combined_then_open_detached","test_seal_combined_then_open_detached",202,214
14,2,128,0,14,"test_seal_detached_then_open_combined@217-230@crypto_codebases/sodium_oxide/sodium_oxide_2019/ccn_lib/src/crypto/secretbox/xsalsa20poly1305.rs","crypto_codebases/sodium_oxide/sodium_oxide_2019/ccn_lib/src/crypto/secretbox/xsalsa20poly1305.rs","test_seal_detached_then_open_combined","test_seal_detached_then_open_combined",217,230
19,4,172,0,19,"test_seal_open_detached_tamper@233-251@crypto_codebases/sodium_oxide/sodium_oxide_2019/ccn_lib/src/crypto/secretbox/xsalsa20poly1305.rs","crypto_codebases/sodium_oxide/sodium_oxide_2019/ccn_lib/src/crypto/secretbox/xsalsa20poly1305.rs","test_seal_open_detached_tamper","test_seal_open_detached_tamper",233,251
14,1,108,0,18,"test_open_detached_failure_does_not_modify@254-271@crypto_codebases/sodium_oxide/sodium_oxide_2019/ccn_lib/src/crypto/secretbox/xsalsa20poly1305.rs","crypto_codebases/sodium_oxide/sodium_oxide_2019/ccn_lib/src/crypto/secretbox/xsalsa20poly1305.rs","test_open_detached_failure_does_not_modify","test_open_detached_failure_does_not_modify",254,271
40,1,757,0,41,"test_vector_1@274-314@crypto_codebases/sodium_oxide/sodium_oxide_2019/ccn_lib/src/crypto/secretbox/xsalsa20poly1305.rs","crypto_codebases/sodium_oxide/sodium_oxide_2019/ccn_lib/src/crypto/secretbox/xsalsa20poly1305.rs","test_vector_1","test_vector_1",274,314
9,2,44,0,9,"test_serialisation@318-326@crypto_codebases/sodium_oxide/sodium_oxide_2019/ccn_lib/src/crypto/secretbox/xsalsa20poly1305.rs","crypto_codebases/sodium_oxide/sodium_oxide_2019/ccn_lib/src/crypto/secretbox/xsalsa20poly1305.rs","test_serialisation","test_serialisation",318,326
10,3,105,1,10,"bench_seal_open@339-348@crypto_codebases/sodium_oxide/sodium_oxide_2019/ccn_lib/src/crypto/secretbox/xsalsa20poly1305.rs","crypto_codebases/sodium_oxide/sodium_oxide_2019/ccn_lib/src/crypto/secretbox/xsalsa20poly1305.rs","bench_seal_open","bench_seal_open b : & mut test :: Bencher",339,348
8,1,67,0,8,"gen_keypair@58-65@crypto_codebases/sodium_oxide/sodium_oxide_2019/ccn_lib/src/crypto/sign/ed25519.rs","crypto_codebases/sodium_oxide/sodium_oxide_2019/ccn_lib/src/crypto/sign/ed25519.rs","gen_keypair","gen_keypair",58,65
12,1,80,1,12,"keypair_from_seed@69-80@crypto_codebases/sodium_oxide/sodium_oxide_2019/ccn_lib/src/crypto/sign/ed25519.rs","crypto_codebases/sodium_oxide/sodium_oxide_2019/ccn_lib/src/crypto/sign/ed25519.rs","keypair_from_seed","keypair_from_seed seed : & Seed",69,80
15,1,97,1,15,"sign@84-98@crypto_codebases/sodium_oxide/sodium_oxide_2019/ccn_lib/src/crypto/sign/ed25519.rs","crypto_codebases/sodium_oxide/sodium_oxide_2019/ccn_lib/src/crypto/sign/ed25519.rs","sign","sign m : & [ u8 ] , sk : & SecretKey",84,98
19,2,116,1,19,"verify@103-121@crypto_codebases/sodium_oxide/sodium_oxide_2019/ccn_lib/src/crypto/sign/ed25519.rs","crypto_codebases/sodium_oxide/sodium_oxide_2019/ccn_lib/src/crypto/sign/ed25519.rs","verify","verify sm : & [ u8 ] , pk : & PublicKey",103,121
15,1,94,1,15,"sign_detached@125-139@crypto_codebases/sodium_oxide/sodium_oxide_2019/ccn_lib/src/crypto/sign/ed25519.rs","crypto_codebases/sodium_oxide/sodium_oxide_2019/ccn_lib/src/crypto/sign/ed25519.rs","sign_detached","sign_detached m : & [ u8 ] , sk : & SecretKey",125,139
10,1,64,2,10,"verify_detached@144-153@crypto_codebases/sodium_oxide/sodium_oxide_2019/ccn_lib/src/crypto/sign/ed25519.rs","crypto_codebases/sodium_oxide/sodium_oxide_2019/ccn_lib/src/crypto/sign/ed25519.rs","verify_detached","verify_detached sig : & Signature , m : & [ u8 ] , pk : & PublicKey",144,153
10,2,74,0,10,"test_sign_verify@160-169@crypto_codebases/sodium_oxide/sodium_oxide_2019/ccn_lib/src/crypto/sign/ed25519.rs","crypto_codebases/sodium_oxide/sodium_oxide_2019/ccn_lib/src/crypto/sign/ed25519.rs","test_sign_verify","test_sign_verify",160,169
13,3,99,0,13,"test_sign_verify_tamper@172-184@crypto_codebases/sodium_oxide/sodium_oxide_2019/ccn_lib/src/crypto/sign/ed25519.rs","crypto_codebases/sodium_oxide/sodium_oxide_2019/ccn_lib/src/crypto/sign/ed25519.rs","test_sign_verify_tamper","test_sign_verify_tamper",172,184
9,2,67,0,9,"test_sign_verify_detached@187-195@crypto_codebases/sodium_oxide/sodium_oxide_2019/ccn_lib/src/crypto/sign/ed25519.rs","crypto_codebases/sodium_oxide/sodium_oxide_2019/ccn_lib/src/crypto/sign/ed25519.rs","test_sign_verify_detached","test_sign_verify_detached",187,195
13,3,98,0,13,"test_sign_verify_detached_tamper@198-210@crypto_codebases/sodium_oxide/sodium_oxide_2019/ccn_lib/src/crypto/sign/ed25519.rs","crypto_codebases/sodium_oxide/sodium_oxide_2019/ccn_lib/src/crypto/sign/ed25519.rs","test_sign_verify_detached_tamper","test_sign_verify_detached_tamper",198,210
13,2,105,0,13,"test_sign_verify_seed@213-225@crypto_codebases/sodium_oxide/sodium_oxide_2019/ccn_lib/src/crypto/sign/ed25519.rs","crypto_codebases/sodium_oxide/sodium_oxide_2019/ccn_lib/src/crypto/sign/ed25519.rs","test_sign_verify_seed","test_sign_verify_seed",213,225
16,3,130,0,16,"test_sign_verify_tamper_seed@228-243@crypto_codebases/sodium_oxide/sodium_oxide_2019/ccn_lib/src/crypto/sign/ed25519.rs","crypto_codebases/sodium_oxide/sodium_oxide_2019/ccn_lib/src/crypto/sign/ed25519.rs","test_sign_verify_tamper_seed","test_sign_verify_tamper_seed",228,243
26,3,288,0,29,"test_vectors@246-274@crypto_codebases/sodium_oxide/sodium_oxide_2019/ccn_lib/src/crypto/sign/ed25519.rs","crypto_codebases/sodium_oxide/sodium_oxide_2019/ccn_lib/src/crypto/sign/ed25519.rs","test_vectors","test_vectors",246,274
27,3,302,0,30,"test_vectors_detached@277-306@crypto_codebases/sodium_oxide/sodium_oxide_2019/ccn_lib/src/crypto/sign/ed25519.rs","crypto_codebases/sodium_oxide/sodium_oxide_2019/ccn_lib/src/crypto/sign/ed25519.rs","test_vectors_detached","test_vectors_detached",277,306
12,2,71,0,12,"test_serialisation@310-321@crypto_codebases/sodium_oxide/sodium_oxide_2019/ccn_lib/src/crypto/sign/ed25519.rs","crypto_codebases/sodium_oxide/sodium_oxide_2019/ccn_lib/src/crypto/sign/ed25519.rs","test_serialisation","test_serialisation",310,321
9,3,84,1,9,"bench_sign@334-342@crypto_codebases/sodium_oxide/sodium_oxide_2019/ccn_lib/src/crypto/sign/ed25519.rs","crypto_codebases/sodium_oxide/sodium_oxide_2019/ccn_lib/src/crypto/sign/ed25519.rs","bench_sign","bench_sign b : & mut test :: Bencher",334,342
15,3,98,1,15,"bench_verify@345-359@crypto_codebases/sodium_oxide/sodium_oxide_2019/ccn_lib/src/crypto/sign/ed25519.rs","crypto_codebases/sodium_oxide/sodium_oxide_2019/ccn_lib/src/crypto/sign/ed25519.rs","bench_verify","bench_verify b : & mut test :: Bencher",345,359
3,1,46,0,3,"verify_16@14-16@crypto_codebases/sodium_oxide/sodium_oxide_2019/ccn_lib/src/crypto/verify.rs","crypto_codebases/sodium_oxide/sodium_oxide_2019/ccn_lib/src/crypto/verify.rs","verify_16","verify_16 x : & [ u8 ; 16 ] , y : & [ u8 ; 16 ]",14,16
3,1,46,0,3,"verify_32@27-29@crypto_codebases/sodium_oxide/sodium_oxide_2019/ccn_lib/src/crypto/verify.rs","crypto_codebases/sodium_oxide/sodium_oxide_2019/ccn_lib/src/crypto/verify.rs","verify_32","verify_32 x : & [ u8 ; 32 ] , y : & [ u8 ; 32 ]",27,29
3,1,46,0,3,"verify_64@40-42@crypto_codebases/sodium_oxide/sodium_oxide_2019/ccn_lib/src/crypto/verify.rs","crypto_codebases/sodium_oxide/sodium_oxide_2019/ccn_lib/src/crypto/verify.rs","verify_64","verify_64 x : & [ u8 ; 64 ] , y : & [ u8 ; 64 ]",40,42
15,3,101,0,16,"test_verify_16@51-66@crypto_codebases/sodium_oxide/sodium_oxide_2019/ccn_lib/src/crypto/verify.rs","crypto_codebases/sodium_oxide/sodium_oxide_2019/ccn_lib/src/crypto/verify.rs","test_verify_16","test_verify_16",51,66
15,3,101,0,16,"test_verify_32@69-84@crypto_codebases/sodium_oxide/sodium_oxide_2019/ccn_lib/src/crypto/verify.rs","crypto_codebases/sodium_oxide/sodium_oxide_2019/ccn_lib/src/crypto/verify.rs","test_verify_32","test_verify_32",69,84
15,3,109,0,16,"test_verify_64@87-102@crypto_codebases/sodium_oxide/sodium_oxide_2019/ccn_lib/src/crypto/verify.rs","crypto_codebases/sodium_oxide/sodium_oxide_2019/ccn_lib/src/crypto/verify.rs","test_verify_64","test_verify_64",87,102
4,1,26,1,4,"clone@3-6@crypto_codebases/sodium_oxide/sodium_oxide_2019/ccn_lib/src/newtype_macros.rs","crypto_codebases/sodium_oxide/sodium_oxide_2019/ccn_lib/src/newtype_macros.rs","clone","clone & self",3,6
10,3,81,0,10,"from_slice@16-25@crypto_codebases/sodium_oxide/sodium_oxide_2019/ccn_lib/src/newtype_macros.rs","crypto_codebases/sodium_oxide/sodium_oxide_2019/ccn_lib/src/newtype_macros.rs","from_slice","from_slice bs : & [ u8 ]",16,25
4,1,33,2,4,"eq@30-33@crypto_codebases/sodium_oxide/sodium_oxide_2019/ccn_lib/src/newtype_macros.rs","crypto_codebases/sodium_oxide/sodium_oxide_2019/ccn_lib/src/newtype_macros.rs","eq","eq & self , other : & $ newtype",30,33
5,2,44,2,5,"serialize@39-43@crypto_codebases/sodium_oxide/sodium_oxide_2019/ccn_lib/src/newtype_macros.rs","crypto_codebases/sodium_oxide/sodium_oxide_2019/ccn_lib/src/newtype_macros.rs","serialize","serialize & self , serializer : S",39,43
20,4,97,1,20,"deserialize@48-67@crypto_codebases/sodium_oxide/sodium_oxide_2019/ccn_lib/src/newtype_macros.rs","crypto_codebases/sodium_oxide/sodium_oxide_2019/ccn_lib/src/newtype_macros.rs","deserialize","deserialize deserializer : D",48,67
5,2,64,1,5,"visit_bytes@68-72@crypto_codebases/sodium_oxide/sodium_oxide_2019/ccn_lib/src/newtype_macros.rs","crypto_codebases/sodium_oxide/sodium_oxide_2019/ccn_lib/src/newtype_macros.rs","visit_bytes","visit_bytes self , v : & [ u8 ]",68,72
3,1,33,1,3,"index@86-88@crypto_codebases/sodium_oxide/sodium_oxide_2019/ccn_lib/src/newtype_macros.rs","crypto_codebases/sodium_oxide/sodium_oxide_2019/ccn_lib/src/newtype_macros.rs","index","index & self , _index : :: std :: ops :: Range < usize >",86,88
3,1,33,1,3,"index@98-100@crypto_codebases/sodium_oxide/sodium_oxide_2019/ccn_lib/src/newtype_macros.rs","crypto_codebases/sodium_oxide/sodium_oxide_2019/ccn_lib/src/newtype_macros.rs","index","index & self , _index : :: std :: ops :: RangeTo < usize >",98,100
3,1,33,1,3,"index@110-112@crypto_codebases/sodium_oxide/sodium_oxide_2019/ccn_lib/src/newtype_macros.rs","crypto_codebases/sodium_oxide/sodium_oxide_2019/ccn_lib/src/newtype_macros.rs","index","index & self , _index : :: std :: ops :: RangeFrom < usize >",110,112
3,1,30,2,3,"index@122-124@crypto_codebases/sodium_oxide/sodium_oxide_2019/ccn_lib/src/newtype_macros.rs","crypto_codebases/sodium_oxide/sodium_oxide_2019/ccn_lib/src/newtype_macros.rs","index","index & self , _index : :: std :: ops :: RangeFull",122,124
3,1,19,1,3,"as_ref@131-133@crypto_codebases/sodium_oxide/sodium_oxide_2019/ccn_lib/src/newtype_macros.rs","crypto_codebases/sodium_oxide/sodium_oxide_2019/ccn_lib/src/newtype_macros.rs","as_ref","as_ref & self",131,133
4,1,45,2,4,"partial_cmp@137-140@crypto_codebases/sodium_oxide/sodium_oxide_2019/ccn_lib/src/newtype_macros.rs","crypto_codebases/sodium_oxide/sodium_oxide_2019/ccn_lib/src/newtype_macros.rs","partial_cmp","partial_cmp & self , other : & $ newtype",137,140
3,1,37,2,3,"lt@142-144@crypto_codebases/sodium_oxide/sodium_oxide_2019/ccn_lib/src/newtype_macros.rs","crypto_codebases/sodium_oxide/sodium_oxide_2019/ccn_lib/src/newtype_macros.rs","lt","lt & self , other : & $ newtype",142,144
3,1,37,2,3,"le@146-148@crypto_codebases/sodium_oxide/sodium_oxide_2019/ccn_lib/src/newtype_macros.rs","crypto_codebases/sodium_oxide/sodium_oxide_2019/ccn_lib/src/newtype_macros.rs","le","le & self , other : & $ newtype",146,148
3,1,37,2,3,"ge@150-152@crypto_codebases/sodium_oxide/sodium_oxide_2019/ccn_lib/src/newtype_macros.rs","crypto_codebases/sodium_oxide/sodium_oxide_2019/ccn_lib/src/newtype_macros.rs","ge","ge & self , other : & $ newtype",150,152
3,1,37,2,3,"gt@154-156@crypto_codebases/sodium_oxide/sodium_oxide_2019/ccn_lib/src/newtype_macros.rs","crypto_codebases/sodium_oxide/sodium_oxide_2019/ccn_lib/src/newtype_macros.rs","gt","gt & self , other : & $ newtype",154,156
3,1,42,2,3,"cmp@160-162@crypto_codebases/sodium_oxide/sodium_oxide_2019/ccn_lib/src/newtype_macros.rs","crypto_codebases/sodium_oxide/sodium_oxide_2019/ccn_lib/src/newtype_macros.rs","cmp","cmp & self , other : & $ newtype",160,162
3,1,41,2,3,"hash@165-167@crypto_codebases/sodium_oxide/sodium_oxide_2019/ccn_lib/src/newtype_macros.rs","crypto_codebases/sodium_oxide/sodium_oxide_2019/ccn_lib/src/newtype_macros.rs","hash","hash & self , state : & mut H",165,167
4,1,23,1,4,"drop@214-217@crypto_codebases/sodium_oxide/sodium_oxide_2019/ccn_lib/src/newtype_macros.rs","crypto_codebases/sodium_oxide/sodium_oxide_2019/ccn_lib/src/newtype_macros.rs","drop","drop & mut self",214,217
4,1,40,2,5,"fmt@220-224@crypto_codebases/sodium_oxide/sodium_oxide_2019/ccn_lib/src/newtype_macros.rs","crypto_codebases/sodium_oxide/sodium_oxide_2019/ccn_lib/src/newtype_macros.rs","fmt","fmt & self , formatter : & mut :: std :: fmt :: Formatter",220,224
4,1,47,2,4,"fmt@241-244@crypto_codebases/sodium_oxide/sodium_oxide_2019/ccn_lib/src/newtype_macros.rs","crypto_codebases/sodium_oxide/sodium_oxide_2019/ccn_lib/src/newtype_macros.rs","fmt","fmt & self , formatter : & mut :: std :: fmt :: Formatter",241,244
5,1,25,1,5,"increment_le@267-271@crypto_codebases/sodium_oxide/sodium_oxide_2019/ccn_lib/src/newtype_macros.rs","crypto_codebases/sodium_oxide/sodium_oxide_2019/ccn_lib/src/newtype_macros.rs","increment_le","increment_le & self",267,271
4,1,23,1,4,"increment_le_inplace@280-283@crypto_codebases/sodium_oxide/sodium_oxide_2019/ccn_lib/src/newtype_macros.rs","crypto_codebases/sodium_oxide/sodium_oxide_2019/ccn_lib/src/newtype_macros.rs","increment_le_inplace","increment_le_inplace & mut self",280,283
4,1,47,2,4,"fmt@287-290@crypto_codebases/sodium_oxide/sodium_oxide_2019/ccn_lib/src/newtype_macros.rs","crypto_codebases/sodium_oxide/sodium_oxide_2019/ccn_lib/src/newtype_macros.rs","fmt","fmt & self , formatter : & mut :: std :: fmt :: Formatter",287,290
7,1,47,1,7,"randombytes@12-18@crypto_codebases/sodium_oxide/sodium_oxide_2019/ccn_lib/src/randombytes.rs","crypto_codebases/sodium_oxide/sodium_oxide_2019/ccn_lib/src/randombytes.rs","randombytes","randombytes size : usize",12,18
5,1,37,0,5,"randombytes_into@25-29@crypto_codebases/sodium_oxide/sodium_oxide_2019/ccn_lib/src/randombytes.rs","crypto_codebases/sodium_oxide/sodium_oxide_2019/ccn_lib/src/randombytes.rs","randombytes_into","randombytes_into buf : & mut [ u8 ]",25,29
7,1,50,0,7,"version_string@9-15@crypto_codebases/sodium_oxide/sodium_oxide_2019/ccn_lib/src/version.rs","crypto_codebases/sodium_oxide/sodium_oxide_2019/ccn_lib/src/version.rs","version_string","version_string",9,15
3,1,18,0,3,"version_major@20-22@crypto_codebases/sodium_oxide/sodium_oxide_2019/ccn_lib/src/version.rs","crypto_codebases/sodium_oxide/sodium_oxide_2019/ccn_lib/src/version.rs","version_major","version_major",20,22
3,1,18,0,3,"version_minor@25-27@crypto_codebases/sodium_oxide/sodium_oxide_2019/ccn_lib/src/version.rs","crypto_codebases/sodium_oxide/sodium_oxide_2019/ccn_lib/src/version.rs","version_minor","version_minor",25,27
4,1,24,0,4,"test_version_string@32-35@crypto_codebases/sodium_oxide/sodium_oxide_2019/ccn_lib/src/version.rs","crypto_codebases/sodium_oxide/sodium_oxide_2019/ccn_lib/src/version.rs","test_version_string","test_version_string",32,35
7,2,41,0,7,"init@90-96@crypto_codebases/sodium_oxide/sodium_oxide_2019/ccn_lib/src/lib.rs","crypto_codebases/sodium_oxide/sodium_oxide_2019/ccn_lib/src/lib.rs","init","init",90,96
5,1,37,0,5,"memzero@6-10@crypto_codebases/sodium_oxide/sodium_oxide_2019/ccn_lib/src/utils.rs","crypto_codebases/sodium_oxide/sodium_oxide_2019/ccn_lib/src/utils.rs","memzero","memzero x : & mut [ u8 ]",6,10
6,2,73,0,6,"memcmp@21-26@crypto_codebases/sodium_oxide/sodium_oxide_2019/ccn_lib/src/utils.rs","crypto_codebases/sodium_oxide/sodium_oxide_2019/ccn_lib/src/utils.rs","memcmp","memcmp x : & [ u8 ] , y : & [ u8 ]",21,26
5,1,33,0,5,"increment_le@36-40@crypto_codebases/sodium_oxide/sodium_oxide_2019/ccn_lib/src/utils.rs","crypto_codebases/sodium_oxide/sodium_oxide_2019/ccn_lib/src/utils.rs","increment_le","increment_le x : & mut [ u8 ]",36,40
10,2,82,0,10,"add_le@51-60@crypto_codebases/sodium_oxide/sodium_oxide_2019/ccn_lib/src/utils.rs","crypto_codebases/sodium_oxide/sodium_oxide_2019/ccn_lib/src/utils.rs","add_le","add_le x : & mut [ u8 ] , y : & [ u8 ]",51,60
18,3,140,0,20,"test_memcmp@67-86@crypto_codebases/sodium_oxide/sodium_oxide_2019/ccn_lib/src/utils.rs","crypto_codebases/sodium_oxide/sodium_oxide_2019/ccn_lib/src/utils.rs","test_memcmp","test_memcmp",67,86
10,2,83,0,10,"test_increment_le_zero@89-98@crypto_codebases/sodium_oxide/sodium_oxide_2019/ccn_lib/src/utils.rs","crypto_codebases/sodium_oxide/sodium_oxide_2019/ccn_lib/src/utils.rs","test_increment_le_zero","test_increment_le_zero",89,98
27,1,345,0,27,"test_increment_le_vectors@101-127@crypto_codebases/sodium_oxide/sodium_oxide_2019/ccn_lib/src/utils.rs","crypto_codebases/sodium_oxide/sodium_oxide_2019/ccn_lib/src/utils.rs","test_increment_le_vectors","test_increment_le_vectors",101,127
7,2,55,0,7,"test_increment_le_overflow@130-136@crypto_codebases/sodium_oxide/sodium_oxide_2019/ccn_lib/src/utils.rs","crypto_codebases/sodium_oxide/sodium_oxide_2019/ccn_lib/src/utils.rs","test_increment_le_overflow","test_increment_le_overflow",130,136
10,2,94,0,10,"test_add_le_zero@139-148@crypto_codebases/sodium_oxide/sodium_oxide_2019/ccn_lib/src/utils.rs","crypto_codebases/sodium_oxide/sodium_oxide_2019/ccn_lib/src/utils.rs","test_add_le_zero","test_add_le_zero",139,148
28,1,416,0,28,"test_add_le_vectors@151-178@crypto_codebases/sodium_oxide/sodium_oxide_2019/ccn_lib/src/utils.rs","crypto_codebases/sodium_oxide/sodium_oxide_2019/ccn_lib/src/utils.rs","test_add_le_vectors","test_add_le_vectors",151,178
11,2,101,0,11,"test_add_le_overflow@181-191@crypto_codebases/sodium_oxide/sodium_oxide_2019/ccn_lib/src/utils.rs","crypto_codebases/sodium_oxide/sodium_oxide_2019/ccn_lib/src/utils.rs","test_add_le_overflow","test_add_le_overflow",181,191
11,2,117,0,11,"test_add_le_different_lengths@194-204@crypto_codebases/sodium_oxide/sodium_oxide_2019/ccn_lib/src/utils.rs","crypto_codebases/sodium_oxide/sodium_oxide_2019/ccn_lib/src/utils.rs","test_add_le_different_lengths","test_add_le_different_lengths",194,204
