51,5,515,1,75,"aes_gen_tables@361-435@crypto_codebases/mbedtls/mbedtls_2010/ccn_lib/library/aes.c","crypto_codebases/mbedtls/mbedtls_2010/ccn_lib/library/aes.c","aes_gen_tables","aes_gen_tables( void)",361,435
78,14,858,3,101,"aes_setkey_enc@442-542@crypto_codebases/mbedtls/mbedtls_2010/ccn_lib/library/aes.c","crypto_codebases/mbedtls/mbedtls_2010/ccn_lib/library/aes.c","aes_setkey_enc","aes_setkey_enc( aes_context * ctx , unsigned char * key , int keysize)",442,542
41,8,333,3,53,"aes_setkey_dec@547-599@crypto_codebases/mbedtls/mbedtls_2010/ccn_lib/library/aes.c","crypto_codebases/mbedtls/mbedtls_2010/ccn_lib/library/aes.c","aes_setkey_dec","aes_setkey_dec( aes_context * ctx , unsigned char * key , int keysize)",547,599
80,7,1030,2,97,"aes_crypt_ecb@650-746@crypto_codebases/mbedtls/mbedtls_2010/ccn_lib/library/aes.c","crypto_codebases/mbedtls/mbedtls_2010/ccn_lib/library/aes.c","aes_crypt_ecb","aes_crypt_ecb( aes_context * ctx , int mode , unsigned char input [ 16 ] , unsigned char output [ 16 ])",650,746
42,9,239,5,51,"aes_crypt_cbc@751-801@crypto_codebases/mbedtls/mbedtls_2010/ccn_lib/library/aes.c","crypto_codebases/mbedtls/mbedtls_2010/ccn_lib/library/aes.c","aes_crypt_cbc","aes_crypt_cbc( aes_context * ctx , int mode , int length , unsigned char iv [ 16 ] , unsigned char * input , unsigned char * output)",751,801
33,6,185,6,39,"aes_crypt_cfb128@806-844@crypto_codebases/mbedtls/mbedtls_2010/ccn_lib/library/aes.c","crypto_codebases/mbedtls/mbedtls_2010/ccn_lib/library/aes.c","aes_crypt_cfb128","aes_crypt_cfb128( aes_context * ctx , int mode , int length , int * iv_off , unsigned char iv [ 16 ] , unsigned char * input , unsigned char * output)",806,844
131,35,866,1,180,"aes_self_test@962-1141@crypto_codebases/mbedtls/mbedtls_2010/ccn_lib/library/aes.c","crypto_codebases/mbedtls/mbedtls_2010/ccn_lib/library/aes.c","aes_self_test","aes_self_test( int verbose)",962,1141
9,1,62,1,10,"md4_starts@65-74@crypto_codebases/mbedtls/mbedtls_2010/ccn_lib/library/md4.c","crypto_codebases/mbedtls/mbedtls_2010/ccn_lib/library/md4.c","md4_starts","md4_starts( md4_context * ctx)",65,74
76,1,1158,1,102,"md4_process@76-177@crypto_codebases/mbedtls/mbedtls_2010/ccn_lib/library/md4.c","crypto_codebases/mbedtls/mbedtls_2010/ccn_lib/library/md4.c","md4_process","md4_process( md4_context * ctx , unsigned char data [ 64 ])",76,177
33,7,197,3,40,"md4_update@182-221@crypto_codebases/mbedtls/mbedtls_2010/ccn_lib/library/md4.c","crypto_codebases/mbedtls/mbedtls_2010/ccn_lib/library/md4.c","md4_update","md4_update( md4_context * ctx , unsigned char * input , int ilen)",182,221
19,2,202,1,24,"md4_finish@234-257@crypto_codebases/mbedtls/mbedtls_2010/ccn_lib/library/md4.c","crypto_codebases/mbedtls/mbedtls_2010/ccn_lib/library/md4.c","md4_finish","md4_finish( md4_context * ctx , unsigned char output [ 16 ])",234,257
8,1,59,2,10,"md4@262-271@crypto_codebases/mbedtls/mbedtls_2010/ccn_lib/library/md4.c","crypto_codebases/mbedtls/mbedtls_2010/ccn_lib/library/md4.c","md4","md4( unsigned char * input , int ilen , unsigned char output [ 16 ])",262,271
21,4,145,1,28,"md4_file@276-303@crypto_codebases/mbedtls/mbedtls_2010/ccn_lib/library/md4.c","crypto_codebases/mbedtls/mbedtls_2010/ccn_lib/library/md4.c","md4_file","md4_file( char * path , unsigned char output [ 16 ])",276,303
21,3,166,3,26,"md4_hmac_starts@308-333@crypto_codebases/mbedtls/mbedtls_2010/ccn_lib/library/md4.c","crypto_codebases/mbedtls/mbedtls_2010/ccn_lib/library/md4.c","md4_hmac_starts","md4_hmac_starts( md4_context * ctx , unsigned char * key , int keylen)",308,333
4,1,25,3,4,"md4_hmac_update@338-341@crypto_codebases/mbedtls/mbedtls_2010/ccn_lib/library/md4.c","crypto_codebases/mbedtls/mbedtls_2010/ccn_lib/library/md4.c","md4_hmac_update","md4_hmac_update( md4_context * ctx , unsigned char * input , int ilen)",338,341
10,1,73,1,12,"md4_hmac_finish@346-357@crypto_codebases/mbedtls/mbedtls_2010/ccn_lib/library/md4.c","crypto_codebases/mbedtls/mbedtls_2010/ccn_lib/library/md4.c","md4_hmac_finish","md4_hmac_finish( md4_context * ctx , unsigned char output [ 16 ])",346,357
9,1,71,4,11,"md4_hmac@362-372@crypto_codebases/mbedtls/mbedtls_2010/ccn_lib/library/md4.c","crypto_codebases/mbedtls/mbedtls_2010/ccn_lib/library/md4.c","md4_hmac","md4_hmac( unsigned char * key , int keylen , unsigned char * input , int ilen , unsigned char output [ 16 ])",362,372
23,7,131,1,30,"md4_self_test@412-441@crypto_codebases/mbedtls/mbedtls_2010/ccn_lib/library/md4.c","crypto_codebases/mbedtls/mbedtls_2010/ccn_lib/library/md4.c","md4_self_test","md4_self_test( int verbose)",412,441
28,2,190,2,32,"sha2_starts@64-95@crypto_codebases/mbedtls/mbedtls_2010/ccn_lib/library/sha2.c","crypto_codebases/mbedtls/mbedtls_2010/ccn_lib/library/sha2.c","sha2_starts","sha2_starts( sha2_context * ctx , int is224)",64,95
101,1,2044,1,130,"sha2_process@97-226@crypto_codebases/mbedtls/mbedtls_2010/ccn_lib/library/sha2.c","crypto_codebases/mbedtls/mbedtls_2010/ccn_lib/library/sha2.c","sha2_process","sha2_process( sha2_context * ctx , unsigned char data [ 64 ])",97,226
33,7,197,3,40,"sha2_update@231-270@crypto_codebases/mbedtls/mbedtls_2010/ccn_lib/library/sha2.c","crypto_codebases/mbedtls/mbedtls_2010/ccn_lib/library/sha2.c","sha2_update","sha2_update( sha2_context * ctx , unsigned char * input , int ilen)",231,270
24,3,266,1,30,"sha2_finish@283-312@crypto_codebases/mbedtls/mbedtls_2010/ccn_lib/library/sha2.c","crypto_codebases/mbedtls/mbedtls_2010/ccn_lib/library/sha2.c","sha2_finish","sha2_finish( sha2_context * ctx , unsigned char output [ 32 ])",283,312
9,1,64,3,11,"sha2@317-327@crypto_codebases/mbedtls/mbedtls_2010/ccn_lib/library/sha2.c","crypto_codebases/mbedtls/mbedtls_2010/ccn_lib/library/sha2.c","sha2","sha2( unsigned char * input , int ilen , unsigned char output [ 32 ] , int is224)",317,327
21,4,150,2,28,"sha2_file@332-359@crypto_codebases/mbedtls/mbedtls_2010/ccn_lib/library/sha2.c","crypto_codebases/mbedtls/mbedtls_2010/ccn_lib/library/sha2.c","sha2_file","sha2_file( char * path , unsigned char output [ 32 ] , int is224)",332,359
22,4,179,4,27,"sha2_hmac_starts@364-390@crypto_codebases/mbedtls/mbedtls_2010/ccn_lib/library/sha2.c","crypto_codebases/mbedtls/mbedtls_2010/ccn_lib/library/sha2.c","sha2_hmac_starts","sha2_hmac_starts( sha2_context * ctx , unsigned char * key , int keylen , int is224)",364,390
4,1,25,3,4,"sha2_hmac_update@395-398@crypto_codebases/mbedtls/mbedtls_2010/ccn_lib/library/sha2.c","crypto_codebases/mbedtls/mbedtls_2010/ccn_lib/library/sha2.c","sha2_hmac_update","sha2_hmac_update( sha2_context * ctx , unsigned char * input , int ilen)",395,398
13,2,98,1,16,"sha2_hmac_finish@403-418@crypto_codebases/mbedtls/mbedtls_2010/ccn_lib/library/sha2.c","crypto_codebases/mbedtls/mbedtls_2010/ccn_lib/library/sha2.c","sha2_hmac_finish","sha2_hmac_finish( sha2_context * ctx , unsigned char output [ 32 ])",403,418
10,1,76,5,12,"sha2_hmac@423-434@crypto_codebases/mbedtls/mbedtls_2010/ccn_lib/library/sha2.c","crypto_codebases/mbedtls/mbedtls_2010/ccn_lib/library/sha2.c","sha2_hmac","sha2_hmac( unsigned char * key , int keylen , unsigned char * input , int ilen , unsigned char output [ 32 ] , int is224)",423,434
65,18,419,1,86,"sha2_self_test@602-687@crypto_codebases/mbedtls/mbedtls_2010/ccn_lib/library/sha2.c","crypto_codebases/mbedtls/mbedtls_2010/ccn_lib/library/sha2.c","sha2_self_test","sha2_self_test( int verbose)",602,687
201,42,1546,1,315,"ssl_parse_client_hello@36-350@crypto_codebases/mbedtls/mbedtls_2010/ccn_lib/library/ssl_srv.c","crypto_codebases/mbedtls/mbedtls_2010/ccn_lib/library/ssl_srv.c","ssl_parse_client_hello","ssl_parse_client_hello( ssl_context * ssl)",36,350
58,6,509,1,97,"ssl_write_server_hello@352-448@crypto_codebases/mbedtls/mbedtls_2010/ccn_lib/library/ssl_srv.c","crypto_codebases/mbedtls/mbedtls_2010/ccn_lib/library/ssl_srv.c","ssl_write_server_hello","ssl_write_server_hello( ssl_context * ssl)",352,448
38,5,277,1,64,"ssl_write_certificate_request@450-513@crypto_codebases/mbedtls/mbedtls_2010/ccn_lib/library/ssl_srv.c","crypto_codebases/mbedtls/mbedtls_2010/ccn_lib/library/ssl_srv.c","ssl_write_certificate_request","ssl_write_certificate_request( ssl_context * ssl)",450,513
59,8,486,1,99,"ssl_write_server_key_exchange@515-613@crypto_codebases/mbedtls/mbedtls_2010/ccn_lib/library/ssl_srv.c","crypto_codebases/mbedtls/mbedtls_2010/ccn_lib/library/ssl_srv.c","ssl_write_server_key_exchange","ssl_write_server_key_exchange( ssl_context * ssl)",515,613
16,2,89,1,22,"ssl_write_server_hello_done@615-636@crypto_codebases/mbedtls/mbedtls_2010/ccn_lib/library/ssl_srv.c","crypto_codebases/mbedtls/mbedtls_2010/ccn_lib/library/ssl_srv.c","ssl_write_server_hello_done","ssl_write_server_hello_done( ssl_context * ssl)",615,636
88,23,598,1,125,"ssl_parse_client_key_exchange@638-762@crypto_codebases/mbedtls/mbedtls_2010/ccn_lib/library/ssl_srv.c","crypto_codebases/mbedtls/mbedtls_2010/ccn_lib/library/ssl_srv.c","ssl_parse_client_key_exchange","ssl_parse_client_key_exchange( ssl_context * ssl)",638,762
45,8,275,1,57,"ssl_parse_certificate_verify@764-820@crypto_codebases/mbedtls/mbedtls_2010/ccn_lib/library/ssl_srv.c","crypto_codebases/mbedtls/mbedtls_2010/ccn_lib/library/ssl_srv.c","ssl_parse_certificate_verify","ssl_parse_certificate_verify( ssl_context * ssl)",764,820
67,19,297,1,110,"ssl_handshake_server@825-934@crypto_codebases/mbedtls/mbedtls_2010/ccn_lib/library/ssl_srv.c","crypto_codebases/mbedtls/mbedtls_2010/ccn_lib/library/ssl_srv.c","ssl_handshake_server","ssl_handshake_server( ssl_context * ssl)",825,934
20,1,257,0,23,"camellia_feistel@281-303@crypto_codebases/mbedtls/mbedtls_2010/ccn_lib/library/camellia.c","crypto_codebases/mbedtls/mbedtls_2010/ccn_lib/library/camellia.c","camellia_feistel","camellia_feistel( uint32_t x [ 2 ] , uint32_t k [ 2 ] , uint32_t z [ 2 ])",281,303
60,17,574,3,99,"camellia_setkey_enc@308-406@crypto_codebases/mbedtls/mbedtls_2010/ccn_lib/library/camellia.c","crypto_codebases/mbedtls/mbedtls_2010/ccn_lib/library/camellia.c","camellia_setkey_enc","camellia_setkey_enc( camellia_context * ctx , unsigned char * key , int keysize)",308,406
36,6,255,3,46,"camellia_setkey_dec@411-456@crypto_codebases/mbedtls/mbedtls_2010/ccn_lib/library/camellia.c","crypto_codebases/mbedtls/mbedtls_2010/ccn_lib/library/camellia.c","camellia_setkey_dec","camellia_setkey_dec( camellia_context * ctx , unsigned char * key , int keysize)",411,456
48,3,383,2,56,"camellia_crypt_ecb@461-516@crypto_codebases/mbedtls/mbedtls_2010/ccn_lib/library/camellia.c","crypto_codebases/mbedtls/mbedtls_2010/ccn_lib/library/camellia.c","camellia_crypt_ecb","camellia_crypt_ecb( camellia_context * ctx , int mode , unsigned char input [ 16 ] , unsigned char output [ 16 ])",461,516
37,6,209,5,43,"camellia_crypt_cbc@521-563@crypto_codebases/mbedtls/mbedtls_2010/ccn_lib/library/camellia.c","crypto_codebases/mbedtls/mbedtls_2010/ccn_lib/library/camellia.c","camellia_crypt_cbc","camellia_crypt_cbc( camellia_context * ctx , int mode , int length , unsigned char iv [ 16 ] , unsigned char * input , unsigned char * output)",521,563
33,6,185,6,39,"camellia_crypt_cfb128@568-606@crypto_codebases/mbedtls/mbedtls_2010/ccn_lib/library/camellia.c","crypto_codebases/mbedtls/mbedtls_2010/ccn_lib/library/camellia.c","camellia_crypt_cfb128","camellia_crypt_cfb128( camellia_context * ctx , int mode , int length , int * iv_off , unsigned char iv [ 16 ] , unsigned char * input , unsigned char * output)",568,606
80,20,610,1,105,"camellia_self_test@746-850@crypto_codebases/mbedtls/mbedtls_2010/ccn_lib/library/camellia.c","crypto_codebases/mbedtls/mbedtls_2010/ccn_lib/library/camellia.c","camellia_self_test","camellia_self_test( int verbose)",746,850
40,8,394,7,59,"tls1_prf@50-108@crypto_codebases/mbedtls/mbedtls_2010/ccn_lib/library/ssl_tls.c","crypto_codebases/mbedtls/mbedtls_2010/ccn_lib/library/ssl_tls.c","tls1_prf","tls1_prf( unsigned char * secret , int slen , char * label , unsigned char * random , int rlen , unsigned char * dstbuf , int dlen)",50,108
168,35,1332,1,254,"ssl_derive_keys@110-363@crypto_codebases/mbedtls/mbedtls_2010/ccn_lib/library/ssl_tls.c","crypto_codebases/mbedtls/mbedtls_2010/ccn_lib/library/ssl_tls.c","ssl_derive_keys","ssl_derive_keys( ssl_context * ssl)",110,363
39,2,313,1,48,"ssl_calc_verify@365-412@crypto_codebases/mbedtls/mbedtls_2010/ccn_lib/library/ssl_tls.c","crypto_codebases/mbedtls/mbedtls_2010/ccn_lib/library/ssl_tls.c","ssl_calc_verify","ssl_calc_verify( ssl_context * ssl , unsigned char hash [ 36 ])",365,412
25,1,213,5,28,"ssl_mac_md5@417-444@crypto_codebases/mbedtls/mbedtls_2010/ccn_lib/library/ssl_tls.c","crypto_codebases/mbedtls/mbedtls_2010/ccn_lib/library/ssl_tls.c","ssl_mac_md5","ssl_mac_md5( unsigned char * secret , unsigned char * buf , int len , unsigned char * ctr , int type)",417,444
25,1,213,5,28,"ssl_mac_sha1@446-473@crypto_codebases/mbedtls/mbedtls_2010/ccn_lib/library/ssl_tls.c","crypto_codebases/mbedtls/mbedtls_2010/ccn_lib/library/ssl_tls.c","ssl_mac_sha1","ssl_mac_sha1( unsigned char * secret , unsigned char * buf , int len , unsigned char * ctr , int type)",446,473
90,23,578,1,123,"ssl_encrypt_buf@478-600@crypto_codebases/mbedtls/mbedtls_2010/ccn_lib/library/ssl_tls.c","crypto_codebases/mbedtls/mbedtls_2010/ccn_lib/library/ssl_tls.c","ssl_encrypt_buf","ssl_encrypt_buf( ssl_context * ssl)",478,600
137,30,815,1,185,"ssl_decrypt_buf@602-786@crypto_codebases/mbedtls/mbedtls_2010/ccn_lib/library/ssl_tls.c","crypto_codebases/mbedtls/mbedtls_2010/ccn_lib/library/ssl_tls.c","ssl_decrypt_buf","ssl_decrypt_buf( ssl_context * ssl)",602,786
18,3,119,2,25,"ssl_fetch_input@791-815@crypto_codebases/mbedtls/mbedtls_2010/ccn_lib/library/ssl_tls.c","crypto_codebases/mbedtls/mbedtls_2010/ccn_lib/library/ssl_tls.c","ssl_fetch_input","ssl_fetch_input( ssl_context * ssl , int nb_want)",791,815
19,3,127,1,26,"ssl_flush_output@820-845@crypto_codebases/mbedtls/mbedtls_2010/ccn_lib/library/ssl_tls.c","crypto_codebases/mbedtls/mbedtls_2010/ccn_lib/library/ssl_tls.c","ssl_flush_output","ssl_flush_output( ssl_context * ssl)",820,845
43,5,403,1,55,"ssl_write_record@850-904@crypto_codebases/mbedtls/mbedtls_2010/ccn_lib/library/ssl_tls.c","crypto_codebases/mbedtls/mbedtls_2010/ccn_lib/library/ssl_tls.c","ssl_write_record","ssl_write_record( ssl_context * ssl)",850,904
143,30,948,1,198,"ssl_read_record@906-1103@crypto_codebases/mbedtls/mbedtls_2010/ccn_lib/library/ssl_tls.c","crypto_codebases/mbedtls/mbedtls_2010/ccn_lib/library/ssl_tls.c","ssl_read_record","ssl_read_record( ssl_context * ssl)",906,1103
66,10,449,1,95,"ssl_write_certificate@1108-1202@crypto_codebases/mbedtls/mbedtls_2010/ccn_lib/library/ssl_tls.c","crypto_codebases/mbedtls/mbedtls_2010/ccn_lib/library/ssl_tls.c","ssl_write_certificate","ssl_write_certificate( ssl_context * ssl)",1108,1202
113,33,688,1,146,"ssl_parse_certificate@1204-1349@crypto_codebases/mbedtls/mbedtls_2010/ccn_lib/library/ssl_tls.c","crypto_codebases/mbedtls/mbedtls_2010/ccn_lib/library/ssl_tls.c","ssl_parse_certificate","ssl_parse_certificate( ssl_context * ssl)",1204,1349
17,2,95,1,23,"ssl_write_change_cipher_spec@1351-1373@crypto_codebases/mbedtls/mbedtls_2010/ccn_lib/library/ssl_tls.c","crypto_codebases/mbedtls/mbedtls_2010/ccn_lib/library/ssl_tls.c","ssl_write_change_cipher_spec","ssl_write_change_cipher_spec( ssl_context * ssl)",1351,1373
24,5,131,1,32,"ssl_parse_change_cipher_spec@1375-1406@crypto_codebases/mbedtls/mbedtls_2010/ccn_lib/library/ssl_tls.c","crypto_codebases/mbedtls/mbedtls_2010/ccn_lib/library/ssl_tls.c","ssl_parse_change_cipher_spec","ssl_parse_change_cipher_spec( ssl_context * ssl)",1375,1406
58,4,475,5,88,"ssl_calc_finished@1408-1495@crypto_codebases/mbedtls/mbedtls_2010/ccn_lib/library/ssl_tls.c","crypto_codebases/mbedtls/mbedtls_2010/ccn_lib/library/ssl_tls.c","ssl_calc_finished","ssl_calc_finished( ssl_context * ssl , unsigned char * buf , int from , md5_context * md5 , sha1_context * sha1)",1408,1495
32,5,204,1,46,"ssl_write_finished@1497-1542@crypto_codebases/mbedtls/mbedtls_2010/ccn_lib/library/ssl_tls.c","crypto_codebases/mbedtls/mbedtls_2010/ccn_lib/library/ssl_tls.c","ssl_write_finished","ssl_write_finished( ssl_context * ssl)",1497,1542
45,10,285,1,58,"ssl_parse_finished@1544-1601@crypto_codebases/mbedtls/mbedtls_2010/ccn_lib/library/ssl_tls.c","crypto_codebases/mbedtls/mbedtls_2010/ccn_lib/library/ssl_tls.c","ssl_parse_finished","ssl_parse_finished( ssl_context * ssl)",1544,1601
29,3,207,1,38,"ssl_init@1606-1643@crypto_codebases/mbedtls/mbedtls_2010/ccn_lib/library/ssl_tls.c","crypto_codebases/mbedtls/mbedtls_2010/ccn_lib/library/ssl_tls.c","ssl_init","ssl_init( ssl_context * ssl)",1606,1643
4,1,17,2,4,"ssl_set_endpoint@1648-1651@crypto_codebases/mbedtls/mbedtls_2010/ccn_lib/library/ssl_tls.c","crypto_codebases/mbedtls/mbedtls_2010/ccn_lib/library/ssl_tls.c","ssl_set_endpoint","ssl_set_endpoint( ssl_context * ssl , int endpoint)",1648,1651
4,1,17,2,4,"ssl_set_authmode@1653-1656@crypto_codebases/mbedtls/mbedtls_2010/ccn_lib/library/ssl_tls.c","crypto_codebases/mbedtls/mbedtls_2010/ccn_lib/library/ssl_tls.c","ssl_set_authmode","ssl_set_authmode( ssl_context * ssl , int authmode)",1653,1656
7,1,34,3,7,"ssl_set_rng@1658-1664@crypto_codebases/mbedtls/mbedtls_2010/ccn_lib/library/ssl_tls.c","crypto_codebases/mbedtls/mbedtls_2010/ccn_lib/library/ssl_tls.c","ssl_set_rng","ssl_set_rng( ssl_context * ssl , int(*f_rng)(void*) , void * p_rng)",1658,1664
7,1,39,3,7,"ssl_set_dbg@1666-1672@crypto_codebases/mbedtls/mbedtls_2010/ccn_lib/library/ssl_tls.c","crypto_codebases/mbedtls/mbedtls_2010/ccn_lib/library/ssl_tls.c","ssl_set_dbg","ssl_set_dbg( ssl_context * ssl , void(*f_dbg)(void*,int,char*) , void * p_dbg)",1666,1672
9,1,72,5,9,"ssl_set_bio@1674-1682@crypto_codebases/mbedtls/mbedtls_2010/ccn_lib/library/ssl_tls.c","crypto_codebases/mbedtls/mbedtls_2010/ccn_lib/library/ssl_tls.c","ssl_set_bio","ssl_set_bio( ssl_context * ssl , int(*f_recv)(void*,unsigned char*,int) , void * p_recv , int(*f_send)(void*,unsigned char*,int) , void * p_send)",1674,1682
7,1,40,3,7,"ssl_set_scb@1684-1690@crypto_codebases/mbedtls/mbedtls_2010/ccn_lib/library/ssl_tls.c","crypto_codebases/mbedtls/mbedtls_2010/ccn_lib/library/ssl_tls.c","ssl_set_scb","ssl_set_scb( ssl_context * ssl , int(*s_get)(ssl_context*) , int(*s_set)(ssl_context*))",1684,1690
7,1,36,4,7,"ssl_set_session@1692-1698@crypto_codebases/mbedtls/mbedtls_2010/ccn_lib/library/ssl_tls.c","crypto_codebases/mbedtls/mbedtls_2010/ccn_lib/library/ssl_tls.c","ssl_set_session","ssl_set_session( ssl_context * ssl , int resume , int timeout , ssl_session * session)",1692,1698
4,1,18,2,4,"ssl_set_ciphers@1700-1703@crypto_codebases/mbedtls/mbedtls_2010/ccn_lib/library/ssl_tls.c","crypto_codebases/mbedtls/mbedtls_2010/ccn_lib/library/ssl_tls.c","ssl_set_ciphers","ssl_set_ciphers( ssl_context * ssl , int * ciphers)",1700,1703
7,1,38,4,7,"ssl_set_ca_chain@1705-1711@crypto_codebases/mbedtls/mbedtls_2010/ccn_lib/library/ssl_tls.c","crypto_codebases/mbedtls/mbedtls_2010/ccn_lib/library/ssl_tls.c","ssl_set_ca_chain","ssl_set_ca_chain( ssl_context * ssl , x509_cert * ca_chain , x509_crl * ca_crl , char * peer_cn)",1705,1711
6,1,28,3,6,"ssl_set_own_cert@1713-1718@crypto_codebases/mbedtls/mbedtls_2010/ccn_lib/library/ssl_tls.c","crypto_codebases/mbedtls/mbedtls_2010/ccn_lib/library/ssl_tls.c","ssl_set_own_cert","ssl_set_own_cert( ssl_context * ssl , x509_cert * own_cert , rsa_context * rsa_key)",1713,1718
15,3,100,3,18,"ssl_set_dh_param@1720-1737@crypto_codebases/mbedtls/mbedtls_2010/ccn_lib/library/ssl_tls.c","crypto_codebases/mbedtls/mbedtls_2010/ccn_lib/library/ssl_tls.c","ssl_set_dh_param","ssl_set_dh_param( ssl_context * ssl , char * dhm_P , char * dhm_G)",1720,1737
11,2,84,2,15,"ssl_set_hostname@1739-1753@crypto_codebases/mbedtls/mbedtls_2010/ccn_lib/library/ssl_tls.c","crypto_codebases/mbedtls/mbedtls_2010/ccn_lib/library/ssl_tls.c","ssl_set_hostname","ssl_set_hostname( ssl_context * ssl , char * hostname)",1739,1753
4,2,23,1,4,"ssl_get_bytes_avail@1758-1761@crypto_codebases/mbedtls/mbedtls_2010/ccn_lib/library/ssl_tls.c","crypto_codebases/mbedtls/mbedtls_2010/ccn_lib/library/ssl_tls.c","ssl_get_bytes_avail","ssl_get_bytes_avail( ssl_context * ssl)",1758,1761
4,1,15,1,4,"ssl_get_verify_result@1763-1766@crypto_codebases/mbedtls/mbedtls_2010/ccn_lib/library/ssl_tls.c","crypto_codebases/mbedtls/mbedtls_2010/ccn_lib/library/ssl_tls.c","ssl_get_verify_result","ssl_get_verify_result( ssl_context * ssl)",1763,1766
29,15,107,1,48,"ssl_get_cipher@1768-1815@crypto_codebases/mbedtls/mbedtls_2010/ccn_lib/library/ssl_tls.c","crypto_codebases/mbedtls/mbedtls_2010/ccn_lib/library/ssl_tls.c","ssl_get_cipher","ssl_get_cipher( ssl_context * ssl)",1768,1815
11,5,66,1,20,"ssl_handshake@1856-1875@crypto_codebases/mbedtls/mbedtls_2010/ccn_lib/library/ssl_tls.c","crypto_codebases/mbedtls/mbedtls_2010/ccn_lib/library/ssl_tls.c","ssl_handshake","ssl_handshake( ssl_context * ssl)",1856,1875
46,11,253,3,62,"ssl_read@1880-1941@crypto_codebases/mbedtls/mbedtls_2010/ccn_lib/library/ssl_tls.c","crypto_codebases/mbedtls/mbedtls_2010/ccn_lib/library/ssl_tls.c","ssl_read","ssl_read( ssl_context * ssl , unsigned char * buf , int len)",1880,1941
36,7,189,3,43,"ssl_write@1946-1988@crypto_codebases/mbedtls/mbedtls_2010/ccn_lib/library/ssl_tls.c","crypto_codebases/mbedtls/mbedtls_2010/ccn_lib/library/ssl_tls.c","ssl_write","ssl_write( ssl_context * ssl , unsigned char * buf , int len)",1946,1988
24,4,132,1,30,"ssl_close_notify@1993-2022@crypto_codebases/mbedtls/mbedtls_2010/ccn_lib/library/ssl_tls.c","crypto_codebases/mbedtls/mbedtls_2010/ccn_lib/library/ssl_tls.c","ssl_close_notify","ssl_close_notify( ssl_context * ssl)",1993,2022
29,6,176,1,39,"ssl_free@2027-2065@crypto_codebases/mbedtls/mbedtls_2010/ccn_lib/library/ssl_tls.c","crypto_codebases/mbedtls/mbedtls_2010/ccn_lib/library/ssl_tls.c","ssl_free","ssl_free( ssl_context * ssl)",2027,2065
54,5,972,0,68,"des_setkey@291-358@crypto_codebases/mbedtls/mbedtls_2010/ccn_lib/library/des.c","crypto_codebases/mbedtls/mbedtls_2010/ccn_lib/library/des.c","des_setkey","des_setkey( unsigned long SK [ 32 ] , unsigned char key [ 8 ])",291,358
4,1,24,1,4,"des_setkey_enc@363-366@crypto_codebases/mbedtls/mbedtls_2010/ccn_lib/library/des.c","crypto_codebases/mbedtls/mbedtls_2010/ccn_lib/library/des.c","des_setkey_enc","des_setkey_enc( des_context * ctx , unsigned char key [ 8 ])",363,366
10,2,83,1,12,"des_setkey_dec@371-382@crypto_codebases/mbedtls/mbedtls_2010/ccn_lib/library/des.c","crypto_codebases/mbedtls/mbedtls_2010/ccn_lib/library/des.c","des_setkey_dec","des_setkey_dec( des_context * ctx , unsigned char key [ 8 ])",371,382
19,2,168,0,24,"des3_set2key@384-407@crypto_codebases/mbedtls/mbedtls_2010/ccn_lib/library/des.c","crypto_codebases/mbedtls/mbedtls_2010/ccn_lib/library/des.c","des3_set2key","des3_set2key( unsigned long esk [ 96 ] , unsigned long dsk [ 96 ] , unsigned char key [ 16 ])",384,407
6,1,45,1,7,"des3_set2key_enc@412-418@crypto_codebases/mbedtls/mbedtls_2010/ccn_lib/library/des.c","crypto_codebases/mbedtls/mbedtls_2010/ccn_lib/library/des.c","des3_set2key_enc","des3_set2key_enc( des3_context * ctx , unsigned char key [ 16 ])",412,418
6,1,45,1,7,"des3_set2key_dec@423-429@crypto_codebases/mbedtls/mbedtls_2010/ccn_lib/library/des.c","crypto_codebases/mbedtls/mbedtls_2010/ccn_lib/library/des.c","des3_set2key_dec","des3_set2key_dec( des3_context * ctx , unsigned char key [ 16 ])",423,429
18,2,155,0,22,"des3_set3key@431-452@crypto_codebases/mbedtls/mbedtls_2010/ccn_lib/library/des.c","crypto_codebases/mbedtls/mbedtls_2010/ccn_lib/library/des.c","des3_set3key","des3_set3key( unsigned long esk [ 96 ] , unsigned long dsk [ 96 ] , unsigned char key [ 24 ])",431,452
6,1,45,1,7,"des3_set3key_enc@457-463@crypto_codebases/mbedtls/mbedtls_2010/ccn_lib/library/des.c","crypto_codebases/mbedtls/mbedtls_2010/ccn_lib/library/des.c","des3_set3key_enc","des3_set3key_enc( des3_context * ctx , unsigned char key [ 24 ])",457,463
6,1,45,1,7,"des3_set3key_dec@468-474@crypto_codebases/mbedtls/mbedtls_2010/ccn_lib/library/des.c","crypto_codebases/mbedtls/mbedtls_2010/ccn_lib/library/des.c","des3_set3key_dec","des3_set3key_dec( des3_context * ctx , unsigned char key [ 24 ])",468,474
19,2,121,1,25,"des_crypt_ecb@479-503@crypto_codebases/mbedtls/mbedtls_2010/ccn_lib/library/des.c","crypto_codebases/mbedtls/mbedtls_2010/ccn_lib/library/des.c","des_crypt_ecb","des_crypt_ecb( des_context * ctx , unsigned char input [ 8 ] , unsigned char output [ 8 ])",479,503
37,6,205,5,43,"des_crypt_cbc@508-550@crypto_codebases/mbedtls/mbedtls_2010/ccn_lib/library/des.c","crypto_codebases/mbedtls/mbedtls_2010/ccn_lib/library/des.c","des_crypt_cbc","des_crypt_cbc( des_context * ctx , int mode , int length , unsigned char iv [ 8 ] , unsigned char * input , unsigned char * output)",508,550
29,4,179,1,37,"des3_crypt_ecb@555-591@crypto_codebases/mbedtls/mbedtls_2010/ccn_lib/library/des.c","crypto_codebases/mbedtls/mbedtls_2010/ccn_lib/library/des.c","des3_crypt_ecb","des3_crypt_ecb( des3_context * ctx , unsigned char input [ 8 ] , unsigned char output [ 8 ])",555,591
37,6,205,5,43,"des3_crypt_cbc@596-638@crypto_codebases/mbedtls/mbedtls_2010/ccn_lib/library/des.c","crypto_codebases/mbedtls/mbedtls_2010/ccn_lib/library/des.c","des3_crypt_cbc","des3_crypt_cbc( des3_context * ctx , int mode , int length , unsigned char iv [ 8 ] , unsigned char * input , unsigned char * output)",596,638
138,42,840,1,179,"des_self_test@697-875@crypto_codebases/mbedtls/mbedtls_2010/ccn_lib/library/des.c","crypto_codebases/mbedtls/mbedtls_2010/ccn_lib/library/des.c","des_self_test","des_self_test( int verbose)",697,875
16,4,123,3,22,"dhm_read_bignum@40-61@crypto_codebases/mbedtls/mbedtls_2010/ccn_lib/library/dhm.c","crypto_codebases/mbedtls/mbedtls_2010/ccn_lib/library/dhm.c","dhm_read_bignum","dhm_read_bignum( mpi * X , unsigned char ** p , unsigned char * end)",40,61
19,6,171,3,26,"dhm_read_params@66-91@crypto_codebases/mbedtls/mbedtls_2010/ccn_lib/library/dhm.c","crypto_codebases/mbedtls/mbedtls_2010/ccn_lib/library/dhm.c","dhm_read_params","dhm_read_params( dhm_context * ctx , unsigned char ** p , unsigned char * end)",66,91
31,4,287,6,53,"dhm_make_params@96-148@crypto_codebases/mbedtls/mbedtls_2010/ccn_lib/library/dhm.c","crypto_codebases/mbedtls/mbedtls_2010/ccn_lib/library/dhm.c","dhm_make_params","dhm_make_params( dhm_context * ctx , int x_size , unsigned char * output , int * olen , int(*f_rng)(void*) , void * p_rng)",96,148
10,5,72,3,13,"dhm_read_public@153-165@crypto_codebases/mbedtls/mbedtls_2010/ccn_lib/library/dhm.c","crypto_codebases/mbedtls/mbedtls_2010/ccn_lib/library/dhm.c","dhm_read_public","dhm_read_public( dhm_context * ctx , unsigned char * input , int ilen)",153,165
25,7,239,6,37,"dhm_make_public@170-206@crypto_codebases/mbedtls/mbedtls_2010/ccn_lib/library/dhm.c","crypto_codebases/mbedtls/mbedtls_2010/ccn_lib/library/dhm.c","dhm_make_public","dhm_make_public( dhm_context * ctx , int x_size , unsigned char * output , int olen , int(*f_rng)(void*) , void * p_rng)",170,206
15,4,116,3,22,"dhm_calc_secret@211-232@crypto_codebases/mbedtls/mbedtls_2010/ccn_lib/library/dhm.c","crypto_codebases/mbedtls/mbedtls_2010/ccn_lib/library/dhm.c","dhm_calc_secret","dhm_calc_secret( dhm_context * ctx , unsigned char * output , int * olen)",211,232
6,1,48,1,6,"dhm_free@237-242@crypto_codebases/mbedtls/mbedtls_2010/ccn_lib/library/dhm.c","crypto_codebases/mbedtls/mbedtls_2010/ccn_lib/library/dhm.c","dhm_free","dhm_free( dhm_context * ctx)",237,242
4,1,13,1,4,"dhm_self_test@249-252@crypto_codebases/mbedtls/mbedtls_2010/ccn_lib/library/dhm.c","crypto_codebases/mbedtls/mbedtls_2010/ccn_lib/library/dhm.c","dhm_self_test","dhm_self_test( int verbose)",249,252
12,1,64,5,14,"rsa_init@43-56@crypto_codebases/mbedtls/mbedtls_2010/ccn_lib/library/rsa.c","crypto_codebases/mbedtls/mbedtls_2010/ccn_lib/library/rsa.c","rsa_init","rsa_init( rsa_context * ctx , int padding , int hash_id , int(*f_rng)(void*) , void * p_rng)",43,56
41,9,442,3,66,"rsa_gen_key@63-128@crypto_codebases/mbedtls/mbedtls_2010/ccn_lib/library/rsa.c","crypto_codebases/mbedtls/mbedtls_2010/ccn_lib/library/rsa.c","rsa_gen_key","rsa_gen_key( rsa_context * ctx , int nbits , int exponent)",63,128
15,9,125,1,19,"rsa_check_pubkey@135-153@crypto_codebases/mbedtls/mbedtls_2010/ccn_lib/library/rsa.c","crypto_codebases/mbedtls/mbedtls_2010/ccn_lib/library/rsa.c","rsa_check_pubkey","rsa_check_pubkey( rsa_context * ctx)",135,153
27,8,318,1,34,"rsa_check_privkey@158-191@crypto_codebases/mbedtls/mbedtls_2010/ccn_lib/library/rsa.c","crypto_codebases/mbedtls/mbedtls_2010/ccn_lib/library/rsa.c","rsa_check_privkey","rsa_check_privkey( rsa_context * ctx)",158,191
22,3,153,3,30,"rsa_public@196-225@crypto_codebases/mbedtls/mbedtls_2010/ccn_lib/library/rsa.c","crypto_codebases/mbedtls/mbedtls_2010/ccn_lib/library/rsa.c","rsa_public","rsa_public( rsa_context * ctx , unsigned char * input , unsigned char * output)",196,225
29,4,304,3,55,"rsa_private@230-284@crypto_codebases/mbedtls/mbedtls_2010/ccn_lib/library/rsa.c","crypto_codebases/mbedtls/mbedtls_2010/ccn_lib/library/rsa.c","rsa_private","rsa_private( rsa_context * ctx , unsigned char * input , unsigned char * output)",230,284
33,7,175,5,42,"rsa_pkcs1_encrypt@289-330@crypto_codebases/mbedtls/mbedtls_2010/ccn_lib/library/rsa.c","crypto_codebases/mbedtls/mbedtls_2010/ccn_lib/library/rsa.c","rsa_pkcs1_encrypt","rsa_pkcs1_encrypt( rsa_context * ctx , int mode , int ilen , unsigned char * input , unsigned char * output)",289,330
40,11,231,6,53,"rsa_pkcs1_decrypt@335-387@crypto_codebases/mbedtls/mbedtls_2010/ccn_lib/library/rsa.c","crypto_codebases/mbedtls/mbedtls_2010/ccn_lib/library/rsa.c","rsa_pkcs1_decrypt","rsa_pkcs1_decrypt( rsa_context * ctx , int mode , int * olen , unsigned char * input , unsigned char * output , int output_max_len)",335,387
96,22,576,6,122,"rsa_pkcs1_sign@392-513@crypto_codebases/mbedtls/mbedtls_2010/ccn_lib/library/rsa.c","crypto_codebases/mbedtls/mbedtls_2010/ccn_lib/library/rsa.c","rsa_pkcs1_sign","rsa_pkcs1_sign( rsa_context * ctx , int mode , int hash_id , int hashlen , unsigned char * hash , unsigned char * sig)",392,513
84,42,540,6,102,"rsa_pkcs1_verify@518-619@crypto_codebases/mbedtls/mbedtls_2010/ccn_lib/library/rsa.c","crypto_codebases/mbedtls/mbedtls_2010/ccn_lib/library/rsa.c","rsa_pkcs1_verify","rsa_pkcs1_verify( rsa_context * ctx , int mode , int hash_id , int hashlen , unsigned char * hash , unsigned char * sig)",518,619
7,1,68,1,7,"rsa_free@624-630@crypto_codebases/mbedtls/mbedtls_2010/ccn_lib/library/rsa.c","crypto_codebases/mbedtls/mbedtls_2010/ccn_lib/library/rsa.c","rsa_free","rsa_free( rsa_context * ctx)",624,630
77,20,472,1,101,"rsa_self_test@693-793@crypto_codebases/mbedtls/mbedtls_2010/ccn_lib/library/rsa.c","crypto_codebases/mbedtls/mbedtls_2010/ccn_lib/library/rsa.c","rsa_self_test","rsa_self_test( int verbose)",693,793
10,1,71,1,11,"sha1_starts@64-74@crypto_codebases/mbedtls/mbedtls_2010/ccn_lib/library/sha1.c","crypto_codebases/mbedtls/mbedtls_2010/ccn_lib/library/sha1.c","sha1_starts","sha1_starts( sha1_context * ctx)",64,74
110,1,1756,1,155,"sha1_process@76-230@crypto_codebases/mbedtls/mbedtls_2010/ccn_lib/library/sha1.c","crypto_codebases/mbedtls/mbedtls_2010/ccn_lib/library/sha1.c","sha1_process","sha1_process( sha1_context * ctx , unsigned char data [ 64 ])",76,230
33,7,197,3,40,"sha1_update@235-274@crypto_codebases/mbedtls/mbedtls_2010/ccn_lib/library/sha1.c","crypto_codebases/mbedtls/mbedtls_2010/ccn_lib/library/sha1.c","sha1_update","sha1_update( sha1_context * ctx , unsigned char * input , int ilen)",235,274
20,2,216,1,25,"sha1_finish@287-311@crypto_codebases/mbedtls/mbedtls_2010/ccn_lib/library/sha1.c","crypto_codebases/mbedtls/mbedtls_2010/ccn_lib/library/sha1.c","sha1_finish","sha1_finish( sha1_context * ctx , unsigned char output [ 20 ])",287,311
8,1,59,2,10,"sha1@316-325@crypto_codebases/mbedtls/mbedtls_2010/ccn_lib/library/sha1.c","crypto_codebases/mbedtls/mbedtls_2010/ccn_lib/library/sha1.c","sha1","sha1( unsigned char * input , int ilen , unsigned char output [ 20 ])",316,325
21,4,145,1,28,"sha1_file@330-357@crypto_codebases/mbedtls/mbedtls_2010/ccn_lib/library/sha1.c","crypto_codebases/mbedtls/mbedtls_2010/ccn_lib/library/sha1.c","sha1_file","sha1_file( char * path , unsigned char output [ 20 ])",330,357
21,3,166,3,26,"sha1_hmac_starts@362-387@crypto_codebases/mbedtls/mbedtls_2010/ccn_lib/library/sha1.c","crypto_codebases/mbedtls/mbedtls_2010/ccn_lib/library/sha1.c","sha1_hmac_starts","sha1_hmac_starts( sha1_context * ctx , unsigned char * key , int keylen)",362,387
4,1,25,3,4,"sha1_hmac_update@392-395@crypto_codebases/mbedtls/mbedtls_2010/ccn_lib/library/sha1.c","crypto_codebases/mbedtls/mbedtls_2010/ccn_lib/library/sha1.c","sha1_hmac_update","sha1_hmac_update( sha1_context * ctx , unsigned char * input , int ilen)",392,395
10,1,73,1,12,"sha1_hmac_finish@400-411@crypto_codebases/mbedtls/mbedtls_2010/ccn_lib/library/sha1.c","crypto_codebases/mbedtls/mbedtls_2010/ccn_lib/library/sha1.c","sha1_hmac_finish","sha1_hmac_finish( sha1_context * ctx , unsigned char output [ 20 ])",400,411
10,1,71,4,12,"sha1_hmac@416-427@crypto_codebases/mbedtls/mbedtls_2010/ccn_lib/library/sha1.c","crypto_codebases/mbedtls/mbedtls_2010/ccn_lib/library/sha1.c","sha1_hmac","sha1_hmac( unsigned char * key , int keylen , unsigned char * input , int ilen , unsigned char output [ 20 ])",416,427
61,18,367,1,83,"sha1_self_test@524-606@crypto_codebases/mbedtls/mbedtls_2010/ccn_lib/library/sha1.c","crypto_codebases/mbedtls/mbedtls_2010/ccn_lib/library/sha1.c","sha1_self_test","sha1_self_test( int verbose)",524,606
24,2,144,1,30,"havege_fill@157-186@crypto_codebases/mbedtls/mbedtls_2010/ccn_lib/library/havege.c","crypto_codebases/mbedtls/mbedtls_2010/ccn_lib/library/havege.c","havege_fill","havege_fill( havege_state * hs)",157,186
5,1,25,1,6,"havege_init@191-196@crypto_codebases/mbedtls/mbedtls_2010/ccn_lib/library/havege.c","crypto_codebases/mbedtls/mbedtls_2010/ccn_lib/library/havege.c","havege_init","havege_init( havege_state * hs)",191,196
10,2,72,1,13,"havege_rand@201-213@crypto_codebases/mbedtls/mbedtls_2010/ccn_lib/library/havege.c","crypto_codebases/mbedtls/mbedtls_2010/ccn_lib/library/havege.c","havege_rand","havege_rand( void * p_rng)",201,213
33,6,224,1,42,"main@219-260@crypto_codebases/mbedtls/mbedtls_2010/ccn_lib/library/havege.c","crypto_codebases/mbedtls/mbedtls_2010/ccn_lib/library/havege.c","main","main( int argc , char * argv [ ])",219,260
13,2,61,1,17,"mpi_init@55-71@crypto_codebases/mbedtls/mbedtls_2010/ccn_lib/library/bignum.c","crypto_codebases/mbedtls/mbedtls_2010/ccn_lib/library/bignum.c","mpi_init","mpi_init( mpi * X , ...)",55,71
18,3,93,1,23,"mpi_free@76-98@crypto_codebases/mbedtls/mbedtls_2010/ccn_lib/library/bignum.c","crypto_codebases/mbedtls/mbedtls_2010/ccn_lib/library/bignum.c","mpi_free","mpi_free( mpi * X , ...)",76,98
19,4,124,2,24,"mpi_grow@103-126@crypto_codebases/mbedtls/mbedtls_2010/ccn_lib/library/bignum.c","crypto_codebases/mbedtls/mbedtls_2010/ccn_lib/library/bignum.c","mpi_grow","mpi_grow( mpi * X , int nblimbs)",103,126
16,4,116,2,23,"mpi_copy@131-153@crypto_codebases/mbedtls/mbedtls_2010/ccn_lib/library/bignum.c","crypto_codebases/mbedtls/mbedtls_2010/ccn_lib/library/bignum.c","mpi_copy","mpi_copy( mpi * X , mpi * Y)",131,153
7,1,53,2,8,"mpi_swap@158-165@crypto_codebases/mbedtls/mbedtls_2010/ccn_lib/library/bignum.c","crypto_codebases/mbedtls/mbedtls_2010/ccn_lib/library/bignum.c","mpi_swap","mpi_swap( mpi * X , mpi * Y)",158,165
10,3,79,2,14,"mpi_lset@170-183@crypto_codebases/mbedtls/mbedtls_2010/ccn_lib/library/bignum.c","crypto_codebases/mbedtls/mbedtls_2010/ccn_lib/library/bignum.c","mpi_lset","mpi_lset( mpi * X , int z)",170,183
9,4,81,1,11,"mpi_lsb@188-198@crypto_codebases/mbedtls/mbedtls_2010/ccn_lib/library/bignum.c","crypto_codebases/mbedtls/mbedtls_2010/ccn_lib/library/bignum.c","mpi_lsb","mpi_lsb( mpi * X)",188,198
11,5,93,1,14,"mpi_msb@203-216@crypto_codebases/mbedtls/mbedtls_2010/ccn_lib/library/bignum.c","crypto_codebases/mbedtls/mbedtls_2010/ccn_lib/library/bignum.c","mpi_msb","mpi_msb( mpi * X)",203,216
4,1,23,1,4,"mpi_size@221-224@crypto_codebases/mbedtls/mbedtls_2010/ccn_lib/library/bignum.c","crypto_codebases/mbedtls/mbedtls_2010/ccn_lib/library/bignum.c","mpi_size","mpi_size( mpi * X)",221,224
10,8,90,3,13,"mpi_get_digit@229-241@crypto_codebases/mbedtls/mbedtls_2010/ccn_lib/library/bignum.c","crypto_codebases/mbedtls/mbedtls_2010/ccn_lib/library/bignum.c","mpi_get_digit","mpi_get_digit( t_int * d , int radix , char c)",229,241
50,11,333,3,62,"mpi_read_string@246-307@crypto_codebases/mbedtls/mbedtls_2010/ccn_lib/library/bignum.c","crypto_codebases/mbedtls/mbedtls_2010/ccn_lib/library/bignum.c","mpi_read_string","mpi_read_string( mpi * X , int radix , char * s)",246,307
17,5,132,3,23,"mpi_write_hlp@312-334@crypto_codebases/mbedtls/mbedtls_2010/ccn_lib/library/bignum.c","crypto_codebases/mbedtls/mbedtls_2010/ccn_lib/library/bignum.c","mpi_write_hlp","mpi_write_hlp( mpi * X , int radix , char ** p)",312,334
48,14,309,4,63,"mpi_write_string@339-401@crypto_codebases/mbedtls/mbedtls_2010/ccn_lib/library/bignum.c","crypto_codebases/mbedtls/mbedtls_2010/ccn_lib/library/bignum.c","mpi_write_string","mpi_write_string( mpi * X , int radix , char * s , int * slen)",339,401
18,6,163,3,22,"mpi_read_file@406-427@crypto_codebases/mbedtls/mbedtls_2010/ccn_lib/library/bignum.c","crypto_codebases/mbedtls/mbedtls_2010/ccn_lib/library/bignum.c","mpi_read_file","mpi_read_file( mpi * X , int radix , FILE * fin)",406,427
26,5,173,4,33,"mpi_write_file@432-464@crypto_codebases/mbedtls/mbedtls_2010/ccn_lib/library/bignum.c","crypto_codebases/mbedtls/mbedtls_2010/ccn_lib/library/bignum.c","mpi_write_file","mpi_write_file( char * p , mpi * X , int radix , FILE * fout)",432,464
13,4,134,3,18,"mpi_read_binary@469-486@crypto_codebases/mbedtls/mbedtls_2010/ccn_lib/library/bignum.c","crypto_codebases/mbedtls/mbedtls_2010/ccn_lib/library/bignum.c","mpi_read_binary","mpi_read_binary( mpi * X , unsigned char * buf , int buflen)",469,486
11,3,112,3,16,"mpi_write_binary@491-506@crypto_codebases/mbedtls/mbedtls_2010/ccn_lib/library/bignum.c","crypto_codebases/mbedtls/mbedtls_2010/ccn_lib/library/bignum.c","mpi_write_binary","mpi_write_binary( mpi * X , unsigned char * buf , int buflen)",491,506
30,7,214,2,45,"mpi_shift_l@511-555@crypto_codebases/mbedtls/mbedtls_2010/ccn_lib/library/bignum.c","crypto_codebases/mbedtls/mbedtls_2010/ccn_lib/library/bignum.c","mpi_shift_l","mpi_shift_l( mpi * X , int count)",511,555
25,6,173,2,36,"mpi_shift_r@560-595@crypto_codebases/mbedtls/mbedtls_2010/ccn_lib/library/bignum.c","crypto_codebases/mbedtls/mbedtls_2010/ccn_lib/library/bignum.c","mpi_shift_r","mpi_shift_r( mpi * X , int count)",560,595
20,12,175,2,26,"mpi_cmp_abs@600-625@crypto_codebases/mbedtls/mbedtls_2010/ccn_lib/library/bignum.c","crypto_codebases/mbedtls/mbedtls_2010/ccn_lib/library/bignum.c","mpi_cmp_abs","mpi_cmp_abs( mpi * X , mpi * Y)",600,625
22,16,222,2,29,"mpi_cmp_mpi@630-658@crypto_codebases/mbedtls/mbedtls_2010/ccn_lib/library/bignum.c","crypto_codebases/mbedtls/mbedtls_2010/ccn_lib/library/bignum.c","mpi_cmp_mpi","mpi_cmp_mpi( mpi * X , mpi * Y)",630,658
10,3,72,2,12,"mpi_cmp_int@663-674@crypto_codebases/mbedtls/mbedtls_2010/ccn_lib/library/bignum.c","crypto_codebases/mbedtls/mbedtls_2010/ccn_lib/library/bignum.c","mpi_cmp_int","mpi_cmp_int( mpi * X , int z)",663,674
33,8,247,3,47,"mpi_add_abs@679-725@crypto_codebases/mbedtls/mbedtls_2010/ccn_lib/library/bignum.c","crypto_codebases/mbedtls/mbedtls_2010/ccn_lib/library/bignum.c","mpi_add_abs","mpi_add_abs( mpi * X , mpi * A , mpi * B)",679,725
15,3,110,3,17,"mpi_sub_hlp@730-746@crypto_codebases/mbedtls/mbedtls_2010/ccn_lib/library/bignum.c","crypto_codebases/mbedtls/mbedtls_2010/ccn_lib/library/bignum.c","mpi_sub_hlp","mpi_sub_hlp( int n , t_int * s , t_int * d)",730,746
24,6,158,3,38,"mpi_sub_abs@751-788@crypto_codebases/mbedtls/mbedtls_2010/ccn_lib/library/bignum.c","crypto_codebases/mbedtls/mbedtls_2010/ccn_lib/library/bignum.c","mpi_sub_abs","mpi_sub_abs( mpi * X , mpi * A , mpi * B)",751,788
24,3,120,3,27,"mpi_add_mpi@793-819@crypto_codebases/mbedtls/mbedtls_2010/ccn_lib/library/bignum.c","crypto_codebases/mbedtls/mbedtls_2010/ccn_lib/library/bignum.c","mpi_add_mpi","mpi_add_mpi( mpi * X , mpi * A , mpi * B)",793,819
24,3,120,3,27,"mpi_sub_mpi@824-850@crypto_codebases/mbedtls/mbedtls_2010/ccn_lib/library/bignum.c","crypto_codebases/mbedtls/mbedtls_2010/ccn_lib/library/bignum.c","mpi_sub_mpi","mpi_sub_mpi( mpi * X , mpi * A , mpi * B)",824,850
10,3,80,3,12,"mpi_add_int@855-866@crypto_codebases/mbedtls/mbedtls_2010/ccn_lib/library/bignum.c","crypto_codebases/mbedtls/mbedtls_2010/ccn_lib/library/bignum.c","mpi_add_int","mpi_add_int( mpi * X , mpi * A , int b)",855,866
10,3,80,3,12,"mpi_sub_int@871-882@crypto_codebases/mbedtls/mbedtls_2010/ccn_lib/library/bignum.c","crypto_codebases/mbedtls/mbedtls_2010/ccn_lib/library/bignum.c","mpi_sub_int","mpi_sub_int( mpi * X , mpi * A , int b)",871,882
49,8,157,4,60,"mpi_mul_hlp@887-946@crypto_codebases/mbedtls/mbedtls_2010/ccn_lib/library/bignum.c","crypto_codebases/mbedtls/mbedtls_2010/ccn_lib/library/bignum.c","mpi_mul_hlp","mpi_mul_hlp( int i , t_int * s , t_int * d , t_int b)",887,946
22,8,235,3,32,"mpi_mul_mpi@951-982@crypto_codebases/mbedtls/mbedtls_2010/ccn_lib/library/bignum.c","crypto_codebases/mbedtls/mbedtls_2010/ccn_lib/library/bignum.c","mpi_mul_mpi","mpi_mul_mpi( mpi * X , mpi * A , mpi * B)",951,982
10,1,62,3,12,"mpi_mul_int@987-998@crypto_codebases/mbedtls/mbedtls_2010/ccn_lib/library/bignum.c","crypto_codebases/mbedtls/mbedtls_2010/ccn_lib/library/bignum.c","mpi_mul_int","mpi_mul_int( mpi * X , mpi * A , t_int b)",987,998
123,25,1134,4,157,"mpi_div_mpi@1003-1159@crypto_codebases/mbedtls/mbedtls_2010/ccn_lib/library/bignum.c","crypto_codebases/mbedtls/mbedtls_2010/ccn_lib/library/bignum.c","mpi_div_mpi","mpi_div_mpi( mpi * Q , mpi * R , mpi * A , mpi * B)",1003,1159
10,3,86,4,12,"mpi_div_int@1168-1179@crypto_codebases/mbedtls/mbedtls_2010/ccn_lib/library/bignum.c","crypto_codebases/mbedtls/mbedtls_2010/ccn_lib/library/bignum.c","mpi_div_int","mpi_div_int( mpi * Q , mpi * R , mpi * A , int b)",1168,1179
13,4,100,3,19,"mpi_mod_mpi@1184-1202@crypto_codebases/mbedtls/mbedtls_2010/ccn_lib/library/bignum.c","crypto_codebases/mbedtls/mbedtls_2010/ccn_lib/library/bignum.c","mpi_mod_mpi","mpi_mod_mpi( mpi * R , mpi * A , mpi * B)",1184,1202
34,8,208,3,53,"mpi_mod_int@1207-1259@crypto_codebases/mbedtls/mbedtls_2010/ccn_lib/library/bignum.c","crypto_codebases/mbedtls/mbedtls_2010/ccn_lib/library/bignum.c","mpi_mod_int","mpi_mod_int( t_int * r , mpi * A , int b)",1207,1259
11,4,120,2,14,"mpi_montg_init@1264-1277@crypto_codebases/mbedtls/mbedtls_2010/ccn_lib/library/bignum.c","crypto_codebases/mbedtls/mbedtls_2010/ccn_lib/library/bignum.c","mpi_montg_init","mpi_montg_init( t_int * mm , mpi * N)",1264,1277
22,4,221,5,33,"mpi_montmul@1282-1314@crypto_codebases/mbedtls/mbedtls_2010/ccn_lib/library/bignum.c","crypto_codebases/mbedtls/mbedtls_2010/ccn_lib/library/bignum.c","mpi_montmul","mpi_montmul( mpi * A , mpi * B , mpi * N , t_int mm , mpi * T)",1282,1314
8,1,58,4,10,"mpi_montred@1319-1328@crypto_codebases/mbedtls/mbedtls_2010/ccn_lib/library/bignum.c","crypto_codebases/mbedtls/mbedtls_2010/ccn_lib/library/bignum.c","mpi_montred","mpi_montred( mpi * A , mpi * N , t_int mm , mpi * T)",1319,1328
99,27,907,5,173,"mpi_exp_mod@1333-1505@crypto_codebases/mbedtls/mbedtls_2010/ccn_lib/library/bignum.c","crypto_codebases/mbedtls/mbedtls_2010/ccn_lib/library/bignum.c","mpi_exp_mod","mpi_exp_mod( mpi * X , mpi * A , mpi * E , mpi * N , mpi * _RR)",1333,1505
35,4,281,3,47,"mpi_gcd@1510-1556@crypto_codebases/mbedtls/mbedtls_2010/ccn_lib/library/bignum.c","crypto_codebases/mbedtls/mbedtls_2010/ccn_lib/library/bignum.c","mpi_gcd","mpi_gcd( mpi * G , mpi * A , mpi * B)",1510,1556
70,13,657,3,89,"mpi_inv_mod@1563-1651@crypto_codebases/mbedtls/mbedtls_2010/ccn_lib/library/bignum.c","crypto_codebases/mbedtls/mbedtls_2010/ccn_lib/library/bignum.c","mpi_inv_mod","mpi_inv_mod( mpi * X , mpi * A , mpi * N)",1563,1651
65,23,599,3,111,"mpi_is_prime@1681-1791@crypto_codebases/mbedtls/mbedtls_2010/ccn_lib/library/bignum.c","crypto_codebases/mbedtls/mbedtls_2010/ccn_lib/library/bignum.c","mpi_is_prime","mpi_is_prime( mpi * X , int(*f_rng)(void*) , void * p_rng)",1681,1791
52,13,371,5,68,"mpi_gen_prime@1796-1863@crypto_codebases/mbedtls/mbedtls_2010/ccn_lib/library/bignum.c","crypto_codebases/mbedtls/mbedtls_2010/ccn_lib/library/bignum.c","mpi_gen_prime","mpi_gen_prime( mpi * X , int nbits , int dh_flag , int(*f_rng)(void*) , void * p_rng)",1796,1863
110,26,673,1,150,"mpi_self_test@1881-2030@crypto_codebases/mbedtls/mbedtls_2010/ccn_lib/library/bignum.c","crypto_codebases/mbedtls/mbedtls_2010/ccn_lib/library/bignum.c","mpi_self_test","mpi_self_test( int verbose)",1881,2030
28,2,238,2,32,"sha4_starts@119-150@crypto_codebases/mbedtls/mbedtls_2010/ccn_lib/library/sha4.c","crypto_codebases/mbedtls/mbedtls_2010/ccn_lib/library/sha4.c","sha4_starts","sha4_starts( sha4_context * ctx , int is384)",119,150
44,4,542,1,68,"sha4_process@152-219@crypto_codebases/mbedtls/mbedtls_2010/ccn_lib/library/sha4.c","crypto_codebases/mbedtls/mbedtls_2010/ccn_lib/library/sha4.c","sha4_process","sha4_process( sha4_context * ctx , unsigned char data [ 128 ])",152,219
32,7,193,3,39,"sha4_update@224-262@crypto_codebases/mbedtls/mbedtls_2010/ccn_lib/library/sha4.c","crypto_codebases/mbedtls/mbedtls_2010/ccn_lib/library/sha4.c","sha4_update","sha4_update( sha4_context * ctx , unsigned char * input , int ilen)",224,262
26,3,272,1,32,"sha4_finish@279-310@crypto_codebases/mbedtls/mbedtls_2010/ccn_lib/library/sha4.c","crypto_codebases/mbedtls/mbedtls_2010/ccn_lib/library/sha4.c","sha4_finish","sha4_finish( sha4_context * ctx , unsigned char output [ 64 ])",279,310
9,1,64,3,11,"sha4@315-325@crypto_codebases/mbedtls/mbedtls_2010/ccn_lib/library/sha4.c","crypto_codebases/mbedtls/mbedtls_2010/ccn_lib/library/sha4.c","sha4","sha4( unsigned char * input , int ilen , unsigned char output [ 64 ] , int is384)",315,325
21,4,150,2,28,"sha4_file@330-357@crypto_codebases/mbedtls/mbedtls_2010/ccn_lib/library/sha4.c","crypto_codebases/mbedtls/mbedtls_2010/ccn_lib/library/sha4.c","sha4_file","sha4_file( char * path , unsigned char output [ 64 ] , int is384)",330,357
22,4,179,4,27,"sha4_hmac_starts@362-388@crypto_codebases/mbedtls/mbedtls_2010/ccn_lib/library/sha4.c","crypto_codebases/mbedtls/mbedtls_2010/ccn_lib/library/sha4.c","sha4_hmac_starts","sha4_hmac_starts( sha4_context * ctx , unsigned char * key , int keylen , int is384)",362,388
5,1,25,3,5,"sha4_hmac_update@393-397@crypto_codebases/mbedtls/mbedtls_2010/ccn_lib/library/sha4.c","crypto_codebases/mbedtls/mbedtls_2010/ccn_lib/library/sha4.c","sha4_hmac_update","sha4_hmac_update( sha4_context * ctx , unsigned char * input , int ilen)",393,397
13,2,98,1,16,"sha4_hmac_finish@402-417@crypto_codebases/mbedtls/mbedtls_2010/ccn_lib/library/sha4.c","crypto_codebases/mbedtls/mbedtls_2010/ccn_lib/library/sha4.c","sha4_hmac_finish","sha4_hmac_finish( sha4_context * ctx , unsigned char output [ 64 ])",402,417
10,1,76,5,12,"sha4_hmac@422-433@crypto_codebases/mbedtls/mbedtls_2010/ccn_lib/library/sha4.c","crypto_codebases/mbedtls/mbedtls_2010/ccn_lib/library/sha4.c","sha4_hmac","sha4_hmac( unsigned char * key , int keylen , unsigned char * input , int ilen , unsigned char output [ 64 ] , int is384)",422,433
65,18,419,1,86,"sha4_self_test@657-742@crypto_codebases/mbedtls/mbedtls_2010/ccn_lib/library/sha4.c","crypto_codebases/mbedtls/mbedtls_2010/ccn_lib/library/sha4.c","sha4_self_test","sha4_self_test( int verbose)",657,742
11,1,66,1,13,"debug_fmt@41-53@crypto_codebases/mbedtls/mbedtls_2010/ccn_lib/library/debug.c","crypto_codebases/mbedtls/mbedtls_2010/ccn_lib/library/debug.c","debug_fmt","debug_fmt( const char * format , ...)",41,53
11,2,83,5,13,"debug_print_msg@55-67@crypto_codebases/mbedtls/mbedtls_2010/ccn_lib/library/debug.c","crypto_codebases/mbedtls/mbedtls_2010/ccn_lib/library/debug.c","debug_print_msg","debug_print_msg( ssl_context * ssl , int level , char * file , int line , char * text)",55,67
12,2,90,6,15,"debug_print_ret@69-83@crypto_codebases/mbedtls/mbedtls_2010/ccn_lib/library/debug.c","crypto_codebases/mbedtls/mbedtls_2010/ccn_lib/library/debug.c","debug_print_ret","debug_print_ret( ssl_context * ssl , int level , char * file , int line , char * text , int ret)",69,83
31,8,243,7,41,"debug_print_buf@85-125@crypto_codebases/mbedtls/mbedtls_2010/ccn_lib/library/debug.c","crypto_codebases/mbedtls/mbedtls_2010/ccn_lib/library/debug.c","debug_print_buf","debug_print_buf( ssl_context * ssl , int level , char * file , int line , char * text , unsigned char * buf , int len)",85,125
34,9,321,6,44,"debug_print_mpi@127-170@crypto_codebases/mbedtls/mbedtls_2010/ccn_lib/library/debug.c","crypto_codebases/mbedtls/mbedtls_2010/ccn_lib/library/debug.c","debug_print_mpi","debug_print_mpi( ssl_context * ssl , int level , char * file , int line , char * text , mpi * X)",127,170
25,5,216,6,33,"debug_print_crt@172-204@crypto_codebases/mbedtls/mbedtls_2010/ccn_lib/library/debug.c","crypto_codebases/mbedtls/mbedtls_2010/ccn_lib/library/debug.c","debug_print_crt","debug_print_crt( ssl_context * ssl , int level , char * file , int line , char * text , x509_cert * crt)",172,204
81,11,853,1,131,"ssl_write_client_hello@36-166@crypto_codebases/mbedtls/mbedtls_2010/ccn_lib/library/ssl_cli.c","crypto_codebases/mbedtls/mbedtls_2010/ccn_lib/library/ssl_cli.c","ssl_write_client_hello","ssl_write_client_hello( ssl_context * ssl)",36,166
99,24,678,1,143,"ssl_parse_server_hello@168-310@crypto_codebases/mbedtls/mbedtls_2010/ccn_lib/library/ssl_cli.c","crypto_codebases/mbedtls/mbedtls_2010/ccn_lib/library/ssl_cli.c","ssl_parse_server_hello","ssl_parse_server_hello( ssl_context * ssl)",168,310
73,13,520,1,116,"ssl_parse_server_key_exchange@312-427@crypto_codebases/mbedtls/mbedtls_2010/ccn_lib/library/ssl_cli.c","crypto_codebases/mbedtls/mbedtls_2010/ccn_lib/library/ssl_cli.c","ssl_parse_server_key_exchange","ssl_parse_server_key_exchange( ssl_context * ssl)",312,427
23,5,131,1,42,"ssl_parse_certificate_request@429-470@crypto_codebases/mbedtls/mbedtls_2010/ccn_lib/library/ssl_cli.c","crypto_codebases/mbedtls/mbedtls_2010/ccn_lib/library/ssl_cli.c","ssl_parse_certificate_request","ssl_parse_certificate_request( ssl_context * ssl)",429,470
27,6,135,1,34,"ssl_parse_server_hello_done@472-505@crypto_codebases/mbedtls/mbedtls_2010/ccn_lib/library/ssl_cli.c","crypto_codebases/mbedtls/mbedtls_2010/ccn_lib/library/ssl_cli.c","ssl_parse_server_hello_done","ssl_parse_server_hello_done( ssl_context * ssl)",472,505
71,11,517,1,98,"ssl_write_client_key_exchange@507-604@crypto_codebases/mbedtls/mbedtls_2010/ccn_lib/library/ssl_cli.c","crypto_codebases/mbedtls/mbedtls_2010/ccn_lib/library/ssl_cli.c","ssl_write_client_key_exchange","ssl_write_client_key_exchange( ssl_context * ssl)",507,604
38,5,246,1,52,"ssl_write_certificate_verify@606-657@crypto_codebases/mbedtls/mbedtls_2010/ccn_lib/library/ssl_cli.c","crypto_codebases/mbedtls/mbedtls_2010/ccn_lib/library/ssl_cli.c","ssl_write_certificate_verify","ssl_write_certificate_verify( ssl_context * ssl)",606,657
67,19,297,1,110,"ssl_handshake_client@662-771@crypto_codebases/mbedtls/mbedtls_2010/ccn_lib/library/ssl_cli.c","crypto_codebases/mbedtls/mbedtls_2010/ccn_lib/library/ssl_cli.c","ssl_handshake_client","ssl_handshake_client( ssl_context * ssl)",662,771
7,1,47,1,7,"md2_starts@72-78@crypto_codebases/mbedtls/mbedtls_2010/ccn_lib/library/md2.c","crypto_codebases/mbedtls/mbedtls_2010/ccn_lib/library/md2.c","md2_starts","md2_starts( md2_context * ctx)",72,78
28,5,220,1,33,"md2_process@80-112@crypto_codebases/mbedtls/mbedtls_2010/ccn_lib/library/md2.c","crypto_codebases/mbedtls/mbedtls_2010/ccn_lib/library/md2.c","md2_process","md2_process( md2_context * ctx)",80,112
20,4,100,3,24,"md2_update@117-140@crypto_codebases/mbedtls/mbedtls_2010/ccn_lib/library/md2.c","crypto_codebases/mbedtls/mbedtls_2010/ccn_lib/library/md2.c","md2_update","md2_update( md2_context * ctx , unsigned char * input , int ilen)",117,140
12,2,94,1,17,"md2_finish@145-161@crypto_codebases/mbedtls/mbedtls_2010/ccn_lib/library/md2.c","crypto_codebases/mbedtls/mbedtls_2010/ccn_lib/library/md2.c","md2_finish","md2_finish( md2_context * ctx , unsigned char output [ 16 ])",145,161
8,1,59,2,10,"md2@166-175@crypto_codebases/mbedtls/mbedtls_2010/ccn_lib/library/md2.c","crypto_codebases/mbedtls/mbedtls_2010/ccn_lib/library/md2.c","md2","md2( unsigned char * input , int ilen , unsigned char output [ 16 ])",166,175
21,4,145,1,28,"md2_file@180-207@crypto_codebases/mbedtls/mbedtls_2010/ccn_lib/library/md2.c","crypto_codebases/mbedtls/mbedtls_2010/ccn_lib/library/md2.c","md2_file","md2_file( char * path , unsigned char output [ 16 ])",180,207
21,3,166,3,26,"md2_hmac_starts@212-237@crypto_codebases/mbedtls/mbedtls_2010/ccn_lib/library/md2.c","crypto_codebases/mbedtls/mbedtls_2010/ccn_lib/library/md2.c","md2_hmac_starts","md2_hmac_starts( md2_context * ctx , unsigned char * key , int keylen)",212,237
4,1,25,3,4,"md2_hmac_update@242-245@crypto_codebases/mbedtls/mbedtls_2010/ccn_lib/library/md2.c","crypto_codebases/mbedtls/mbedtls_2010/ccn_lib/library/md2.c","md2_hmac_update","md2_hmac_update( md2_context * ctx , unsigned char * input , int ilen)",242,245
10,1,73,1,12,"md2_hmac_finish@250-261@crypto_codebases/mbedtls/mbedtls_2010/ccn_lib/library/md2.c","crypto_codebases/mbedtls/mbedtls_2010/ccn_lib/library/md2.c","md2_hmac_finish","md2_hmac_finish( md2_context * ctx , unsigned char output [ 16 ])",250,261
9,1,71,4,11,"md2_hmac@266-276@crypto_codebases/mbedtls/mbedtls_2010/ccn_lib/library/md2.c","crypto_codebases/mbedtls/mbedtls_2010/ccn_lib/library/md2.c","md2_hmac","md2_hmac( unsigned char * key , int keylen , unsigned char * input , int ilen , unsigned char output [ 16 ])",266,276
23,7,131,1,30,"md2_self_test@316-345@crypto_codebases/mbedtls/mbedtls_2010/ccn_lib/library/md2.c","crypto_codebases/mbedtls/mbedtls_2010/ccn_lib/library/md2.c","md2_self_test","md2_self_test( int verbose)",316,345
46,9,392,4,59,"base64_encode@61-119@crypto_codebases/mbedtls/mbedtls_2010/ccn_lib/library/base64.c","crypto_codebases/mbedtls/mbedtls_2010/ccn_lib/library/base64.c","base64_encode","base64_encode( unsigned char * dst , int * dlen , unsigned char * src , int slen)",61,119
46,21,365,4,60,"base64_decode@124-183@crypto_codebases/mbedtls/mbedtls_2010/ccn_lib/library/base64.c","crypto_codebases/mbedtls/mbedtls_2010/ccn_lib/library/base64.c","base64_decode","base64_decode( unsigned char * dst , int * dlen , unsigned char * src , int slen)",124,183
30,10,180,1,40,"base64_self_test@209-248@crypto_codebases/mbedtls/mbedtls_2010/ccn_lib/library/base64.c","crypto_codebases/mbedtls/mbedtls_2010/ccn_lib/library/base64.c","base64_self_test","base64_self_test( int verbose)",209,248
29,7,189,3,41,"net_connect@92-132@crypto_codebases/mbedtls/mbedtls_2010/ccn_lib/library/net.c","crypto_codebases/mbedtls/mbedtls_2010/ccn_lib/library/net.c","net_connect","net_connect( int * fd , char * host , int port)",92,132
47,12,357,3,62,"net_bind@137-198@crypto_codebases/mbedtls/mbedtls_2010/ccn_lib/library/net.c","crypto_codebases/mbedtls/mbedtls_2010/ccn_lib/library/net.c","net_bind","net_bind( int * fd , char * bind_ip , int port)",137,198
11,6,37,1,18,"net_is_blocking@203-220@crypto_codebases/mbedtls/mbedtls_2010/ccn_lib/library/net.c","crypto_codebases/mbedtls/mbedtls_2010/ccn_lib/library/net.c","net_is_blocking","net_is_blocking( void)",203,220
18,5,119,3,27,"net_accept@225-251@crypto_codebases/mbedtls/mbedtls_2010/ccn_lib/library/net.c","crypto_codebases/mbedtls/mbedtls_2010/ccn_lib/library/net.c","net_accept","net_accept( int bind_fd , int * client_fd , void * client_ip)",225,251
6,2,44,1,9,"net_set_block@256-264@crypto_codebases/mbedtls/mbedtls_2010/ccn_lib/library/net.c","crypto_codebases/mbedtls/mbedtls_2010/ccn_lib/library/net.c","net_set_block","net_set_block( int fd)",256,264
6,2,44,1,9,"net_set_nonblock@266-274@crypto_codebases/mbedtls/mbedtls_2010/ccn_lib/library/net.c","crypto_codebases/mbedtls/mbedtls_2010/ccn_lib/library/net.c","net_set_nonblock","net_set_nonblock( int fd)",266,274
7,1,38,1,7,"net_usleep@279-285@crypto_codebases/mbedtls/mbedtls_2010/ccn_lib/library/net.c","crypto_codebases/mbedtls/mbedtls_2010/ccn_lib/library/net.c","net_usleep","net_usleep( unsigned long usec)",279,285
19,10,120,3,28,"net_recv@290-317@crypto_codebases/mbedtls/mbedtls_2010/ccn_lib/library/net.c","crypto_codebases/mbedtls/mbedtls_2010/ccn_lib/library/net.c","net_recv","net_recv( void * ctx , unsigned char * buf , int len)",290,317
17,8,105,3,25,"net_send@322-346@crypto_codebases/mbedtls/mbedtls_2010/ccn_lib/library/net.c","crypto_codebases/mbedtls/mbedtls_2010/ccn_lib/library/net.c","net_send","net_send( void * ctx , unsigned char * buf , int len)",322,346
5,1,19,1,5,"net_close@351-355@crypto_codebases/mbedtls/mbedtls_2010/ccn_lib/library/net.c","crypto_codebases/mbedtls/mbedtls_2010/ccn_lib/library/net.c","net_close","net_close( int fd)",351,355
33,8,192,3,40,"asn1_get_len@57-96@crypto_codebases/mbedtls/mbedtls_2010/ccn_lib/library/x509parse.c","crypto_codebases/mbedtls/mbedtls_2010/ccn_lib/library/x509parse.c","asn1_get_len","asn1_get_len( unsigned char ** p , unsigned char * end , int * len)",57,96
11,3,67,4,14,"asn1_get_tag@98-111@crypto_codebases/mbedtls/mbedtls_2010/ccn_lib/library/x509parse.c","crypto_codebases/mbedtls/mbedtls_2010/ccn_lib/library/x509parse.c","asn1_get_tag","asn1_get_tag( unsigned char ** p , unsigned char * end , int * len , int tag)",98,111
13,4,84,3,17,"asn1_get_bool@113-129@crypto_codebases/mbedtls/mbedtls_2010/ccn_lib/library/x509parse.c","crypto_codebases/mbedtls/mbedtls_2010/ccn_lib/library/x509parse.c","asn1_get_bool","asn1_get_bool( unsigned char ** p , unsigned char * end , int * val)",113,129
17,5,113,3,22,"asn1_get_int@131-152@crypto_codebases/mbedtls/mbedtls_2010/ccn_lib/library/x509parse.c","crypto_codebases/mbedtls/mbedtls_2010/ccn_lib/library/x509parse.c","asn1_get_int","asn1_get_int( unsigned char ** p , unsigned char * end , int * val)",131,152
11,2,70,3,15,"asn1_get_mpi@154-168@crypto_codebases/mbedtls/mbedtls_2010/ccn_lib/library/x509parse.c","crypto_codebases/mbedtls/mbedtls_2010/ccn_lib/library/x509parse.c","asn1_get_mpi","asn1_get_mpi( unsigned char ** p , unsigned char * end , mpi * X)",154,168
20,5,118,3,26,"x509_get_version@173-198@crypto_codebases/mbedtls/mbedtls_2010/ccn_lib/library/x509parse.c","crypto_codebases/mbedtls/mbedtls_2010/ccn_lib/library/x509parse.c","x509_get_version","x509_get_version( unsigned char ** p , unsigned char * end , int * ver)",173,198
19,5,121,3,25,"x509_get_serial@203-227@crypto_codebases/mbedtls/mbedtls_2010/ccn_lib/library/x509parse.c","crypto_codebases/mbedtls/mbedtls_2010/ccn_lib/library/x509parse.c","x509_get_serial","x509_get_serial( unsigned char ** p , unsigned char * end , x509_buf * serial)",203,227
23,6,167,3,34,"x509_get_alg@234-267@crypto_codebases/mbedtls/mbedtls_2010/ccn_lib/library/x509parse.c","crypto_codebases/mbedtls/mbedtls_2010/ccn_lib/library/x509parse.c","x509_get_alg","x509_get_alg( unsigned char ** p , unsigned char * end , x509_buf * alg)",234,267
51,16,369,3,72,"x509_get_name@281-352@crypto_codebases/mbedtls/mbedtls_2010/ccn_lib/library/x509parse.c","crypto_codebases/mbedtls/mbedtls_2010/ccn_lib/library/x509parse.c","x509_get_name","x509_get_name( unsigned char ** p , unsigned char * end , x509_name * cur)",281,352
20,4,178,3,26,"x509_get_UTCTime@359-384@crypto_codebases/mbedtls/mbedtls_2010/ccn_lib/library/x509parse.c","crypto_codebases/mbedtls/mbedtls_2010/ccn_lib/library/x509parse.c","x509_get_UTCTime","x509_get_UTCTime( unsigned char ** p , unsigned char * end , x509_time * time)",359,384
19,5,126,4,28,"x509_get_dates@392-419@crypto_codebases/mbedtls/mbedtls_2010/ccn_lib/library/x509parse.c","crypto_codebases/mbedtls/mbedtls_2010/ccn_lib/library/x509parse.c","x509_get_dates","x509_get_dates( unsigned char ** p , unsigned char * end , x509_time * from , x509_time * to)",392,419
34,12,255,5,54,"x509_get_pubkey@426-479@crypto_codebases/mbedtls/mbedtls_2010/ccn_lib/library/x509parse.c","crypto_codebases/mbedtls/mbedtls_2010/ccn_lib/library/x509parse.c","x509_get_pubkey","x509_get_pubkey( unsigned char ** p , unsigned char * end , x509_buf * pk_alg_oid , mpi * N , mpi * E)",426,479
15,4,101,3,21,"x509_get_sig@481-501@crypto_codebases/mbedtls/mbedtls_2010/ccn_lib/library/x509parse.c","crypto_codebases/mbedtls/mbedtls_2010/ccn_lib/library/x509parse.c","x509_get_sig","x509_get_sig( unsigned char ** p , unsigned char * end , x509_buf * sig)",481,501
19,4,106,4,25,"x509_get_uid@506-530@crypto_codebases/mbedtls/mbedtls_2010/ccn_lib/library/x509parse.c","crypto_codebases/mbedtls/mbedtls_2010/ccn_lib/library/x509parse.c","x509_get_uid","x509_get_uid( unsigned char ** p , unsigned char * end , x509_buf * uid , int n)",506,530
21,5,139,3,36,"x509_get_ext@536-571@crypto_codebases/mbedtls/mbedtls_2010/ccn_lib/library/x509parse.c","crypto_codebases/mbedtls/mbedtls_2010/ccn_lib/library/x509parse.c","x509_get_ext","x509_get_ext( unsigned char ** p , unsigned char * end , x509_buf * ext)",536,571
23,6,120,3,29,"x509_get_crl_ext@576-604@crypto_codebases/mbedtls/mbedtls_2010/ccn_lib/library/x509parse.c","crypto_codebases/mbedtls/mbedtls_2010/ccn_lib/library/x509parse.c","x509_get_crl_ext","x509_get_crl_ext( unsigned char ** p , unsigned char * end , x509_buf * ext)",576,604
67,20,410,5,94,"x509_get_crt_ext@609-702@crypto_codebases/mbedtls/mbedtls_2010/ccn_lib/library/x509parse.c","crypto_codebases/mbedtls/mbedtls_2010/ccn_lib/library/x509parse.c","x509_get_crt_ext","x509_get_crt_ext( unsigned char ** p , unsigned char * end , x509_buf * ext , int * ca_istrue , int * max_pathlen)",609,702
41,10,274,3,53,"x509_get_entries@707-759@crypto_codebases/mbedtls/mbedtls_2010/ccn_lib/library/x509parse.c","crypto_codebases/mbedtls/mbedtls_2010/ccn_lib/library/x509parse.c","x509_get_entries","x509_get_entries( unsigned char ** p , unsigned char * end , x509_crl_entry * entry)",707,759
234,55,1508,3,354,"x509parse_crt@764-1117@crypto_codebases/mbedtls/mbedtls_2010/ccn_lib/library/x509parse.c","crypto_codebases/mbedtls/mbedtls_2010/ccn_lib/library/x509parse.c","x509parse_crt","x509parse_crt( x509_cert * chain , unsigned char * buf , int buflen)",764,1117
198,47,1234,3,304,"x509parse_crl@1122-1425@crypto_codebases/mbedtls/mbedtls_2010/ccn_lib/library/x509parse.c","crypto_codebases/mbedtls/mbedtls_2010/ccn_lib/library/x509parse.c","x509parse_crl","x509parse_crl( x509_crl * chain , unsigned char * buf , int buflen)",1122,1425
20,4,154,3,27,"load_file@1430-1456@crypto_codebases/mbedtls/mbedtls_2010/ccn_lib/library/x509parse.c","crypto_codebases/mbedtls/mbedtls_2010/ccn_lib/library/x509parse.c","load_file","load_file( char * path , unsigned char ** buf , size_t * n)",1430,1456
12,2,76,2,16,"x509parse_crtfile@1461-1476@crypto_codebases/mbedtls/mbedtls_2010/ccn_lib/library/x509parse.c","crypto_codebases/mbedtls/mbedtls_2010/ccn_lib/library/x509parse.c","x509parse_crtfile","x509parse_crtfile( x509_cert * chain , char * path)",1461,1476
12,2,76,2,16,"x509parse_crlfile@1481-1496@crypto_codebases/mbedtls/mbedtls_2010/ccn_lib/library/x509parse.c","crypto_codebases/mbedtls/mbedtls_2010/ccn_lib/library/x509parse.c","x509parse_crlfile","x509parse_crlfile( x509_crl * chain , char * path)",1481,1496
15,9,163,1,20,"x509_get_iv@1502-1521@crypto_codebases/mbedtls/mbedtls_2010/ccn_lib/library/x509parse.c","crypto_codebases/mbedtls/mbedtls_2010/ccn_lib/library/x509parse.c","x509_get_iv","x509_get_iv( unsigned char * s , unsigned char iv [ 8 ])",1502,1521
27,1,213,4,35,"x509_des3_decrypt@1526-1560@crypto_codebases/mbedtls/mbedtls_2010/ccn_lib/library/x509parse.c","crypto_codebases/mbedtls/mbedtls_2010/ccn_lib/library/x509parse.c","x509_des3_decrypt","x509_des3_decrypt( unsigned char des3_iv [ 8 ] , unsigned char * buf , int buflen , unsigned char * pwd , int pwdlen)",1526,1560
129,45,893,5,188,"x509parse_key@1566-1753@crypto_codebases/mbedtls/mbedtls_2010/ccn_lib/library/x509parse.c","crypto_codebases/mbedtls/mbedtls_2010/ccn_lib/library/x509parse.c","x509parse_key","x509parse_key( rsa_context * rsa , unsigned char * buf , int buflen , unsigned char * pwd , int pwdlen)",1566,1753
16,3,117,3,20,"x509parse_keyfile@1758-1777@crypto_codebases/mbedtls/mbedtls_2010/ccn_lib/library/x509parse.c","crypto_codebases/mbedtls/mbedtls_2010/ccn_lib/library/x509parse.c","x509parse_keyfile","x509parse_keyfile( rsa_context * rsa , char * path , char * pwd)",1758,1777
11,2,68,3,17,"compat_snprintf@1793-1809@crypto_codebases/mbedtls/mbedtls_2010/ccn_lib/library/x509parse.c","crypto_codebases/mbedtls/mbedtls_2010/ccn_lib/library/x509parse.c","compat_snprintf","compat_snprintf( char * str , size_t size , const char * format , ...)",1793,1809
73,18,463,3,87,"x509parse_dn_gets@1834-1920@crypto_codebases/mbedtls/mbedtls_2010/ccn_lib/library/x509parse.c","crypto_codebases/mbedtls/mbedtls_2010/ccn_lib/library/x509parse.c","x509parse_dn_gets","x509parse_dn_gets( char * buf , size_t size , x509_name * dn)",1834,1920
60,12,549,4,72,"x509parse_cert_info@1925-1996@crypto_codebases/mbedtls/mbedtls_2010/ccn_lib/library/x509parse.c","crypto_codebases/mbedtls/mbedtls_2010/ccn_lib/library/x509parse.c","x509parse_cert_info","x509parse_cert_info( char * buf , size_t size , char * prefix , x509_cert * crt)",1925,1996
69,14,596,4,85,"x509parse_crl_info@2001-2085@crypto_codebases/mbedtls/mbedtls_2010/ccn_lib/library/x509parse.c","crypto_codebases/mbedtls/mbedtls_2010/ccn_lib/library/x509parse.c","x509parse_crl_info","x509parse_crl_info( char * buf , size_t size , char * prefix , x509_crl * crl)",2001,2085
17,7,115,1,22,"x509parse_time_expired@2090-2111@crypto_codebases/mbedtls/mbedtls_2010/ccn_lib/library/x509parse.c","crypto_codebases/mbedtls/mbedtls_2010/ccn_lib/library/x509parse.c","x509parse_time_expired","x509parse_time_expired( x509_time * to)",2090,2111
14,5,90,2,17,"x509parse_revoked@2116-2132@crypto_codebases/mbedtls/mbedtls_2010/ccn_lib/library/x509parse.c","crypto_codebases/mbedtls/mbedtls_2010/ccn_lib/library/x509parse.c","x509parse_revoked","x509parse_revoked( x509_cert * crt , x509_crl * crl)",2116,2132
18,15,159,4,30,"x509_hash@2139-2168@crypto_codebases/mbedtls/mbedtls_2010/ccn_lib/library/x509parse.c","crypto_codebases/mbedtls/mbedtls_2010/ccn_lib/library/x509parse.c","x509_hash","x509_hash( unsigned char * in , int len , int alg , unsigned char * out)",2139,2168
103,30,648,5,165,"x509parse_verify@2173-2337@crypto_codebases/mbedtls/mbedtls_2010/ccn_lib/library/x509parse.c","crypto_codebases/mbedtls/mbedtls_2010/ccn_lib/library/x509parse.c","x509parse_verify","x509parse_verify( x509_cert * crt , x509_cert * trust_ca , x509_crl * ca_crl , char * cn , int * flags)",2173,2337
46,8,229,1,54,"x509_free@2342-2395@crypto_codebases/mbedtls/mbedtls_2010/ccn_lib/library/x509parse.c","crypto_codebases/mbedtls/mbedtls_2010/ccn_lib/library/x509parse.c","x509_free","x509_free( x509_cert * crt)",2342,2395
47,8,229,1,54,"x509_crl_free@2400-2453@crypto_codebases/mbedtls/mbedtls_2010/ccn_lib/library/x509parse.c","crypto_codebases/mbedtls/mbedtls_2010/ccn_lib/library/x509parse.c","x509_crl_free","x509_crl_free( x509_crl * crl)",2400,2453
56,14,322,1,76,"x509_self_test@2462-2537@crypto_codebases/mbedtls/mbedtls_2010/ccn_lib/library/x509parse.c","crypto_codebases/mbedtls/mbedtls_2010/ccn_lib/library/x509parse.c","x509_self_test","x509_self_test( int verbose)",2462,2537
9,1,62,1,10,"md5_starts@64-73@crypto_codebases/mbedtls/mbedtls_2010/ccn_lib/library/md5.c","crypto_codebases/mbedtls/mbedtls_2010/ccn_lib/library/md5.c","md5_starts","md5_starts( md5_context * ctx)",64,73
92,1,1382,1,122,"md5_process@75-196@crypto_codebases/mbedtls/mbedtls_2010/ccn_lib/library/md5.c","crypto_codebases/mbedtls/mbedtls_2010/ccn_lib/library/md5.c","md5_process","md5_process( md5_context * ctx , unsigned char data [ 64 ])",75,196
33,7,197,3,40,"md5_update@201-240@crypto_codebases/mbedtls/mbedtls_2010/ccn_lib/library/md5.c","crypto_codebases/mbedtls/mbedtls_2010/ccn_lib/library/md5.c","md5_update","md5_update( md5_context * ctx , unsigned char * input , int ilen)",201,240
19,2,202,1,24,"md5_finish@253-276@crypto_codebases/mbedtls/mbedtls_2010/ccn_lib/library/md5.c","crypto_codebases/mbedtls/mbedtls_2010/ccn_lib/library/md5.c","md5_finish","md5_finish( md5_context * ctx , unsigned char output [ 16 ])",253,276
8,1,59,2,10,"md5@281-290@crypto_codebases/mbedtls/mbedtls_2010/ccn_lib/library/md5.c","crypto_codebases/mbedtls/mbedtls_2010/ccn_lib/library/md5.c","md5","md5( unsigned char * input , int ilen , unsigned char output [ 16 ])",281,290
21,4,145,1,28,"md5_file@295-322@crypto_codebases/mbedtls/mbedtls_2010/ccn_lib/library/md5.c","crypto_codebases/mbedtls/mbedtls_2010/ccn_lib/library/md5.c","md5_file","md5_file( char * path , unsigned char output [ 16 ])",295,322
21,3,166,3,26,"md5_hmac_starts@327-352@crypto_codebases/mbedtls/mbedtls_2010/ccn_lib/library/md5.c","crypto_codebases/mbedtls/mbedtls_2010/ccn_lib/library/md5.c","md5_hmac_starts","md5_hmac_starts( md5_context * ctx , unsigned char * key , int keylen)",327,352
4,1,25,3,4,"md5_hmac_update@357-360@crypto_codebases/mbedtls/mbedtls_2010/ccn_lib/library/md5.c","crypto_codebases/mbedtls/mbedtls_2010/ccn_lib/library/md5.c","md5_hmac_update","md5_hmac_update( md5_context * ctx , unsigned char * input , int ilen)",357,360
10,1,73,1,12,"md5_hmac_finish@365-376@crypto_codebases/mbedtls/mbedtls_2010/ccn_lib/library/md5.c","crypto_codebases/mbedtls/mbedtls_2010/ccn_lib/library/md5.c","md5_hmac_finish","md5_hmac_finish( md5_context * ctx , unsigned char output [ 16 ])",365,376
9,1,71,4,11,"md5_hmac@381-391@crypto_codebases/mbedtls/mbedtls_2010/ccn_lib/library/md5.c","crypto_codebases/mbedtls/mbedtls_2010/ccn_lib/library/md5.c","md5_hmac","md5_hmac( unsigned char * key , int keylen , unsigned char * input , int ilen , unsigned char output [ 16 ])",381,391
51,16,307,1,67,"md5_self_test@498-564@crypto_codebases/mbedtls/mbedtls_2010/ccn_lib/library/md5.c","crypto_codebases/mbedtls/mbedtls_2010/ccn_lib/library/md5.c","md5_self_test","md5_self_test( int verbose)",498,564
19,4,149,3,24,"arc4_setup@38-61@crypto_codebases/mbedtls/mbedtls_2010/ccn_lib/library/arc4.c","crypto_codebases/mbedtls/mbedtls_2010/ccn_lib/library/arc4.c","arc4_setup","arc4_setup( arc4_context * ctx , unsigned char * key , int keylen)",38,61
19,2,162,3,24,"arc4_crypt@66-89@crypto_codebases/mbedtls/mbedtls_2010/ccn_lib/library/arc4.c","crypto_codebases/mbedtls/mbedtls_2010/ccn_lib/library/arc4.c","arc4_crypt","arc4_crypt( arc4_context * ctx , unsigned char * buf , int buflen)",66,89
25,7,151,1,33,"arc4_self_test@125-157@crypto_codebases/mbedtls/mbedtls_2010/ccn_lib/library/arc4.c","crypto_codebases/mbedtls/mbedtls_2010/ccn_lib/library/arc4.c","arc4_self_test","arc4_self_test( int verbose)",125,157
7,1,24,1,7,"hardclock@58-64@crypto_codebases/mbedtls/mbedtls_2010/ccn_lib/library/timing.c","crypto_codebases/mbedtls/mbedtls_2010/ccn_lib/library/timing.c","hardclock","hardclock( void)",58,64
6,1,25,1,6,"hardclock@69-74@crypto_codebases/mbedtls/mbedtls_2010/ccn_lib/library/timing.c","crypto_codebases/mbedtls/mbedtls_2010/ccn_lib/library/timing.c","hardclock","hardclock( void)",69,74
6,1,39,1,6,"hardclock@80-85@crypto_codebases/mbedtls/mbedtls_2010/ccn_lib/library/timing.c","crypto_codebases/mbedtls/mbedtls_2010/ccn_lib/library/timing.c","hardclock","hardclock( void)",80,85
12,2,59,1,14,"hardclock@91-104@crypto_codebases/mbedtls/mbedtls_2010/ccn_lib/library/timing.c","crypto_codebases/mbedtls/mbedtls_2010/ccn_lib/library/timing.c","hardclock","hardclock( void)",91,104
7,1,30,1,7,"hardclock@109-115@crypto_codebases/mbedtls/mbedtls_2010/ccn_lib/library/timing.c","crypto_codebases/mbedtls/mbedtls_2010/ccn_lib/library/timing.c","hardclock","hardclock( void)",109,115
6,1,27,1,6,"hardclock@120-125@crypto_codebases/mbedtls/mbedtls_2010/ccn_lib/library/timing.c","crypto_codebases/mbedtls/mbedtls_2010/ccn_lib/library/timing.c","hardclock","hardclock( void)",120,125
6,1,25,1,6,"hardclock@130-135@crypto_codebases/mbedtls/mbedtls_2010/ccn_lib/library/timing.c","crypto_codebases/mbedtls/mbedtls_2010/ccn_lib/library/timing.c","hardclock","hardclock( void)",130,135
12,2,63,1,14,"hardclock@142-155@crypto_codebases/mbedtls/mbedtls_2010/ccn_lib/library/timing.c","crypto_codebases/mbedtls/mbedtls_2010/ccn_lib/library/timing.c","hardclock","hardclock( void)",142,155
14,2,90,2,18,"get_timer@169-186@crypto_codebases/mbedtls/mbedtls_2010/ccn_lib/library/timing.c","crypto_codebases/mbedtls/mbedtls_2010/ccn_lib/library/timing.c","get_timer","get_timer( struct hr_time * val , int reset)",169,186
6,1,24,1,6,"TimerProc@188-193@crypto_codebases/mbedtls/mbedtls_2010/ccn_lib/library/timing.c","crypto_codebases/mbedtls/mbedtls_2010/ccn_lib/library/timing.c","TimerProc","TimerProc( LPVOID uElapse)",188,193
7,1,40,1,8,"set_alarm@195-202@crypto_codebases/mbedtls/mbedtls_2010/ccn_lib/library/timing.c","crypto_codebases/mbedtls/mbedtls_2010/ccn_lib/library/timing.c","set_alarm","set_alarm( int seconds)",195,202
4,1,12,1,4,"m_sleep@204-207@crypto_codebases/mbedtls/mbedtls_2010/ccn_lib/library/timing.c","crypto_codebases/mbedtls/mbedtls_2010/ccn_lib/library/timing.c","m_sleep","m_sleep( int milliseconds)",204,207
15,2,101,2,19,"get_timer@211-229@crypto_codebases/mbedtls/mbedtls_2010/ccn_lib/library/timing.c","crypto_codebases/mbedtls/mbedtls_2010/ccn_lib/library/timing.c","get_timer","get_timer( struct hr_time * val , int reset)",211,229
5,1,18,1,5,"sighandler@231-235@crypto_codebases/mbedtls/mbedtls_2010/ccn_lib/library/timing.c","crypto_codebases/mbedtls/mbedtls_2010/ccn_lib/library/timing.c","sighandler","sighandler( int signum)",231,235
6,1,23,1,6,"set_alarm@237-242@crypto_codebases/mbedtls/mbedtls_2010/ccn_lib/library/timing.c","crypto_codebases/mbedtls/mbedtls_2010/ccn_lib/library/timing.c","set_alarm","set_alarm( int seconds)",237,242
7,1,41,1,9,"m_sleep@244-252@crypto_codebases/mbedtls/mbedtls_2010/ccn_lib/library/timing.c","crypto_codebases/mbedtls/mbedtls_2010/ccn_lib/library/timing.c","m_sleep","m_sleep( int milliseconds)",244,252
9,2,62,1,11,"xtea_setup@56-66@crypto_codebases/mbedtls/mbedtls_2010/ccn_lib/library/xtea.c","crypto_codebases/mbedtls/mbedtls_2010/ccn_lib/library/xtea.c","xtea_setup","xtea_setup( xtea_context * ctx , unsigned char key [ 16 ])",56,66
30,4,288,2,36,"xtea_crypt_ecb@71-106@crypto_codebases/mbedtls/mbedtls_2010/ccn_lib/library/xtea.c","crypto_codebases/mbedtls/mbedtls_2010/ccn_lib/library/xtea.c","xtea_crypt_ecb","xtea_crypt_ecb( xtea_context * ctx , int mode , unsigned char input [ 8 ] , unsigned char output [ 8 ])",71,106
25,7,151,1,33,"xtea_self_test@156-188@crypto_codebases/mbedtls/mbedtls_2010/ccn_lib/library/xtea.c","crypto_codebases/mbedtls/mbedtls_2010/ccn_lib/library/xtea.c","xtea_self_test","xtea_self_test( int verbose)",156,188
24,2,85,1,27,"padlock_supports@44-70@crypto_codebases/mbedtls/mbedtls_2010/ccn_lib/library/padlock.c","crypto_codebases/mbedtls/mbedtls_2010/ccn_lib/library/padlock.c","padlock_supports","padlock_supports( int feature)",44,70
30,1,174,2,35,"padlock_xcryptecb@75-109@crypto_codebases/mbedtls/mbedtls_2010/ccn_lib/library/padlock.c","crypto_codebases/mbedtls/mbedtls_2010/ccn_lib/library/padlock.c","padlock_xcryptecb","padlock_xcryptecb( aes_context * ctx , int mode , unsigned char input [ 16 ] , unsigned char output [ 16 ])",75,109
38,3,241,5,45,"padlock_xcryptcbc@114-158@crypto_codebases/mbedtls/mbedtls_2010/ccn_lib/library/padlock.c","crypto_codebases/mbedtls/mbedtls_2010/ccn_lib/library/padlock.c","padlock_xcryptcbc","padlock_xcryptcbc( aes_context * ctx , int mode , int length , unsigned char iv [ 16 ] , unsigned char * input , unsigned char * output)",114,158
